folio,Suma de numeroPago,Year,Quarter,Month,Day,Suma de montoEsperado,Suma de montoRecibido
9,0,2026,Qtr 1,January,5,"$799,00","$799,00"
9,1,2026,Qtr 1,January,12,"$302,22","$305,00"
9,2,2026,Qtr 1,January,19,"$302,22","$305,00"
9,3,2026,Qtr 1,January,26,"$302,22","$303,00"
9,4,2026,Qtr 1,February,2,"$302,22","$302,22"
9,5,2026,Qtr 1,February,9,"$302,22","$302,22"
9,6,2026,Qtr 1,February,16,"$302,22","$302,22"
9,7,2026,Qtr 1,February,23,"$302,22","$302,22"
9,8,2026,Qtr 1,March,2,"$302,22","$302,22"
9,9,2026,Qtr 1,March,9,"$302,22","$302,22"
9,10,2026,Qtr 1,March,16,"$302,22","$302,22"
9,11,2026,Qtr 1,March,23,"$302,22","$302,22"
9,12,2026,Qtr 1,March,30,"$302,22","$302,22"
9,13,2026,Qtr 2,April,6,"$302,22","$302,22"
9,14,2026,Qtr 2,April,13,"$302,22","$302,22"
9,15,2026,Qtr 2,April,20,"$302,22","$302,22"
9,16,2026,Qtr 2,April,27,"$302,22","$302,22"
9,17,2026,Qtr 2,May,4,"$302,22","$302,22"
9,18,2026,Qtr 2,May,11,"$302,22","$302,26"
14,0,2026,Qtr 1,January,5,"$0,00","$0,00"
14,1,2026,Qtr 1,January,12,"$518,52","$518,52"
14,2,2026,Qtr 1,January,19,"$518,52","$518,52"
14,3,2026,Qtr 1,January,26,"$518,52","$518,52"
14,4,2026,Qtr 1,February,2,"$518,52","$519,00"
14,5,2026,Qtr 1,February,9,"$518,52","$520,00"
14,6,2026,Qtr 1,February,16,"$518,52","$518,52"
14,7,2026,Qtr 1,February,23,"$518,52","$518,52"
14,8,2026,Qtr 1,March,2,"$518,52","$518,52"
14,9,2026,Qtr 1,March,9,"$518,52","$518,52"
14,10,2026,Qtr 1,March,16,"$518,52","$518,52"
14,11,2026,Qtr 1,March,23,"$518,52","$0,00"
14,12,2026,Qtr 1,March,30,"$518,52","$0,00"
14,13,2026,Qtr 2,April,6,"$518,52","$0,00"
14,14,2026,Qtr 2,April,13,"$518,52","$0,00"
14,15,2026,Qtr 2,April,20,"$518,52","$0,00"
14,16,2026,Qtr 2,April,27,"$518,52","$0,00"
14,17,2026,Qtr 2,May,4,"$518,52","$0,00"
14,18,2026,Qtr 2,May,11,"$518,52","$0,00"
14,19,2026,Qtr 2,May,18,"$518,52","$0,00"
14,20,2026,Qtr 2,May,25,"$518,52","$0,00"
14,21,2026,Qtr 2,June,1,"$518,52","$0,00"
17,0,2026,Qtr 1,January,5,"$2499,00","$2499,00"
17,1,2026,Qtr 1,January,12,"$510,00","$510,00"
17,2,2026,Qtr 1,January,19,"$510,00","$0,00"
17,3,2026,Qtr 1,January,26,"$510,00","$0,00"
17,4,2026,Qtr 1,February,2,"$510,00","$0,00"
17,5,2026,Qtr 1,February,9,"$510,00","$0,00"
17,6,2026,Qtr 1,February,16,"$510,00","$0,00"
17,7,2026,Qtr 1,February,23,"$510,00","$0,00"
17,8,2026,Qtr 1,March,2,"$510,00","$0,00"
17,9,2026,Qtr 1,March,9,"$510,00","$0,00"
17,10,2026,Qtr 1,March,16,"$510,00","$0,00"
17,11,2026,Qtr 1,March,23,"$510,00","$0,00"
17,12,2026,Qtr 1,March,30,"$510,00","$0,00"
17,13,2026,Qtr 2,April,6,"$510,00","$0,00"
17,14,2026,Qtr 2,April,13,"$510,00","$0,00"
17,15,2026,Qtr 2,April,20,"$510,00","$0,00"
17,16,2026,Qtr 2,April,27,"$510,00","$0,00"
17,17,2026,Qtr 2,May,4,"$510,00","$0,00"
17,18,2026,Qtr 2,May,11,"$510,00","$0,00"
17,19,2026,Qtr 2,May,18,"$510,00","$0,00"
17,20,2026,Qtr 2,May,25,"$510,00","$0,00"
17,21,2026,Qtr 2,June,1,"$510,00","$0,00"
18,0,2026,Qtr 1,January,5,"$0,00","$0,00"
18,1,2026,Qtr 1,January,12,"$347,87","$347,87"
18,2,2026,Qtr 1,January,19,"$347,87","$347,87"
18,3,2026,Qtr 1,January,26,"$347,87","$347,87"
18,4,2026,Qtr 1,February,2,"$347,87","$347,87"
18,5,2026,Qtr 1,February,9,"$347,87","$347,87"
18,6,2026,Qtr 1,February,16,"$347,87","$347,87"
18,7,2026,Qtr 1,February,23,"$347,87","$347,87"
18,8,2026,Qtr 1,March,2,"$347,87","$347,87"
18,9,2026,Qtr 1,March,9,"$347,87","$347,87"
18,10,2026,Qtr 1,March,16,"$347,87","$347,87"
18,11,2026,Qtr 1,March,23,"$347,87","$347,87"
18,12,2026,Qtr 1,March,30,"$347,87","$347,87"
18,13,2026,Qtr 2,April,6,"$347,87","$347,87"
18,14,2026,Qtr 2,April,13,"$347,87","$347,87"
18,15,2026,Qtr 2,April,20,"$347,87","$0,00"
18,16,2026,Qtr 2,April,27,"$347,87","$0,00"
18,17,2026,Qtr 2,May,4,"$347,87","$0,00"
18,18,2026,Qtr 2,May,11,"$347,87","$0,00"
18,19,2026,Qtr 2,May,18,"$347,87","$0,00"
18,20,2026,Qtr 2,May,25,"$347,87","$0,00"
18,21,2026,Qtr 2,June,1,"$347,87","$0,00"
23,0,2026,Qtr 1,January,6,"$799,00","$799,00"
23,1,2026,Qtr 1,January,13,"$320,00","$321,00"
23,2,2026,Qtr 1,January,20,"$320,00","$320,00"
23,3,2026,Qtr 1,January,27,"$320,00","$320,00"
23,4,2026,Qtr 1,February,3,"$320,00","$320,00"
23,5,2026,Qtr 1,February,10,"$320,00","$0,00"
23,6,2026,Qtr 1,February,17,"$320,00","$0,00"
23,7,2026,Qtr 1,February,24,"$320,00","$0,00"
23,8,2026,Qtr 1,March,3,"$320,00","$0,00"
23,9,2026,Qtr 1,March,10,"$320,00","$0,00"
23,10,2026,Qtr 1,March,17,"$320,00","$0,00"
23,11,2026,Qtr 1,March,24,"$320,00","$0,00"
23,12,2026,Qtr 1,March,31,"$320,00","$0,00"
23,13,2026,Qtr 2,April,7,"$320,00","$0,00"
23,14,2026,Qtr 2,April,14,"$320,00","$0,00"
23,15,2026,Qtr 2,April,21,"$320,00","$0,00"
26,0,2026,Qtr 1,January,5,"$1249,00","$1249,00"
26,1,2026,Qtr 1,January,12,"$275,47","$275,47"
26,2,2026,Qtr 1,January,19,"$275,47","$275,47"
26,3,2026,Qtr 1,January,26,"$275,47","$275,47"
26,4,2026,Qtr 1,February,2,"$275,47","$275,47"
26,5,2026,Qtr 1,February,9,"$275,47","$275,47"
26,6,2026,Qtr 1,February,16,"$275,47","$275,47"
26,7,2026,Qtr 1,February,23,"$275,47","$275,47"
26,8,2026,Qtr 1,March,2,"$275,47","$275,47"
26,9,2026,Qtr 1,March,9,"$275,47","$0,00"
26,10,2026,Qtr 1,March,16,"$275,47","$0,00"
26,11,2026,Qtr 1,March,23,"$275,47","$0,00"
26,12,2026,Qtr 1,March,30,"$275,47","$0,00"
26,13,2026,Qtr 2,April,6,"$275,47","$0,00"
26,14,2026,Qtr 2,April,13,"$275,47","$0,00"
26,15,2026,Qtr 2,April,20,"$275,47","$0,00"
26,16,2026,Qtr 2,April,27,"$275,47","$0,00"
26,17,2026,Qtr 2,May,4,"$275,47","$0,00"
26,18,2026,Qtr 2,May,11,"$275,47","$0,00"
26,19,2026,Qtr 2,May,18,"$275,47","$0,00"
26,20,2026,Qtr 2,May,25,"$275,47","$0,00"
26,21,2026,Qtr 2,June,1,"$275,47","$0,00"
32,0,2026,Qtr 1,January,6,"$0,00","$0,00"
32,1,2026,Qtr 1,January,13,"$217,40","$218,00"
32,2,2026,Qtr 1,January,20,"$217,40","$218,00"
32,3,2026,Qtr 1,January,27,"$217,40","$218,00"
32,4,2026,Qtr 1,February,3,"$217,40","$217,40"
32,5,2026,Qtr 1,February,10,"$217,40","$217,40"
32,6,2026,Qtr 1,February,17,"$217,40","$217,40"
32,7,2026,Qtr 1,February,24,"$217,40","$217,40"
32,8,2026,Qtr 1,March,3,"$217,40","$217,40"
32,9,2026,Qtr 1,March,10,"$217,40","$217,40"
32,10,2026,Qtr 1,March,17,"$217,40","$217,40"
32,11,2026,Qtr 1,March,24,"$217,40","$217,40"
32,12,2026,Qtr 1,March,31,"$217,40","$217,40"
32,13,2026,Qtr 2,April,7,"$217,40","$217,40"
32,14,2026,Qtr 2,April,14,"$217,40","$217,40"
32,15,2026,Qtr 2,April,21,"$217,40","$217,40"
32,16,2026,Qtr 2,April,28,"$217,40","$217,40"
32,17,2026,Qtr 2,May,5,"$217,40","$217,40"
32,18,2026,Qtr 2,May,12,"$217,40","$217,40"
32,19,2026,Qtr 2,May,19,"$217,40","$217,40"
32,20,2026,Qtr 2,May,26,"$217,40","$217,40"
32,21,2026,Qtr 2,June,2,"$217,40","$0,00"
39,0,2026,Qtr 1,January,12,"$0,00","$0,00"
39,1,2026,Qtr 1,January,19,"$428,95","$428,95"
39,2,2026,Qtr 1,January,26,"$428,95","$428,95"
39,3,2026,Qtr 1,February,2,"$428,95","$428,95"
39,4,2026,Qtr 1,February,9,"$428,95","$428,95"
39,5,2026,Qtr 1,February,16,"$428,95","$428,95"
39,6,2026,Qtr 1,February,23,"$428,95","$428,95"
39,7,2026,Qtr 1,March,2,"$428,95","$428,95"
39,8,2026,Qtr 1,March,9,"$428,95","$428,95"
39,9,2026,Qtr 1,March,16,"$428,95","$428,95"
39,10,2026,Qtr 1,March,23,"$428,95","$428,95"
39,11,2026,Qtr 1,March,30,"$428,95","$428,95"
39,12,2026,Qtr 2,April,6,"$428,95","$428,95"
39,13,2026,Qtr 2,April,13,"$428,95","$0,00"
39,14,2026,Qtr 2,April,20,"$428,95","$0,00"
39,15,2026,Qtr 2,April,27,"$428,95","$0,00"
39,16,2026,Qtr 2,May,4,"$428,95","$0,00"
39,17,2026,Qtr 2,May,11,"$428,95","$0,00"
39,18,2026,Qtr 2,May,18,"$428,95","$0,00"
39,19,2026,Qtr 2,May,25,"$428,95","$0,00"
39,20,2026,Qtr 2,June,1,"$428,95","$0,00"
40,0,2026,Qtr 1,January,13,"$1249,00","$1249,00"
40,1,2026,Qtr 1,January,20,"$455,00","$0,00"
40,2,2026,Qtr 1,January,27,"$455,00","$0,00"
40,3,2026,Qtr 1,February,3,"$455,00","$0,00"
40,4,2026,Qtr 1,February,10,"$455,00","$0,00"
40,5,2026,Qtr 1,February,17,"$455,00","$0,00"
40,6,2026,Qtr 1,February,24,"$455,00","$0,00"
40,7,2026,Qtr 1,March,3,"$455,00","$0,00"
40,8,2026,Qtr 1,March,10,"$455,00","$0,00"
40,9,2026,Qtr 1,March,17,"$455,00","$0,00"
40,10,2026,Qtr 1,March,24,"$455,00","$0,00"
40,11,2026,Qtr 1,March,31,"$455,00","$0,00"
40,12,2026,Qtr 2,April,7,"$455,00","$0,00"
40,13,2026,Qtr 2,April,14,"$455,00","$0,00"
40,14,2026,Qtr 2,April,21,"$455,00","$0,00"
40,15,2026,Qtr 2,April,28,"$455,00","$0,00"
41,0,2026,Qtr 1,January,15,"$0,00","$0,00"
41,1,2026,Qtr 1,January,22,"$989,90","$989,90"
41,2,2026,Qtr 1,January,29,"$989,90","$0,00"
41,3,2026,Qtr 1,February,5,"$989,90","$0,00"
41,4,2026,Qtr 1,February,12,"$989,90","$0,00"
41,5,2026,Qtr 1,February,19,"$989,90","$0,00"
41,6,2026,Qtr 1,February,26,"$989,90","$0,00"
41,7,2026,Qtr 1,March,5,"$989,90","$0,00"
41,8,2026,Qtr 1,March,12,"$989,90","$0,00"
41,9,2026,Qtr 1,March,19,"$989,90","$0,00"
41,10,2026,Qtr 1,March,26,"$989,90","$0,00"
41,11,2026,Qtr 2,April,2,"$989,90","$0,00"
41,12,2026,Qtr 2,April,9,"$989,90","$0,00"
41,13,2026,Qtr 2,April,16,"$989,90","$0,00"
41,14,2026,Qtr 2,April,23,"$989,90","$0,00"
41,15,2026,Qtr 2,April,30,"$989,90","$0,00"
42,0,2026,Qtr 1,January,15,"$799,00","$799,00"
42,1,2026,Qtr 1,January,22,"$160,47","$500,00"
42,2,2026,Qtr 1,January,29,"$160,47","$500,00"
42,3,2026,Qtr 1,February,5,"$160,47","$160,47"
42,4,2026,Qtr 1,February,12,"$160,47","$160,50"
42,5,2026,Qtr 1,February,19,"$160,47","$160,48"
42,6,2026,Qtr 1,February,26,"$160,47","$160,50"
42,7,2026,Qtr 1,March,5,"$160,47","$160,50"
42,8,2026,Qtr 1,March,12,"$160,47","$160,50"
42,9,2026,Qtr 1,March,19,"$160,47","$160,50"
42,10,2026,Qtr 1,March,26,"$160,47","$320,94"
42,11,2026,Qtr 2,April,2,"$160,47","$160,47"
42,12,2026,Qtr 2,April,9,"$160,47","$160,47"
42,13,2026,Qtr 2,April,16,"$160,47","$160,47"
42,14,2026,Qtr 2,April,23,"$160,47","$160,50"
42,15,2026,Qtr 2,April,30,"$160,47","$160,47"
42,16,2026,Qtr 2,May,7,"$160,47","$160,47"
42,17,2026,Qtr 2,May,14,"$160,47","$160,47"
42,18,2026,Qtr 2,May,21,"$160,47","$160,47"
42,19,2026,Qtr 2,May,28,"$160,47","$160,47"
43,0,2026,Qtr 1,January,17,"$799,00","$799,00"
43,1,2026,Qtr 1,January,24,"$171,16","$171,16"
43,2,2026,Qtr 1,January,31,"$171,16","$171,16"
43,3,2026,Qtr 1,February,7,"$171,16","$171,16"
43,4,2026,Qtr 1,February,14,"$171,16","$171,16"
43,5,2026,Qtr 1,February,21,"$171,16","$171,16"
43,6,2026,Qtr 1,February,28,"$171,16","$171,16"
43,7,2026,Qtr 1,March,7,"$171,16","$171,16"
43,8,2026,Qtr 1,March,14,"$171,16","$171,16"
43,9,2026,Qtr 1,March,21,"$171,16","$171,16"
43,10,2026,Qtr 1,March,28,"$171,16","$0,00"
43,11,2026,Qtr 2,April,4,"$171,16","$0,00"
43,12,2026,Qtr 2,April,11,"$171,16","$0,00"
43,13,2026,Qtr 2,April,18,"$171,16","$0,00"
43,14,2026,Qtr 2,April,25,"$171,16","$0,00"
43,15,2026,Qtr 2,May,2,"$171,16","$0,00"
43,16,2026,Qtr 2,May,9,"$171,16","$0,00"
43,17,2026,Qtr 2,May,16,"$171,16","$0,00"
43,18,2026,Qtr 2,May,23,"$171,16","$0,00"
43,19,2026,Qtr 2,May,30,"$171,16","$0,00"
46,0,2026,Qtr 1,January,20,"$799,00","$799,00"
46,1,2026,Qtr 1,January,27,"$192,00","$192,00"
46,2,2026,Qtr 1,February,3,"$192,00","$192,00"
46,3,2026,Qtr 1,February,10,"$192,00","$192,00"
46,4,2026,Qtr 1,February,17,"$192,00","$192,00"
46,5,2026,Qtr 1,February,24,"$192,00","$192,00"
46,6,2026,Qtr 1,March,3,"$192,00","$192,00"
46,7,2026,Qtr 1,March,10,"$192,00","$192,00"
46,8,2026,Qtr 1,March,17,"$192,00","$192,00"
46,9,2026,Qtr 1,March,24,"$192,00","$192,00"
46,10,2026,Qtr 1,March,31,"$192,00","$192,00"
46,11,2026,Qtr 2,April,7,"$192,00","$192,00"
46,12,2026,Qtr 2,April,14,"$192,00","$192,00"
46,13,2026,Qtr 2,April,21,"$192,00","$192,00"
46,14,2026,Qtr 2,April,28,"$192,00","$192,00"
46,15,2026,Qtr 2,May,5,"$192,00","$192,00"
46,16,2026,Qtr 2,May,12,"$192,00","$0,00"
46,17,2026,Qtr 2,May,19,"$192,00","$0,00"
46,18,2026,Qtr 2,May,26,"$192,00","$0,00"
46,19,2026,Qtr 2,June,2,"$192,00","$0,00"
48,0,2025,Qtr 3,August,6,"$799,00","$799,00"
48,1,2025,Qtr 3,August,13,"$219,00","$219,00"
48,2,2025,Qtr 3,August,20,"$219,00","$219,00"
48,3,2025,Qtr 3,August,27,"$219,00","$219,00"
48,4,2025,Qtr 3,September,3,"$219,00","$219,00"
48,5,2025,Qtr 3,September,10,"$219,00","$219,00"
48,6,2025,Qtr 3,September,17,"$219,00","$219,00"
48,7,2025,Qtr 3,September,24,"$219,00","$219,00"
48,8,2025,Qtr 4,October,1,"$219,00","$219,00"
48,9,2025,Qtr 4,October,8,"$219,00","$219,00"
48,10,2025,Qtr 4,October,15,"$219,00","$219,00"
48,11,2025,Qtr 4,October,22,"$219,00","$219,00"
48,12,2025,Qtr 4,October,29,"$219,00","$219,00"
48,13,2025,Qtr 4,November,5,"$219,00","$219,00"
48,14,2025,Qtr 4,November,12,"$219,00","$219,00"
48,15,2025,Qtr 4,November,19,"$219,00","$219,00"
48,16,2025,Qtr 4,November,26,"$219,00","$219,00"
48,17,2025,Qtr 4,December,3,"$219,00","$219,00"
48,18,2025,Qtr 4,December,10,"$219,00","$219,00"
48,19,2025,Qtr 4,December,17,"$219,00","$219,00"
48,20,2025,Qtr 4,December,24,"$219,00","$219,00"
48,21,2025,Qtr 4,December,31,"$219,00","$219,00"
48,22,2026,Qtr 1,January,7,"$219,00","$219,00"
48,23,2026,Qtr 1,January,14,"$219,00","$219,00"
48,24,2026,Qtr 1,January,21,"$219,00","$219,00"
48,25,2026,Qtr 1,January,28,"$219,00","$0,00"
48,26,2026,Qtr 1,February,4,"$219,00","$0,00"
59,0,2026,Qtr 1,January,24,"$999,00","$999,00"
59,1,2026,Qtr 1,January,31,"$230,00","$230,00"
59,2,2026,Qtr 1,February,7,"$230,00","$460,00"
59,3,2026,Qtr 1,February,14,"$230,00","$230,00"
59,4,2026,Qtr 1,February,21,"$230,00","$230,00"
59,5,2026,Qtr 1,February,28,"$230,00","$230,00"
59,6,2026,Qtr 1,March,7,"$230,00","$230,00"
59,7,2026,Qtr 1,March,14,"$230,00","$0,00"
59,8,2026,Qtr 1,March,21,"$230,00","$0,00"
59,9,2026,Qtr 1,March,28,"$230,00","$0,00"
59,10,2026,Qtr 2,April,4,"$230,00","$0,00"
59,11,2026,Qtr 2,April,11,"$230,00","$0,00"
59,12,2026,Qtr 2,April,18,"$230,00","$0,00"
59,13,2026,Qtr 2,April,25,"$230,00","$0,00"
59,14,2026,Qtr 2,May,2,"$230,00","$0,00"
59,15,2026,Qtr 2,May,9,"$230,00","$0,00"
59,16,2026,Qtr 2,May,16,"$230,00","$0,00"
59,17,2026,Qtr 2,May,23,"$230,00","$0,00"
59,18,2026,Qtr 2,May,30,"$230,00","$0,00"
61,0,2026,Qtr 1,January,24,"$1249,00","$1249,00"
61,1,2026,Qtr 1,January,31,"$455,00","$455,00"
61,2,2026,Qtr 1,February,7,"$455,00","$455,00"
61,3,2026,Qtr 1,February,14,"$455,00","$455,00"
61,4,2026,Qtr 1,February,21,"$455,00","$455,00"
61,5,2026,Qtr 1,February,28,"$455,00","$455,00"
61,6,2026,Qtr 1,March,7,"$455,00","$455,00"
61,7,2026,Qtr 1,March,14,"$455,00","$455,00"
61,8,2026,Qtr 1,March,21,"$455,00","$455,00"
61,9,2026,Qtr 1,March,28,"$455,00","$455,00"
61,10,2026,Qtr 2,April,4,"$455,00","$455,00"
61,11,2026,Qtr 2,April,11,"$455,00","$455,00"
61,12,2026,Qtr 2,April,18,"$455,00","$500,00"
61,13,2026,Qtr 2,April,25,"$455,00","$455,00"
61,14,2026,Qtr 2,May,2,"$455,00","$455,00"
61,15,2026,Qtr 2,May,9,"$455,00","$455,00"
64,0,2025,Qtr 4,December,28,"$0,00","$0,00"
64,1,2026,Qtr 1,January,4,"$347,87","$347,87"
64,2,2026,Qtr 1,January,11,"$347,87","$347,87"
64,3,2026,Qtr 1,January,18,"$347,87","$347,87"
64,4,2026,Qtr 1,January,25,"$347,87","$0,00"
64,5,2026,Qtr 1,February,1,"$347,87","$0,00"
64,6,2026,Qtr 1,February,8,"$347,87","$0,00"
64,7,2026,Qtr 1,February,15,"$347,87","$0,00"
64,8,2026,Qtr 1,February,22,"$347,87","$0,00"
64,9,2026,Qtr 1,March,1,"$347,87","$0,00"
64,10,2026,Qtr 1,March,8,"$347,87","$0,00"
64,11,2026,Qtr 1,March,15,"$347,87","$0,00"
64,12,2026,Qtr 1,March,22,"$347,87","$0,00"
64,13,2026,Qtr 1,March,29,"$347,87","$0,00"
64,14,2026,Qtr 2,April,5,"$347,87","$0,00"
64,15,2026,Qtr 2,April,12,"$347,87","$0,00"
64,16,2026,Qtr 2,April,19,"$347,87","$0,00"
64,17,2026,Qtr 2,April,26,"$347,87","$0,00"
64,18,2026,Qtr 2,May,3,"$347,87","$0,00"
64,19,2026,Qtr 2,May,10,"$347,87","$0,00"
64,20,2026,Qtr 2,May,17,"$347,87","$0,00"
64,21,2026,Qtr 2,May,24,"$347,87","$0,00"
64,22,2026,Qtr 2,May,31,"$347,87","$0,00"
66,0,2025,Qtr 4,December,28,"$799,00","$799,00"
66,1,2026,Qtr 1,January,4,"$302,22","$302,22"
66,2,2026,Qtr 1,January,11,"$302,22","$302,22"
66,3,2026,Qtr 1,January,18,"$302,22","$302,22"
66,4,2026,Qtr 1,January,25,"$302,22","$0,00"
66,5,2026,Qtr 1,February,1,"$302,22","$0,00"
66,6,2026,Qtr 1,February,8,"$302,22","$0,00"
66,7,2026,Qtr 1,February,15,"$302,22","$0,00"
66,8,2026,Qtr 1,February,22,"$302,22","$0,00"
66,9,2026,Qtr 1,March,1,"$302,22","$0,00"
66,10,2026,Qtr 1,March,8,"$302,22","$0,00"
66,11,2026,Qtr 1,March,15,"$302,22","$0,00"
66,12,2026,Qtr 1,March,22,"$302,22","$0,00"
66,13,2026,Qtr 1,March,29,"$302,22","$0,00"
66,14,2026,Qtr 2,April,5,"$302,22","$0,00"
66,15,2026,Qtr 2,April,12,"$302,22","$0,00"
66,16,2026,Qtr 2,April,19,"$302,22","$0,00"
66,17,2026,Qtr 2,April,26,"$302,22","$0,00"
66,18,2026,Qtr 2,May,3,"$302,22","$0,00"
69,0,2025,Qtr 4,December,4,"$624,00","$624,00"
69,1,2025,Qtr 4,December,11,"$204,59","$204,59"
69,2,2025,Qtr 4,December,18,"$204,59","$204,59"
69,3,2025,Qtr 4,December,25,"$204,59","$204,59"
69,4,2026,Qtr 1,January,1,"$204,59","$204,59"
69,5,2026,Qtr 1,January,8,"$204,59","$204,59"
69,6,2026,Qtr 1,January,15,"$204,59","$204,59"
69,7,2026,Qtr 1,January,22,"$204,59","$204,59"
69,8,2026,Qtr 1,January,29,"$204,59","$0,00"
69,9,2026,Qtr 1,February,5,"$204,59","$0,00"
69,10,2026,Qtr 1,February,12,"$204,59","$0,00"
69,11,2026,Qtr 1,February,19,"$204,59","$0,00"
69,12,2026,Qtr 1,February,26,"$204,59","$0,00"
69,13,2026,Qtr 1,March,5,"$204,59","$0,00"
69,14,2026,Qtr 1,March,12,"$204,59","$0,00"
69,15,2026,Qtr 1,March,19,"$204,59","$0,00"
69,16,2026,Qtr 1,March,26,"$204,59","$0,00"
69,17,2026,Qtr 2,April,2,"$204,59","$0,00"
69,18,2026,Qtr 2,April,9,"$204,59","$0,00"
69,19,2026,Qtr 2,April,16,"$204,59","$0,00"
69,20,2026,Qtr 2,April,23,"$204,59","$0,00"
69,21,2026,Qtr 2,April,30,"$204,59","$0,00"
69,22,2026,Qtr 2,May,7,"$204,59","$0,00"
69,23,2026,Qtr 2,May,14,"$204,59","$0,00"
69,24,2026,Qtr 2,May,21,"$204,59","$0,00"
69,25,2026,Qtr 2,May,28,"$204,59","$0,00"
71,0,2025,Qtr 4,December,14,"$0,00","$0,00"
71,1,2025,Qtr 4,December,21,"$676,86","$676,86"
71,2,2025,Qtr 4,December,28,"$676,86","$676,86"
71,3,2026,Qtr 1,January,4,"$676,86","$676,86"
71,4,2026,Qtr 1,January,11,"$676,86","$676,86"
71,5,2026,Qtr 1,January,18,"$676,86","$676,86"
71,6,2026,Qtr 1,January,25,"$676,86","$676,86"
71,7,2026,Qtr 1,February,1,"$676,86","$0,00"
71,8,2026,Qtr 1,February,8,"$676,86","$0,00"
71,9,2026,Qtr 1,February,15,"$676,86","$0,00"
71,10,2026,Qtr 1,February,22,"$676,86","$0,00"
71,11,2026,Qtr 1,March,1,"$676,86","$0,00"
71,12,2026,Qtr 1,March,8,"$676,86","$0,00"
71,13,2026,Qtr 1,March,15,"$676,86","$0,00"
71,14,2026,Qtr 1,March,22,"$676,86","$0,00"
71,15,2026,Qtr 1,March,29,"$676,86","$0,00"
71,16,2026,Qtr 2,April,5,"$676,86","$0,00"
71,17,2026,Qtr 2,April,12,"$676,86","$0,00"
71,18,2026,Qtr 2,April,19,"$676,86","$0,00"
71,19,2026,Qtr 2,April,26,"$676,86","$0,00"
71,20,2026,Qtr 2,May,3,"$676,86","$0,00"
71,21,2026,Qtr 2,May,10,"$676,86","$0,00"
71,22,2026,Qtr 2,May,17,"$676,86","$0,00"
71,23,2026,Qtr 2,May,24,"$676,86","$0,00"
71,24,2026,Qtr 2,May,31,"$676,86","$0,00"
72,0,2025,Qtr 4,December,2,"$1249,00","$1249,00"
72,1,2025,Qtr 4,December,9,"$255,00","$255,00"
72,2,2025,Qtr 4,December,16,"$255,00","$255,00"
72,3,2025,Qtr 4,December,23,"$255,00","$255,00"
72,4,2025,Qtr 4,December,30,"$255,00","$255,00"
72,5,2026,Qtr 1,January,6,"$255,00","$255,00"
72,6,2026,Qtr 1,January,13,"$255,00","$255,00"
72,7,2026,Qtr 1,January,20,"$255,00","$255,00"
72,8,2026,Qtr 1,January,27,"$255,00","$0,00"
72,9,2026,Qtr 1,February,3,"$255,00","$0,00"
72,10,2026,Qtr 1,February,10,"$255,00","$0,00"
72,11,2026,Qtr 1,February,17,"$255,00","$0,00"
72,12,2026,Qtr 1,February,24,"$255,00","$0,00"
72,13,2026,Qtr 1,March,3,"$255,00","$0,00"
72,14,2026,Qtr 1,March,10,"$255,00","$0,00"
72,15,2026,Qtr 1,March,17,"$255,00","$0,00"
72,16,2026,Qtr 1,March,24,"$255,00","$0,00"
72,17,2026,Qtr 1,March,31,"$255,00","$0,00"
72,18,2026,Qtr 2,April,7,"$255,00","$0,00"
72,19,2026,Qtr 2,April,14,"$255,00","$0,00"
72,20,2026,Qtr 2,April,21,"$255,00","$0,00"
72,21,2026,Qtr 2,April,28,"$255,00","$0,00"
72,22,2026,Qtr 2,May,5,"$255,00","$0,00"
72,23,2026,Qtr 2,May,12,"$255,00","$0,00"
72,24,2026,Qtr 2,May,19,"$255,00","$0,00"
72,25,2026,Qtr 2,May,26,"$255,00","$0,00"
72,26,2026,Qtr 2,June,2,"$255,00","$0,00"
74,0,2025,Qtr 4,December,4,"$799,00","$799,00"
74,1,2025,Qtr 4,December,11,"$233,85","$233,85"
74,2,2025,Qtr 4,December,18,"$233,85","$233,85"
74,3,2025,Qtr 4,December,25,"$233,85","$233,85"
74,4,2026,Qtr 1,January,1,"$233,85","$233,85"
74,5,2026,Qtr 1,January,8,"$233,85","$233,85"
74,6,2026,Qtr 1,January,15,"$233,85","$233,85"
74,7,2026,Qtr 1,January,22,"$233,85","$0,00"
74,8,2026,Qtr 1,January,29,"$233,85","$0,00"
74,9,2026,Qtr 1,February,5,"$233,85","$0,00"
74,10,2026,Qtr 1,February,12,"$233,85","$0,00"
74,11,2026,Qtr 1,February,19,"$233,85","$0,00"
74,12,2026,Qtr 1,February,26,"$233,85","$0,00"
74,13,2026,Qtr 1,March,5,"$233,85","$0,00"
74,14,2026,Qtr 1,March,12,"$233,85","$0,00"
74,15,2026,Qtr 1,March,19,"$233,85","$0,00"
74,16,2026,Qtr 1,March,26,"$233,85","$0,00"
74,17,2026,Qtr 2,April,2,"$233,85","$0,00"
74,18,2026,Qtr 2,April,9,"$233,85","$0,00"
74,19,2026,Qtr 2,April,16,"$233,85","$0,00"
74,20,2026,Qtr 2,April,23,"$233,85","$0,00"
74,21,2026,Qtr 2,April,30,"$233,85","$0,00"
74,22,2026,Qtr 2,May,7,"$233,85","$0,00"
74,23,2026,Qtr 2,May,14,"$233,85","$0,00"
74,24,2026,Qtr 2,May,21,"$233,85","$0,00"
74,25,2026,Qtr 2,May,28,"$233,85","$0,00"
76,0,2025,Qtr 4,December,11,"$600,00","$600,00"
76,1,2025,Qtr 4,December,18,"$380,00","$380,00"
76,2,2025,Qtr 4,December,25,"$380,00","$380,00"
76,3,2026,Qtr 1,January,1,"$380,00","$380,00"
76,4,2026,Qtr 1,January,8,"$380,00","$380,00"
76,5,2026,Qtr 1,January,15,"$380,00","$380,00"
76,6,2026,Qtr 1,January,22,"$380,00","$0,00"
76,7,2026,Qtr 1,January,29,"$380,00","$0,00"
76,8,2026,Qtr 1,February,5,"$380,00","$0,00"
76,9,2026,Qtr 1,February,12,"$380,00","$0,00"
76,10,2026,Qtr 1,February,19,"$380,00","$0,00"
77,0,2025,Qtr 4,December,2,"$799,00","$799,00"
77,1,2025,Qtr 4,December,9,"$233,85","$233,85"
77,2,2025,Qtr 4,December,16,"$233,85","$233,85"
77,3,2025,Qtr 4,December,23,"$233,85","$233,85"
77,4,2025,Qtr 4,December,30,"$233,85","$233,85"
77,5,2026,Qtr 1,January,6,"$233,85","$233,85"
77,6,2026,Qtr 1,January,13,"$233,85","$233,85"
77,7,2026,Qtr 1,January,20,"$233,85","$0,00"
77,8,2026,Qtr 1,January,27,"$233,85","$0,00"
77,9,2026,Qtr 1,February,3,"$233,85","$0,00"
77,10,2026,Qtr 1,February,10,"$233,85","$0,00"
77,11,2026,Qtr 1,February,17,"$233,85","$0,00"
77,12,2026,Qtr 1,February,24,"$233,85","$0,00"
77,13,2026,Qtr 1,March,3,"$233,85","$0,00"
77,14,2026,Qtr 1,March,10,"$233,85","$0,00"
77,15,2026,Qtr 1,March,17,"$233,85","$0,00"
77,16,2026,Qtr 1,March,24,"$233,85","$0,00"
77,17,2026,Qtr 1,March,31,"$233,85","$0,00"
77,18,2026,Qtr 2,April,7,"$233,85","$0,00"
77,19,2026,Qtr 2,April,14,"$233,85","$0,00"
77,20,2026,Qtr 2,April,21,"$233,85","$0,00"
77,21,2026,Qtr 2,April,28,"$233,85","$0,00"
77,22,2026,Qtr 2,May,5,"$233,85","$0,00"
77,23,2026,Qtr 2,May,12,"$233,85","$0,00"
77,24,2026,Qtr 2,May,19,"$233,85","$0,00"
77,25,2026,Qtr 2,May,26,"$233,85","$0,00"
77,26,2026,Qtr 2,June,2,"$233,85","$0,00"
80,0,2025,Qtr 4,November,17,"$550,00","$549,90"
80,1,2025,Qtr 4,November,24,"$361,67","$361,67"
80,2,2025,Qtr 4,December,1,"$361,67","$361,67"
80,3,2025,Qtr 4,December,8,"$361,67","$361,67"
80,4,2025,Qtr 4,December,15,"$361,67","$361,67"
80,5,2025,Qtr 4,December,22,"$361,67","$361,67"
80,6,2025,Qtr 4,December,29,"$361,67","$361,67"
80,7,2026,Qtr 1,January,5,"$361,67","$361,67"
80,8,2026,Qtr 1,January,12,"$361,67","$361,67"
80,9,2026,Qtr 1,January,19,"$361,67","$361,67"
80,10,2026,Qtr 1,January,26,"$361,67","$0,00"
80,11,2026,Qtr 1,February,2,"$361,67","$0,00"
80,12,2026,Qtr 1,February,9,"$361,67","$0,00"
80,13,2026,Qtr 1,February,16,"$361,67","$0,00"
80,14,2026,Qtr 1,February,23,"$361,67","$0,00"
80,15,2026,Qtr 1,March,2,"$361,67","$0,00"
80,16,2026,Qtr 1,March,9,"$361,67","$0,00"
80,17,2026,Qtr 1,March,16,"$361,67","$0,00"
80,18,2026,Qtr 1,March,23,"$361,67","$0,00"
80,19,2026,Qtr 1,March,30,"$361,67","$0,00"
80,20,2026,Qtr 2,April,6,"$361,67","$0,00"
80,21,2026,Qtr 2,April,13,"$361,67","$0,00"
80,22,2026,Qtr 2,April,20,"$361,67","$0,00"
80,23,2026,Qtr 2,April,27,"$361,67","$0,00"
80,24,2026,Qtr 2,May,4,"$361,67","$0,00"
80,25,2026,Qtr 2,May,11,"$361,67","$0,00"
80,26,2026,Qtr 2,May,18,"$361,67","$0,00"
81,0,2025,Qtr 4,November,20,"$0,00","$0,00"
81,1,2025,Qtr 4,November,27,"$559,94","$559,94"
81,2,2025,Qtr 4,December,4,"$559,94","$559,94"
81,3,2025,Qtr 4,December,11,"$559,94","$559,94"
81,4,2025,Qtr 4,December,18,"$559,94","$559,94"
81,5,2025,Qtr 4,December,25,"$559,94","$559,94"
81,6,2026,Qtr 1,January,1,"$559,94","$559,94"
81,7,2026,Qtr 1,January,8,"$559,94","$559,94"
81,8,2026,Qtr 1,January,15,"$559,94","$559,94"
81,9,2026,Qtr 1,January,22,"$559,94","$0,00"
81,10,2026,Qtr 1,January,29,"$559,94","$0,00"
81,11,2026,Qtr 1,February,5,"$559,94","$0,00"
81,12,2026,Qtr 1,February,12,"$559,94","$0,00"
81,13,2026,Qtr 1,February,19,"$559,94","$0,00"
81,14,2026,Qtr 1,February,26,"$559,94","$0,00"
81,15,2026,Qtr 1,March,5,"$559,94","$0,00"
81,16,2026,Qtr 1,March,12,"$559,94","$0,00"
81,17,2026,Qtr 1,March,19,"$559,94","$0,00"
81,18,2026,Qtr 1,March,26,"$559,94","$0,00"
81,19,2026,Qtr 2,April,2,"$559,94","$0,00"
81,20,2026,Qtr 2,April,9,"$559,94","$0,00"
81,21,2026,Qtr 2,April,16,"$559,94","$0,00"
81,22,2026,Qtr 2,April,23,"$559,94","$0,00"
81,23,2026,Qtr 2,April,30,"$559,94","$0,00"
81,24,2026,Qtr 2,May,7,"$559,94","$0,00"
81,25,2026,Qtr 2,May,14,"$559,94","$0,00"
81,26,2026,Qtr 2,May,21,"$559,94","$0,00"
89,0,2025,Qtr 4,October,12,"$799,00","$799,00"
89,1,2025,Qtr 4,October,19,"$160,47","$160,47"
89,2,2025,Qtr 4,October,26,"$160,47","$160,47"
89,3,2025,Qtr 4,November,2,"$160,47","$160,47"
89,4,2025,Qtr 4,November,9,"$160,47","$160,47"
89,5,2025,Qtr 4,November,16,"$160,47","$160,47"
89,6,2025,Qtr 4,November,23,"$160,47","$160,47"
89,7,2025,Qtr 4,November,30,"$160,47","$160,47"
89,8,2025,Qtr 4,December,7,"$160,47","$160,47"
89,9,2025,Qtr 4,December,14,"$160,47","$160,47"
89,10,2025,Qtr 4,December,21,"$160,47","$160,47"
89,11,2025,Qtr 4,December,28,"$160,47","$160,47"
89,12,2026,Qtr 1,January,4,"$160,47","$160,47"
89,13,2026,Qtr 1,January,11,"$160,47","$160,47"
89,14,2026,Qtr 1,January,18,"$160,47","$160,47"
89,15,2026,Qtr 1,January,25,"$160,47","$0,00"
89,16,2026,Qtr 1,February,1,"$160,47","$0,00"
89,17,2026,Qtr 1,February,8,"$160,47","$0,00"
89,18,2026,Qtr 1,February,15,"$160,47","$0,00"
89,19,2026,Qtr 1,February,22,"$160,47","$0,00"
89,20,2026,Qtr 1,March,1,"$160,47","$0,00"
89,21,2026,Qtr 1,March,8,"$160,47","$0,00"
89,22,2026,Qtr 1,March,15,"$160,47","$0,00"
89,23,2026,Qtr 1,March,22,"$160,47","$0,00"
89,24,2026,Qtr 1,March,29,"$160,47","$0,00"
89,25,2026,Qtr 2,April,5,"$160,47","$0,00"
89,26,2026,Qtr 2,April,12,"$160,47","$0,00"
89,27,2026,Qtr 2,April,19,"$160,47","$0,00"
89,28,2026,Qtr 2,April,26,"$160,47","$0,00"
89,29,2026,Qtr 2,May,3,"$160,47","$0,00"
89,30,2026,Qtr 2,May,10,"$160,47","$0,00"
89,31,2026,Qtr 2,May,17,"$160,47","$0,00"
89,32,2026,Qtr 2,May,24,"$160,47","$0,00"
89,33,2026,Qtr 2,May,31,"$160,47","$0,00"
90,0,2025,Qtr 4,October,11,"$799,00","$799,00"
90,1,2025,Qtr 4,October,18,"$320,00","$320,00"
90,2,2025,Qtr 4,October,25,"$320,00","$320,00"
90,3,2025,Qtr 4,November,1,"$320,00","$320,00"
90,4,2025,Qtr 4,November,8,"$320,00","$320,00"
90,5,2025,Qtr 4,November,15,"$320,00","$320,00"
90,6,2025,Qtr 4,November,22,"$320,00","$320,00"
90,7,2025,Qtr 4,November,29,"$320,00","$320,00"
90,8,2025,Qtr 4,December,6,"$320,00","$320,00"
90,9,2025,Qtr 4,December,13,"$320,00","$320,00"
90,10,2025,Qtr 4,December,20,"$320,00","$320,00"
90,11,2025,Qtr 4,December,27,"$320,00","$320,00"
90,12,2026,Qtr 1,January,3,"$320,00","$320,00"
90,13,2026,Qtr 1,January,10,"$320,00","$320,00"
90,14,2026,Qtr 1,January,17,"$320,00","$320,00"
90,15,2026,Qtr 1,January,24,"$320,00","$320,00"
91,0,2025,Qtr 4,October,10,"$999,00","$999,00"
91,1,2025,Qtr 4,October,17,"$258,00","$258,00"
91,2,2025,Qtr 4,October,24,"$258,00","$258,00"
91,3,2025,Qtr 4,October,31,"$258,00","$258,00"
91,4,2025,Qtr 4,November,7,"$258,00","$258,00"
91,5,2025,Qtr 4,November,14,"$258,00","$258,00"
91,6,2025,Qtr 4,November,21,"$258,00","$258,00"
91,7,2025,Qtr 4,November,28,"$258,00","$258,00"
91,8,2025,Qtr 4,December,5,"$258,00","$258,00"
91,9,2025,Qtr 4,December,12,"$258,00","$258,00"
91,10,2025,Qtr 4,December,19,"$258,00","$258,00"
91,11,2025,Qtr 4,December,26,"$258,00","$258,00"
91,12,2026,Qtr 1,January,2,"$258,00","$258,00"
91,13,2026,Qtr 1,January,9,"$258,00","$258,00"
91,14,2026,Qtr 1,January,16,"$258,00","$258,00"
91,15,2026,Qtr 1,January,23,"$258,00","$0,00"
91,16,2026,Qtr 1,January,30,"$258,00","$0,00"
91,17,2026,Qtr 1,February,6,"$258,00","$0,00"
91,18,2026,Qtr 1,February,13,"$258,00","$0,00"
91,19,2026,Qtr 1,February,20,"$258,00","$0,00"
91,20,2026,Qtr 1,February,27,"$258,00","$0,00"
91,21,2026,Qtr 1,March,6,"$258,00","$0,00"
91,22,2026,Qtr 1,March,13,"$258,00","$0,00"
91,23,2026,Qtr 1,March,20,"$258,00","$0,00"
91,24,2026,Qtr 1,March,27,"$258,00","$0,00"
91,25,2026,Qtr 2,April,3,"$258,00","$0,00"
91,26,2026,Qtr 2,April,10,"$258,00","$0,00"
91,27,2026,Qtr 2,April,17,"$258,00","$0,00"
91,28,2026,Qtr 2,April,24,"$258,00","$0,00"
91,29,2026,Qtr 2,May,1,"$258,00","$0,00"
91,30,2026,Qtr 2,May,8,"$258,00","$0,00"
91,31,2026,Qtr 2,May,15,"$258,00","$0,00"
91,32,2026,Qtr 2,May,22,"$258,00","$0,00"
91,33,2026,Qtr 2,May,29,"$258,00","$0,00"
93,0,2025,Qtr 4,October,18,"$1249,00","$1249,00"
93,1,2025,Qtr 4,October,25,"$221,98","$221,98"
93,2,2025,Qtr 4,November,1,"$221,98","$221,98"
93,3,2025,Qtr 4,November,8,"$221,98","$221,98"
93,4,2025,Qtr 4,November,15,"$221,98","$221,98"
93,5,2025,Qtr 4,November,22,"$221,98","$221,98"
93,6,2025,Qtr 4,November,29,"$221,98","$221,98"
93,7,2025,Qtr 4,December,6,"$221,98","$221,98"
93,8,2025,Qtr 4,December,13,"$221,98","$221,98"
93,9,2025,Qtr 4,December,20,"$221,98","$221,98"
93,10,2025,Qtr 4,December,27,"$221,98","$221,98"
93,11,2026,Qtr 1,January,3,"$221,98","$221,98"
93,12,2026,Qtr 1,January,10,"$221,98","$221,98"
93,13,2026,Qtr 1,January,17,"$221,98","$221,98"
93,14,2026,Qtr 1,January,24,"$221,98","$0,00"
93,15,2026,Qtr 1,January,31,"$221,98","$0,00"
93,16,2026,Qtr 1,February,7,"$221,98","$0,00"
93,17,2026,Qtr 1,February,14,"$221,98","$0,00"
93,18,2026,Qtr 1,February,21,"$221,98","$0,00"
93,19,2026,Qtr 1,February,28,"$221,98","$0,00"
93,20,2026,Qtr 1,March,7,"$221,98","$0,00"
93,21,2026,Qtr 1,March,14,"$221,98","$0,00"
93,22,2026,Qtr 1,March,21,"$221,98","$0,00"
93,23,2026,Qtr 1,March,28,"$221,98","$0,00"
93,24,2026,Qtr 2,April,4,"$221,98","$0,00"
93,25,2026,Qtr 2,April,11,"$221,98","$0,00"
93,26,2026,Qtr 2,April,18,"$221,98","$0,00"
93,27,2026,Qtr 2,April,25,"$221,98","$0,00"
93,28,2026,Qtr 2,May,2,"$221,98","$0,00"
93,29,2026,Qtr 2,May,9,"$221,98","$0,00"
93,30,2026,Qtr 2,May,16,"$221,98","$0,00"
93,31,2026,Qtr 2,May,23,"$221,98","$0,00"
93,32,2026,Qtr 2,May,30,"$221,98","$0,00"
96,0,2025,Qtr 4,November,1,"$799,00","$799,00"
96,1,2025,Qtr 4,November,8,"$219,23","$219,23"
96,2,2025,Qtr 4,November,15,"$219,23","$219,23"
96,3,2025,Qtr 4,November,22,"$219,23","$219,23"
96,4,2025,Qtr 4,November,29,"$219,23","$219,23"
96,5,2025,Qtr 4,December,6,"$219,23","$219,23"
96,6,2025,Qtr 4,December,13,"$219,23","$219,23"
96,7,2025,Qtr 4,December,20,"$219,23","$219,23"
96,8,2025,Qtr 4,December,27,"$219,23","$219,23"
96,9,2026,Qtr 1,January,3,"$219,23","$219,23"
96,10,2026,Qtr 1,January,10,"$219,23","$219,23"
96,11,2026,Qtr 1,January,17,"$219,23","$219,23"
96,12,2026,Qtr 1,January,24,"$219,23","$0,00"
96,13,2026,Qtr 1,January,31,"$219,23","$0,00"
96,14,2026,Qtr 1,February,7,"$219,23","$0,00"
96,15,2026,Qtr 1,February,14,"$219,23","$0,00"
96,16,2026,Qtr 1,February,21,"$219,23","$0,00"
96,17,2026,Qtr 1,February,28,"$219,23","$0,00"
96,18,2026,Qtr 1,March,7,"$219,23","$0,00"
96,19,2026,Qtr 1,March,14,"$219,23","$0,00"
96,20,2026,Qtr 1,March,21,"$219,23","$0,00"
96,21,2026,Qtr 1,March,28,"$219,23","$0,00"
96,22,2026,Qtr 2,April,4,"$219,23","$0,00"
96,23,2026,Qtr 2,April,11,"$219,23","$0,00"
96,24,2026,Qtr 2,April,18,"$219,23","$0,00"
96,25,2026,Qtr 2,April,25,"$219,23","$0,00"
96,26,2026,Qtr 2,May,2,"$219,23","$0,00"
97,0,2025,Qtr 4,October,15,"$200,00","$200,00"
97,1,2025,Qtr 4,October,22,"$168,33","$168,33"
97,2,2025,Qtr 4,October,29,"$168,33","$168,33"
97,3,2025,Qtr 4,November,5,"$168,33","$168,33"
97,4,2025,Qtr 4,November,12,"$168,33","$168,33"
97,5,2025,Qtr 4,November,19,"$168,33","$168,33"
97,6,2025,Qtr 4,November,26,"$168,33","$168,33"
97,7,2025,Qtr 4,December,3,"$168,33","$168,33"
97,8,2025,Qtr 4,December,10,"$168,33","$168,33"
97,9,2025,Qtr 4,December,17,"$168,33","$168,33"
97,10,2025,Qtr 4,December,24,"$168,33","$168,33"
97,11,2025,Qtr 4,December,31,"$168,33","$168,33"
97,12,2026,Qtr 1,January,7,"$168,33","$168,37"
100,0,2025,Qtr 4,October,19,"$799,00","$799,00"
100,1,2025,Qtr 4,October,26,"$219,23","$219,23"
100,2,2025,Qtr 4,November,2,"$219,23","$219,23"
100,3,2025,Qtr 4,November,9,"$219,23","$219,23"
100,4,2025,Qtr 4,November,16,"$219,23","$219,23"
100,5,2025,Qtr 4,November,23,"$219,23","$219,23"
100,6,2025,Qtr 4,November,30,"$219,23","$219,23"
100,7,2025,Qtr 4,December,7,"$219,23","$219,23"
100,8,2025,Qtr 4,December,14,"$219,23","$219,23"
100,9,2025,Qtr 4,December,21,"$219,23","$219,23"
100,10,2025,Qtr 4,December,28,"$219,23","$219,23"
100,11,2026,Qtr 1,January,4,"$219,23","$219,23"
100,12,2026,Qtr 1,January,11,"$219,23","$219,23"
100,13,2026,Qtr 1,January,18,"$219,23","$219,23"
100,14,2026,Qtr 1,January,25,"$219,23","$0,00"
100,15,2026,Qtr 1,February,1,"$219,23","$0,00"
100,16,2026,Qtr 1,February,8,"$219,23","$0,00"
100,17,2026,Qtr 1,February,15,"$219,23","$0,00"
100,18,2026,Qtr 1,February,22,"$219,23","$0,00"
100,19,2026,Qtr 1,March,1,"$219,23","$0,00"
100,20,2026,Qtr 1,March,8,"$219,23","$0,00"
100,21,2026,Qtr 1,March,15,"$219,23","$0,00"
100,22,2026,Qtr 1,March,22,"$219,23","$0,00"
100,23,2026,Qtr 1,March,29,"$219,23","$0,00"
100,24,2026,Qtr 2,April,5,"$219,23","$0,00"
100,25,2026,Qtr 2,April,12,"$219,23","$0,00"
100,26,2026,Qtr 2,April,19,"$219,23","$0,00"
103,0,2025,Qtr 4,October,3,"$1250,00","$1250,00"
103,1,2025,Qtr 4,October,10,"$474,90","$474,90"
103,2,2025,Qtr 4,October,17,"$474,90","$474,90"
103,3,2025,Qtr 4,October,24,"$474,90","$474,90"
103,4,2025,Qtr 4,October,31,"$474,90","$474,90"
103,5,2025,Qtr 4,November,7,"$474,90","$474,90"
103,6,2025,Qtr 4,November,14,"$474,90","$474,90"
103,7,2025,Qtr 4,November,21,"$474,90","$474,90"
103,8,2025,Qtr 4,November,28,"$474,90","$474,90"
103,9,2025,Qtr 4,December,5,"$474,90","$474,90"
103,10,2025,Qtr 4,December,12,"$474,90","$474,90"
103,11,2025,Qtr 4,December,19,"$474,90","$474,90"
103,12,2025,Qtr 4,December,26,"$474,90","$474,90"
103,13,2026,Qtr 1,January,2,"$474,90","$474,90"
103,14,2026,Qtr 1,January,9,"$474,90","$474,90"
103,15,2026,Qtr 1,January,16,"$474,90","$474,90"
104,0,2025,Qtr 4,October,4,"$799,00","$799,00"
104,1,2025,Qtr 4,October,11,"$320,00","$320,00"
104,2,2025,Qtr 4,October,18,"$320,00","$320,00"
104,3,2025,Qtr 4,October,25,"$320,00","$320,00"
104,4,2025,Qtr 4,November,1,"$320,00","$320,00"
104,5,2025,Qtr 4,November,8,"$320,00","$320,00"
104,6,2025,Qtr 4,November,15,"$320,00","$320,00"
104,7,2025,Qtr 4,November,22,"$320,00","$320,00"
104,8,2025,Qtr 4,November,29,"$320,00","$320,00"
104,9,2025,Qtr 4,December,6,"$320,00","$320,00"
104,10,2025,Qtr 4,December,13,"$320,00","$320,00"
104,11,2025,Qtr 4,December,20,"$320,00","$320,00"
104,12,2025,Qtr 4,December,27,"$320,00","$320,00"
104,13,2026,Qtr 1,January,3,"$320,00","$320,00"
104,14,2026,Qtr 1,January,10,"$320,00","$320,00"
104,15,2026,Qtr 1,January,17,"$320,00","$320,00"
105,0,2025,Qtr 4,October,3,"$799,00","$799,00"
105,1,2025,Qtr 4,October,10,"$160,47","$160,47"
105,2,2025,Qtr 4,October,17,"$160,47","$160,47"
105,3,2025,Qtr 4,October,24,"$160,47","$160,47"
105,4,2025,Qtr 4,October,31,"$160,47","$160,47"
105,5,2025,Qtr 4,November,7,"$160,47","$160,47"
105,6,2025,Qtr 4,November,14,"$160,47","$160,47"
105,7,2025,Qtr 4,November,21,"$160,47","$160,47"
105,8,2025,Qtr 4,November,28,"$160,47","$160,47"
105,9,2025,Qtr 4,December,5,"$160,47","$160,47"
105,10,2025,Qtr 4,December,12,"$160,47","$160,47"
105,11,2025,Qtr 4,December,19,"$160,47","$160,47"
105,12,2025,Qtr 4,December,26,"$160,47","$160,47"
105,13,2026,Qtr 1,January,2,"$160,47","$160,47"
105,14,2026,Qtr 1,January,9,"$160,47","$160,47"
105,15,2026,Qtr 1,January,16,"$160,47","$160,47"
105,16,2026,Qtr 1,January,23,"$160,47","$0,00"
105,17,2026,Qtr 1,January,30,"$160,47","$0,00"
105,18,2026,Qtr 1,February,6,"$160,47","$0,00"
105,19,2026,Qtr 1,February,13,"$160,47","$0,00"
105,20,2026,Qtr 1,February,20,"$160,47","$0,00"
105,21,2026,Qtr 1,February,27,"$160,47","$0,00"
105,22,2026,Qtr 1,March,6,"$160,47","$0,00"
105,23,2026,Qtr 1,March,13,"$160,47","$0,00"
105,24,2026,Qtr 1,March,20,"$160,47","$0,00"
105,25,2026,Qtr 1,March,27,"$160,47","$0,00"
105,26,2026,Qtr 2,April,3,"$160,47","$0,00"
105,27,2026,Qtr 2,April,10,"$160,47","$0,00"
105,28,2026,Qtr 2,April,17,"$160,47","$0,00"
105,29,2026,Qtr 2,April,24,"$160,47","$0,00"
105,30,2026,Qtr 2,May,1,"$160,47","$0,00"
105,31,2026,Qtr 2,May,8,"$160,47","$0,00"
105,32,2026,Qtr 2,May,15,"$160,47","$0,00"
105,33,2026,Qtr 2,May,22,"$160,47","$0,00"
105,34,2026,Qtr 2,May,29,"$160,47","$0,00"
109,0,2025,Qtr 4,October,5,"$799,00","$799,00"
109,1,2025,Qtr 4,October,12,"$192,00","$192,00"
109,2,2025,Qtr 4,October,19,"$192,00","$192,00"
109,3,2025,Qtr 4,October,26,"$192,00","$192,00"
109,4,2025,Qtr 4,November,2,"$192,00","$192,00"
109,5,2025,Qtr 4,November,9,"$192,00","$192,00"
109,6,2025,Qtr 4,November,16,"$192,00","$192,00"
109,7,2025,Qtr 4,November,23,"$192,00","$192,00"
109,8,2025,Qtr 4,November,30,"$192,00","$192,00"
109,9,2025,Qtr 4,December,7,"$192,00","$192,00"
109,10,2025,Qtr 4,December,14,"$192,00","$192,00"
109,11,2025,Qtr 4,December,21,"$192,00","$192,00"
109,12,2025,Qtr 4,December,28,"$192,00","$192,00"
109,13,2026,Qtr 1,January,4,"$192,00","$192,00"
109,14,2026,Qtr 1,January,11,"$192,00","$192,00"
109,15,2026,Qtr 1,January,18,"$192,00","$192,00"
109,16,2026,Qtr 1,January,25,"$192,00","$0,00"
109,17,2026,Qtr 1,February,1,"$192,00","$0,00"
109,18,2026,Qtr 1,February,8,"$192,00","$0,00"
109,19,2026,Qtr 1,February,15,"$192,00","$0,00"
109,20,2026,Qtr 1,February,22,"$192,00","$0,00"
109,21,2026,Qtr 1,March,1,"$192,00","$0,00"
109,22,2026,Qtr 1,March,8,"$192,00","$0,00"
109,23,2026,Qtr 1,March,15,"$192,00","$0,00"
109,24,2026,Qtr 1,March,22,"$192,00","$0,00"
109,25,2026,Qtr 1,March,29,"$192,00","$0,00"
109,26,2026,Qtr 2,April,5,"$192,00","$0,00"
109,27,2026,Qtr 2,April,12,"$192,00","$0,00"
109,28,2026,Qtr 2,April,19,"$192,00","$0,00"
109,29,2026,Qtr 2,April,26,"$192,00","$0,00"
109,30,2026,Qtr 2,May,3,"$192,00","$0,00"
109,31,2026,Qtr 2,May,10,"$192,00","$0,00"
109,32,2026,Qtr 2,May,17,"$192,00","$0,00"
109,33,2026,Qtr 2,May,24,"$192,00","$0,00"
109,34,2026,Qtr 2,May,31,"$192,00","$0,00"
111,0,2025,Qtr 3,September,19,"$799,00","$799,00"
111,1,2025,Qtr 3,September,26,"$283,33","$283,33"
111,2,2025,Qtr 4,October,3,"$283,33","$283,33"
111,3,2025,Qtr 4,October,10,"$283,33","$283,33"
111,4,2025,Qtr 4,October,17,"$283,33","$283,33"
111,5,2025,Qtr 4,October,24,"$283,33","$283,33"
111,6,2025,Qtr 4,October,31,"$283,33","$283,33"
111,7,2025,Qtr 4,November,7,"$283,33","$283,33"
111,8,2025,Qtr 4,November,14,"$283,33","$283,33"
111,9,2025,Qtr 4,November,21,"$283,33","$283,33"
111,10,2025,Qtr 4,November,28,"$283,33","$283,33"
111,11,2025,Qtr 4,December,5,"$283,33","$283,33"
111,12,2025,Qtr 4,December,12,"$283,33","$283,33"
111,13,2025,Qtr 4,December,19,"$283,33","$283,33"
111,14,2025,Qtr 4,December,26,"$283,33","$283,33"
111,15,2026,Qtr 1,January,2,"$283,33","$283,33"
111,16,2026,Qtr 1,January,9,"$283,33","$283,33"
111,17,2026,Qtr 1,January,16,"$283,33","$283,33"
111,18,2026,Qtr 1,January,23,"$283,33","$0,00"
113,0,2025,Qtr 3,September,24,"$999,00","$999,00"
113,1,2025,Qtr 4,October,1,"$350,77","$350,77"
113,2,2025,Qtr 4,October,8,"$350,77","$350,77"
113,3,2025,Qtr 4,October,15,"$350,77","$350,77"
113,4,2025,Qtr 4,October,22,"$350,77","$350,77"
113,5,2025,Qtr 4,October,29,"$350,77","$350,77"
113,6,2025,Qtr 4,November,5,"$350,77","$350,77"
113,7,2025,Qtr 4,November,12,"$350,77","$350,77"
113,8,2025,Qtr 4,November,19,"$350,77","$350,77"
113,9,2025,Qtr 4,November,26,"$350,77","$350,77"
113,10,2025,Qtr 4,December,3,"$350,77","$350,77"
113,11,2025,Qtr 4,December,10,"$350,77","$350,77"
113,12,2025,Qtr 4,December,17,"$350,77","$350,77"
113,13,2025,Qtr 4,December,24,"$350,77","$350,77"
113,14,2025,Qtr 4,December,31,"$350,77","$350,77"
113,15,2026,Qtr 1,January,7,"$350,77","$350,77"
113,16,2026,Qtr 1,January,14,"$350,77","$350,77"
113,17,2026,Qtr 1,January,21,"$350,77","$0,00"
113,18,2026,Qtr 1,January,28,"$350,77","$0,00"
113,19,2026,Qtr 1,February,4,"$350,77","$0,00"
113,20,2026,Qtr 1,February,11,"$350,77","$0,00"
113,21,2026,Qtr 1,February,18,"$350,77","$0,00"
113,22,2026,Qtr 1,February,25,"$350,77","$0,00"
113,23,2026,Qtr 1,March,4,"$350,77","$0,00"
113,24,2026,Qtr 1,March,11,"$350,77","$0,00"
113,25,2026,Qtr 1,March,18,"$350,77","$0,00"
113,26,2026,Qtr 1,March,25,"$350,77","$0,00"
115,0,2025,Qtr 3,September,20,"$799,00","$799,00"
115,1,2025,Qtr 3,September,27,"$300,00","$300,00"
115,2,2025,Qtr 4,October,4,"$300,00","$300,00"
115,3,2025,Qtr 4,October,11,"$300,00","$300,00"
115,4,2025,Qtr 4,October,18,"$300,00","$300,00"
115,5,2025,Qtr 4,October,25,"$300,00","$300,00"
115,6,2025,Qtr 4,November,1,"$300,00","$300,00"
115,7,2025,Qtr 4,November,8,"$300,00","$300,00"
115,8,2025,Qtr 4,November,15,"$300,00","$300,00"
115,9,2025,Qtr 4,November,22,"$300,00","$300,00"
115,10,2025,Qtr 4,November,29,"$300,00","$300,00"
115,11,2025,Qtr 4,December,6,"$300,00","$300,00"
115,12,2025,Qtr 4,December,13,"$300,00","$300,00"
115,13,2025,Qtr 4,December,20,"$300,00","$300,00"
115,14,2025,Qtr 4,December,27,"$300,00","$300,00"
115,15,2026,Qtr 1,January,3,"$300,00","$300,00"
116,0,2025,Qtr 3,September,22,"$799,00","$799,00"
116,1,2025,Qtr 3,September,29,"$302,22","$302,22"
116,2,2025,Qtr 4,October,6,"$302,22","$302,22"
116,3,2025,Qtr 4,October,13,"$302,22","$302,22"
116,4,2025,Qtr 4,October,20,"$302,22","$302,22"
116,5,2025,Qtr 4,October,27,"$302,22","$302,22"
116,6,2025,Qtr 4,November,3,"$302,22","$302,22"
116,7,2025,Qtr 4,November,10,"$302,22","$302,22"
116,8,2025,Qtr 4,November,17,"$302,22","$302,22"
116,9,2025,Qtr 4,November,24,"$302,22","$302,22"
116,10,2025,Qtr 4,December,1,"$302,22","$302,22"
116,11,2025,Qtr 4,December,8,"$302,22","$302,22"
116,12,2025,Qtr 4,December,15,"$302,22","$302,22"
116,13,2025,Qtr 4,December,22,"$302,22","$302,22"
116,14,2025,Qtr 4,December,29,"$302,22","$302,22"
116,15,2026,Qtr 1,January,5,"$302,22","$302,22"
116,16,2026,Qtr 1,January,12,"$302,22","$302,22"
116,17,2026,Qtr 1,January,19,"$302,22","$302,22"
116,18,2026,Qtr 1,January,26,"$302,22","$0,00"
123,0,2025,Qtr 4,October,2,"$799,00","$799,00"
123,1,2025,Qtr 4,October,9,"$160,47","$160,47"
123,2,2025,Qtr 4,October,16,"$160,47","$160,47"
123,3,2025,Qtr 4,October,23,"$160,47","$160,47"
123,4,2025,Qtr 4,October,30,"$160,47","$160,47"
123,5,2025,Qtr 4,November,6,"$160,47","$160,47"
123,6,2025,Qtr 4,November,13,"$160,47","$160,47"
123,7,2025,Qtr 4,November,20,"$160,47","$160,47"
123,8,2025,Qtr 4,November,27,"$160,47","$160,47"
123,9,2025,Qtr 4,December,4,"$160,47","$160,47"
123,10,2025,Qtr 4,December,11,"$160,47","$160,47"
123,11,2025,Qtr 4,December,18,"$160,47","$160,47"
123,12,2025,Qtr 4,December,25,"$160,47","$160,47"
123,13,2026,Qtr 1,January,1,"$160,47","$160,47"
123,14,2026,Qtr 1,January,8,"$160,47","$160,47"
123,15,2026,Qtr 1,January,15,"$160,47","$160,47"
123,16,2026,Qtr 1,January,22,"$160,47","$0,00"
123,17,2026,Qtr 1,January,29,"$160,47","$0,00"
123,18,2026,Qtr 1,February,5,"$160,47","$0,00"
123,19,2026,Qtr 1,February,12,"$160,47","$0,00"
123,20,2026,Qtr 1,February,19,"$160,47","$0,00"
123,21,2026,Qtr 1,February,26,"$160,47","$0,00"
123,22,2026,Qtr 1,March,5,"$160,47","$0,00"
123,23,2026,Qtr 1,March,12,"$160,47","$0,00"
123,24,2026,Qtr 1,March,19,"$160,47","$0,00"
123,25,2026,Qtr 1,March,26,"$160,47","$0,00"
123,26,2026,Qtr 2,April,2,"$160,47","$0,00"
123,27,2026,Qtr 2,April,9,"$160,47","$0,00"
123,28,2026,Qtr 2,April,16,"$160,47","$0,00"
123,29,2026,Qtr 2,April,23,"$160,47","$0,00"
123,30,2026,Qtr 2,April,30,"$160,47","$0,00"
123,31,2026,Qtr 2,May,7,"$160,47","$0,00"
123,32,2026,Qtr 2,May,14,"$160,47","$0,00"
123,33,2026,Qtr 2,May,21,"$160,47","$0,00"
123,34,2026,Qtr 2,May,28,"$160,47","$0,00"
124,0,2025,Qtr 3,September,30,"$999,00","$999,00"
124,1,2025,Qtr 4,October,7,"$300,00","$300,00"
124,2,2025,Qtr 4,October,14,"$300,00","$300,00"
124,3,2025,Qtr 4,October,21,"$300,00","$300,00"
124,4,2025,Qtr 4,October,28,"$300,00","$300,00"
124,5,2025,Qtr 4,November,4,"$300,00","$300,00"
124,6,2025,Qtr 4,November,11,"$300,00","$300,00"
124,7,2025,Qtr 4,November,18,"$300,00","$300,00"
124,8,2025,Qtr 4,November,25,"$300,00","$300,00"
124,9,2025,Qtr 4,December,2,"$300,00","$300,00"
124,10,2025,Qtr 4,December,9,"$300,00","$300,00"
124,11,2025,Qtr 4,December,16,"$300,00","$300,00"
124,12,2025,Qtr 4,December,23,"$300,00","$300,00"
124,13,2025,Qtr 4,December,30,"$300,00","$300,00"
124,14,2026,Qtr 1,January,6,"$300,00","$300,00"
124,15,2026,Qtr 1,January,13,"$300,00","$300,00"
124,16,2026,Qtr 1,January,20,"$300,00","$0,00"
124,17,2026,Qtr 1,January,27,"$300,00","$0,00"
124,18,2026,Qtr 1,February,3,"$300,00","$0,00"
124,19,2026,Qtr 1,February,10,"$300,00","$0,00"
124,20,2026,Qtr 1,February,17,"$300,00","$0,00"
124,21,2026,Qtr 1,February,24,"$300,00","$0,00"
124,22,2026,Qtr 1,March,3,"$300,00","$0,00"
124,23,2026,Qtr 1,March,10,"$300,00","$0,00"
124,24,2026,Qtr 1,March,17,"$300,00","$0,00"
124,25,2026,Qtr 1,March,24,"$300,00","$0,00"
124,26,2026,Qtr 1,March,31,"$300,00","$0,00"
124,27,2026,Qtr 2,April,7,"$300,00","$0,00"
124,28,2026,Qtr 2,April,14,"$300,00","$0,00"
124,29,2026,Qtr 2,April,21,"$300,00","$0,00"
124,30,2026,Qtr 2,April,28,"$300,00","$0,00"
124,31,2026,Qtr 2,May,5,"$300,00","$0,00"
124,32,2026,Qtr 2,May,12,"$300,00","$0,00"
124,33,2026,Qtr 2,May,19,"$300,00","$0,00"
124,34,2026,Qtr 2,May,26,"$300,00","$0,00"
124,35,2026,Qtr 2,June,2,"$300,00","$0,00"
125,0,2025,Qtr 4,October,2,"$624,00","$624,50"
125,1,2025,Qtr 4,October,9,"$263,73","$263,73"
125,2,2025,Qtr 4,October,16,"$263,73","$263,73"
125,3,2025,Qtr 4,October,23,"$263,73","$263,73"
125,4,2025,Qtr 4,October,30,"$263,73","$263,73"
125,5,2025,Qtr 4,November,6,"$263,73","$263,73"
125,6,2025,Qtr 4,November,13,"$263,73","$263,73"
125,7,2025,Qtr 4,November,20,"$263,73","$263,73"
125,8,2025,Qtr 4,November,27,"$263,73","$263,73"
125,9,2025,Qtr 4,December,4,"$263,73","$263,73"
125,10,2025,Qtr 4,December,11,"$263,73","$263,73"
125,11,2025,Qtr 4,December,18,"$263,73","$263,73"
125,12,2025,Qtr 4,December,25,"$263,73","$263,73"
125,13,2026,Qtr 1,January,1,"$263,73","$263,73"
125,14,2026,Qtr 1,January,8,"$263,73","$263,73"
125,15,2026,Qtr 1,January,15,"$263,73","$263,73"
125,16,2026,Qtr 1,January,22,"$263,73","$0,00"
125,17,2026,Qtr 1,January,29,"$263,73","$0,00"
125,18,2026,Qtr 1,February,5,"$263,73","$0,00"
125,19,2026,Qtr 1,February,12,"$263,73","$0,00"
125,20,2026,Qtr 1,February,19,"$263,73","$0,00"
126,0,2025,Qtr 3,September,30,"$1999,00","$1999,00"
126,1,2025,Qtr 4,October,7,"$408,00","$408,00"
126,2,2025,Qtr 4,October,14,"$408,00","$408,00"
126,3,2025,Qtr 4,October,21,"$408,00","$408,00"
126,4,2025,Qtr 4,October,28,"$408,00","$408,00"
126,5,2025,Qtr 4,November,4,"$408,00","$408,00"
126,6,2025,Qtr 4,November,11,"$408,00","$408,00"
126,7,2025,Qtr 4,November,18,"$408,00","$408,00"
126,8,2025,Qtr 4,November,25,"$408,00","$408,00"
126,9,2025,Qtr 4,December,2,"$408,00","$408,00"
126,10,2025,Qtr 4,December,9,"$408,00","$408,00"
126,11,2025,Qtr 4,December,16,"$408,00","$408,00"
126,12,2025,Qtr 4,December,23,"$408,00","$408,00"
126,13,2025,Qtr 4,December,30,"$408,00","$408,00"
126,14,2026,Qtr 1,January,6,"$408,00","$408,00"
126,15,2026,Qtr 1,January,13,"$408,00","$408,00"
126,16,2026,Qtr 1,January,20,"$408,00","$0,00"
126,17,2026,Qtr 1,January,27,"$408,00","$0,00"
126,18,2026,Qtr 1,February,3,"$408,00","$0,00"
126,19,2026,Qtr 1,February,10,"$408,00","$0,00"
126,20,2026,Qtr 1,February,17,"$408,00","$0,00"
126,21,2026,Qtr 1,February,24,"$408,00","$0,00"
126,22,2026,Qtr 1,March,3,"$408,00","$0,00"
126,23,2026,Qtr 1,March,10,"$408,00","$0,00"
126,24,2026,Qtr 1,March,17,"$408,00","$0,00"
126,25,2026,Qtr 1,March,24,"$408,00","$0,00"
126,26,2026,Qtr 1,March,31,"$408,00","$0,00"
126,27,2026,Qtr 2,April,7,"$408,00","$0,00"
126,28,2026,Qtr 2,April,14,"$408,00","$0,00"
126,29,2026,Qtr 2,April,21,"$408,00","$0,00"
126,30,2026,Qtr 2,April,28,"$408,00","$0,00"
126,31,2026,Qtr 2,May,5,"$408,00","$0,00"
126,32,2026,Qtr 2,May,12,"$408,00","$0,00"
126,33,2026,Qtr 2,May,19,"$408,00","$0,00"
126,34,2026,Qtr 2,May,26,"$408,00","$0,00"
126,35,2026,Qtr 2,June,2,"$408,00","$0,00"
128,0,2025,Qtr 3,September,17,"$1250,00","$1249,50"
128,1,2025,Qtr 3,September,24,"$524,95","$524,95"
128,2,2025,Qtr 4,October,1,"$524,95","$524,95"
128,3,2025,Qtr 4,October,8,"$524,95","$524,95"
128,4,2025,Qtr 4,October,15,"$524,95","$524,95"
128,5,2025,Qtr 4,October,22,"$524,95","$524,95"
128,6,2025,Qtr 4,October,29,"$524,95","$524,95"
128,7,2025,Qtr 4,November,5,"$524,95","$524,95"
128,8,2025,Qtr 4,November,12,"$524,95","$524,95"
128,9,2025,Qtr 4,November,19,"$524,95","$524,95"
128,10,2025,Qtr 4,November,26,"$524,95","$524,95"
128,11,2025,Qtr 4,December,3,"$524,95","$524,95"
128,12,2025,Qtr 4,December,10,"$524,95","$524,95"
128,13,2025,Qtr 4,December,17,"$524,95","$524,95"
128,14,2025,Qtr 4,December,24,"$524,95","$524,95"
128,15,2025,Qtr 4,December,31,"$524,95","$524,95"
130,0,2026,Qtr 1,January,25,"$799,00","$799,00"
130,1,2026,Qtr 1,February,1,"$283,33","$283,33"
130,2,2026,Qtr 1,February,8,"$283,33","$283,33"
130,3,2026,Qtr 1,February,15,"$283,33","$283,33"
130,4,2026,Qtr 1,February,22,"$283,33","$283,33"
130,5,2026,Qtr 1,March,1,"$283,33","$283,33"
130,6,2026,Qtr 1,March,8,"$283,33","$283,33"
130,7,2026,Qtr 1,March,15,"$283,33","$283,39"
130,8,2026,Qtr 1,March,22,"$283,33","$283,33"
130,9,2026,Qtr 1,March,29,"$283,33","$283,33"
130,10,2026,Qtr 2,April,5,"$283,33","$283,33"
130,11,2026,Qtr 2,April,12,"$283,33","$283,33"
130,12,2026,Qtr 2,April,19,"$283,33","$283,33"
130,13,2026,Qtr 2,April,26,"$283,33","$283,33"
130,14,2026,Qtr 2,May,3,"$283,33","$283,33"
130,15,2026,Qtr 2,May,10,"$283,33","$283,33"
130,16,2026,Qtr 2,May,17,"$283,33","$283,33"
130,17,2026,Qtr 2,May,24,"$283,33","$283,33"
130,18,2026,Qtr 2,May,31,"$283,33","$283,33"
131,0,2025,Qtr 3,September,11,"$799,00","$799,00"
131,1,2025,Qtr 3,September,18,"$192,00","$192,00"
131,2,2025,Qtr 3,September,25,"$192,00","$192,00"
131,3,2025,Qtr 4,October,2,"$192,00","$192,00"
131,4,2025,Qtr 4,October,9,"$192,00","$192,00"
131,5,2025,Qtr 4,October,16,"$192,00","$192,00"
131,6,2025,Qtr 4,October,23,"$192,00","$192,00"
131,7,2025,Qtr 4,October,30,"$192,00","$192,00"
131,8,2025,Qtr 4,November,6,"$192,00","$192,00"
131,9,2025,Qtr 4,November,13,"$192,00","$192,00"
131,10,2025,Qtr 4,November,20,"$192,00","$192,00"
131,11,2025,Qtr 4,November,27,"$192,00","$192,00"
131,12,2025,Qtr 4,December,4,"$192,00","$192,00"
131,13,2025,Qtr 4,December,11,"$192,00","$192,00"
131,14,2025,Qtr 4,December,18,"$192,00","$192,00"
131,15,2025,Qtr 4,December,25,"$192,00","$192,00"
131,16,2026,Qtr 1,January,1,"$192,00","$192,00"
131,17,2026,Qtr 1,January,8,"$192,00","$192,00"
131,18,2026,Qtr 1,January,15,"$192,00","$192,00"
131,19,2026,Qtr 1,January,22,"$192,00","$0,00"
131,20,2026,Qtr 1,January,29,"$192,00","$0,00"
131,21,2026,Qtr 1,February,5,"$192,00","$0,00"
131,22,2026,Qtr 1,February,12,"$192,00","$0,00"
131,23,2026,Qtr 1,February,19,"$192,00","$0,00"
131,24,2026,Qtr 1,February,26,"$192,00","$0,00"
131,25,2026,Qtr 1,March,5,"$192,00","$0,00"
131,26,2026,Qtr 1,March,12,"$192,00","$0,00"
131,27,2026,Qtr 1,March,19,"$192,00","$0,00"
131,28,2026,Qtr 1,March,26,"$192,00","$0,00"
131,29,2026,Qtr 2,April,2,"$192,00","$0,00"
131,30,2026,Qtr 2,April,9,"$192,00","$0,00"
131,31,2026,Qtr 2,April,16,"$192,00","$0,00"
131,32,2026,Qtr 2,April,23,"$192,00","$0,00"
131,33,2026,Qtr 2,April,30,"$192,00","$0,00"
131,34,2026,Qtr 2,May,7,"$192,00","$0,00"
131,35,2026,Qtr 2,May,14,"$192,00","$0,00"
132,0,2025,Qtr 3,September,16,"$799,00","$799,00"
132,1,2025,Qtr 3,September,23,"$160,47","$160,47"
132,2,2025,Qtr 3,September,30,"$160,47","$160,47"
132,3,2025,Qtr 4,October,7,"$160,47","$160,47"
132,4,2025,Qtr 4,October,14,"$160,47","$160,47"
132,5,2025,Qtr 4,October,21,"$160,47","$160,47"
132,6,2025,Qtr 4,October,28,"$160,47","$160,47"
132,7,2025,Qtr 4,November,4,"$160,47","$160,47"
132,8,2025,Qtr 4,November,11,"$160,47","$160,47"
132,9,2025,Qtr 4,November,18,"$160,47","$160,47"
132,10,2025,Qtr 4,November,25,"$160,47","$160,47"
132,11,2025,Qtr 4,December,2,"$160,47","$160,47"
132,12,2025,Qtr 4,December,9,"$160,47","$160,47"
132,13,2025,Qtr 4,December,16,"$160,47","$160,47"
132,14,2025,Qtr 4,December,23,"$160,47","$160,47"
132,15,2025,Qtr 4,December,30,"$160,47","$160,47"
132,16,2026,Qtr 1,January,6,"$160,47","$160,47"
132,17,2026,Qtr 1,January,13,"$160,47","$160,47"
132,18,2026,Qtr 1,January,20,"$160,47","$0,00"
132,19,2026,Qtr 1,January,27,"$160,47","$0,00"
132,20,2026,Qtr 1,February,3,"$160,47","$0,00"
132,21,2026,Qtr 1,February,10,"$160,47","$0,00"
132,22,2026,Qtr 1,February,17,"$160,47","$0,00"
132,23,2026,Qtr 1,February,24,"$160,47","$0,00"
132,24,2026,Qtr 1,March,3,"$160,47","$0,00"
132,25,2026,Qtr 1,March,10,"$160,47","$0,00"
132,26,2026,Qtr 1,March,17,"$160,47","$0,00"
132,27,2026,Qtr 1,March,24,"$160,47","$0,00"
132,28,2026,Qtr 1,March,31,"$160,47","$0,00"
132,29,2026,Qtr 2,April,7,"$160,47","$0,00"
132,30,2026,Qtr 2,April,14,"$160,47","$0,00"
132,31,2026,Qtr 2,April,21,"$160,47","$0,00"
132,32,2026,Qtr 2,April,28,"$160,47","$0,00"
132,33,2026,Qtr 2,May,5,"$160,47","$0,00"
132,34,2026,Qtr 2,May,12,"$160,47","$0,00"
132,35,2026,Qtr 2,May,19,"$160,47","$0,00"
132,36,2026,Qtr 2,May,26,"$160,47","$0,00"
132,37,2026,Qtr 2,June,2,"$160,47","$0,00"
133,0,2025,Qtr 3,September,16,"$799,00","$799,00"
133,1,2025,Qtr 3,September,23,"$300,00","$300,00"
133,2,2025,Qtr 3,September,30,"$300,00","$300,00"
133,3,2025,Qtr 4,October,7,"$300,00","$300,00"
133,4,2025,Qtr 4,October,14,"$300,00","$300,00"
133,5,2025,Qtr 4,October,21,"$300,00","$300,00"
133,6,2025,Qtr 4,October,28,"$300,00","$300,00"
133,7,2025,Qtr 4,November,4,"$300,00","$300,00"
133,8,2025,Qtr 4,November,11,"$300,00","$300,00"
133,9,2025,Qtr 4,November,18,"$300,00","$300,00"
133,10,2025,Qtr 4,November,25,"$300,00","$300,00"
133,11,2025,Qtr 4,December,2,"$300,00","$300,00"
133,12,2025,Qtr 4,December,9,"$300,00","$300,00"
133,13,2025,Qtr 4,December,16,"$300,00","$300,00"
133,14,2025,Qtr 4,December,23,"$300,00","$300,00"
133,15,2025,Qtr 4,December,30,"$300,00","$300,00"
140,0,2025,Qtr 3,August,15,"$799,00","$799,00"
140,1,2025,Qtr 3,August,22,"$300,00","$300,00"
140,2,2025,Qtr 3,August,29,"$300,00","$300,00"
140,3,2025,Qtr 3,September,5,"$300,00","$300,00"
140,4,2025,Qtr 3,September,12,"$300,00","$300,00"
140,5,2025,Qtr 3,September,19,"$300,00","$300,00"
140,6,2025,Qtr 3,September,26,"$300,00","$300,00"
140,7,2025,Qtr 4,October,3,"$300,00","$300,00"
140,8,2025,Qtr 4,October,10,"$300,00","$300,00"
140,9,2025,Qtr 4,October,17,"$300,00","$300,00"
140,10,2025,Qtr 4,October,24,"$300,00","$300,00"
140,11,2025,Qtr 4,October,31,"$300,00","$300,00"
140,12,2025,Qtr 4,November,7,"$300,00","$300,00"
140,13,2025,Qtr 4,November,14,"$300,00","$300,00"
140,14,2025,Qtr 4,November,21,"$300,00","$300,00"
140,15,2025,Qtr 4,November,28,"$300,00","$300,00"
141,0,2025,Qtr 3,August,11,"$400,00","$399,50"
141,1,2025,Qtr 3,August,18,"$292,73","$292,73"
141,2,2025,Qtr 3,August,25,"$292,73","$292,73"
141,3,2025,Qtr 3,September,1,"$292,73","$292,73"
141,4,2025,Qtr 3,September,8,"$292,73","$292,73"
141,5,2025,Qtr 3,September,15,"$292,73","$292,73"
141,6,2025,Qtr 3,September,22,"$292,73","$292,73"
141,7,2025,Qtr 3,September,29,"$292,73","$292,73"
141,8,2025,Qtr 4,October,6,"$292,73","$292,73"
141,9,2025,Qtr 4,October,13,"$292,73","$292,73"
141,10,2025,Qtr 4,October,20,"$292,73","$292,73"
141,11,2025,Qtr 4,October,27,"$292,73","$292,73"
141,12,2025,Qtr 4,November,3,"$292,73","$292,73"
141,13,2025,Qtr 4,November,10,"$292,73","$292,73"
141,14,2025,Qtr 4,November,17,"$292,73","$292,73"
141,15,2025,Qtr 4,November,24,"$292,73","$292,73"
141,16,2025,Qtr 4,December,1,"$292,73","$292,73"
141,17,2025,Qtr 4,December,8,"$292,73","$292,73"
141,18,2025,Qtr 4,December,15,"$292,73","$292,82"
142,0,2025,Qtr 3,August,7,"$999,00","$999,00"
142,1,2025,Qtr 3,August,14,"$230,00","$230,00"
142,2,2025,Qtr 3,August,21,"$230,00","$230,00"
142,3,2025,Qtr 3,August,28,"$230,00","$230,00"
142,4,2025,Qtr 3,September,4,"$230,00","$230,00"
142,5,2025,Qtr 3,September,11,"$230,00","$230,00"
142,6,2025,Qtr 3,September,18,"$230,00","$230,00"
142,7,2025,Qtr 3,September,25,"$230,00","$230,00"
142,8,2025,Qtr 4,October,2,"$230,00","$230,00"
142,9,2025,Qtr 4,October,9,"$230,00","$230,00"
142,10,2025,Qtr 4,October,16,"$230,00","$230,00"
142,11,2025,Qtr 4,October,23,"$230,00","$230,00"
142,12,2025,Qtr 4,October,30,"$230,00","$230,00"
142,13,2025,Qtr 4,November,6,"$230,00","$230,00"
142,14,2025,Qtr 4,November,13,"$230,00","$230,00"
142,15,2025,Qtr 4,November,20,"$230,00","$230,00"
142,16,2025,Qtr 4,November,27,"$230,00","$230,00"
142,17,2025,Qtr 4,December,4,"$230,00","$230,00"
142,18,2025,Qtr 4,December,11,"$230,00","$230,00"
142,19,2025,Qtr 4,December,18,"$230,00","$230,00"
142,20,2025,Qtr 4,December,25,"$230,00","$230,00"
142,21,2026,Qtr 1,January,1,"$230,00","$230,00"
142,22,2026,Qtr 1,January,8,"$230,00","$230,00"
142,23,2026,Qtr 1,January,15,"$230,00","$230,00"
142,24,2026,Qtr 1,January,22,"$230,00","$0,00"
142,25,2026,Qtr 1,January,29,"$230,00","$0,00"
142,26,2026,Qtr 1,February,5,"$230,00","$0,00"
142,27,2026,Qtr 1,February,12,"$230,00","$0,00"
142,28,2026,Qtr 1,February,19,"$230,00","$0,00"
142,29,2026,Qtr 1,February,26,"$230,00","$0,00"
142,30,2026,Qtr 1,March,5,"$230,00","$0,00"
142,31,2026,Qtr 1,March,12,"$230,00","$0,00"
142,32,2026,Qtr 1,March,19,"$230,00","$0,00"
142,33,2026,Qtr 1,March,26,"$230,00","$0,00"
142,34,2026,Qtr 2,April,2,"$230,00","$0,00"
142,35,2026,Qtr 2,April,9,"$230,00","$0,00"
142,36,2026,Qtr 2,April,16,"$230,00","$0,00"
142,37,2026,Qtr 2,April,23,"$230,00","$0,00"
142,38,2026,Qtr 2,April,30,"$230,00","$0,00"
142,39,2026,Qtr 2,May,7,"$230,00","$0,00"
142,40,2026,Qtr 2,May,14,"$230,00","$0,00"
142,41,2026,Qtr 2,May,21,"$230,00","$0,00"
142,42,2026,Qtr 2,May,28,"$230,00","$0,00"
143,0,2025,Qtr 3,August,11,"$999,00","$999,00"
143,1,2025,Qtr 3,August,18,"$258,00","$258,00"
143,2,2025,Qtr 3,August,25,"$258,00","$258,00"
143,3,2025,Qtr 3,September,1,"$258,00","$258,00"
143,4,2025,Qtr 3,September,8,"$258,00","$258,00"
143,5,2025,Qtr 3,September,15,"$258,00","$258,00"
143,6,2025,Qtr 3,September,22,"$258,00","$258,00"
143,7,2025,Qtr 3,September,29,"$258,00","$258,00"
143,8,2025,Qtr 4,October,6,"$258,00","$258,00"
143,9,2025,Qtr 4,October,13,"$258,00","$258,00"
143,10,2025,Qtr 4,October,20,"$258,00","$258,00"
143,11,2025,Qtr 4,October,27,"$258,00","$258,00"
143,12,2025,Qtr 4,November,3,"$258,00","$258,00"
143,13,2025,Qtr 4,November,10,"$258,00","$258,00"
143,14,2025,Qtr 4,November,17,"$258,00","$258,00"
143,15,2025,Qtr 4,November,24,"$258,00","$258,00"
143,16,2025,Qtr 4,December,1,"$258,00","$258,00"
143,17,2025,Qtr 4,December,8,"$258,00","$258,00"
143,18,2025,Qtr 4,December,15,"$258,00","$258,00"
143,19,2025,Qtr 4,December,22,"$258,00","$258,00"
143,20,2025,Qtr 4,December,29,"$258,00","$258,00"
143,21,2026,Qtr 1,January,5,"$258,00","$258,00"
143,22,2026,Qtr 1,January,12,"$258,00","$258,00"
143,23,2026,Qtr 1,January,19,"$258,00","$258,00"
143,24,2026,Qtr 1,January,26,"$258,00","$0,00"
143,25,2026,Qtr 1,February,2,"$258,00","$0,00"
143,26,2026,Qtr 1,February,9,"$258,00","$0,00"
143,27,2026,Qtr 1,February,16,"$258,00","$0,00"
143,28,2026,Qtr 1,February,23,"$258,00","$0,00"
143,29,2026,Qtr 1,March,2,"$258,00","$0,00"
143,30,2026,Qtr 1,March,9,"$258,00","$0,00"
143,31,2026,Qtr 1,March,16,"$258,00","$0,00"
143,32,2026,Qtr 1,March,23,"$258,00","$0,00"
143,33,2026,Qtr 1,March,30,"$258,00","$0,00"
143,34,2026,Qtr 2,April,6,"$258,00","$0,00"
143,35,2026,Qtr 2,April,13,"$258,00","$0,00"
145,0,2025,Qtr 3,August,4,"$799,00","$799,00"
145,1,2025,Qtr 3,August,11,"$300,00","$300,00"
145,2,2025,Qtr 3,August,18,"$300,00","$300,00"
145,3,2025,Qtr 3,August,25,"$300,00","$300,00"
145,4,2025,Qtr 3,September,1,"$300,00","$300,00"
145,5,2025,Qtr 3,September,8,"$300,00","$300,00"
145,6,2025,Qtr 3,September,15,"$300,00","$300,00"
145,7,2025,Qtr 3,September,22,"$300,00","$300,00"
145,8,2025,Qtr 3,September,29,"$300,00","$300,00"
145,9,2025,Qtr 4,October,6,"$300,00","$300,00"
145,10,2025,Qtr 4,October,13,"$300,00","$300,00"
145,11,2025,Qtr 4,October,20,"$300,00","$300,00"
145,12,2025,Qtr 4,October,27,"$300,00","$300,00"
145,13,2025,Qtr 4,November,3,"$300,00","$300,00"
145,14,2025,Qtr 4,November,10,"$300,00","$300,00"
145,15,2025,Qtr 4,November,17,"$300,00","$300,00"
147,0,2025,Qtr 3,August,4,"$999,00","$999,00"
147,1,2025,Qtr 3,August,11,"$230,00","$230,00"
147,2,2025,Qtr 3,August,18,"$230,00","$230,00"
147,3,2025,Qtr 3,August,25,"$230,00","$230,00"
147,4,2025,Qtr 3,September,1,"$230,00","$230,00"
147,5,2025,Qtr 3,September,8,"$230,00","$230,00"
147,6,2025,Qtr 3,September,15,"$230,00","$230,00"
147,7,2025,Qtr 3,September,22,"$230,00","$230,00"
147,8,2025,Qtr 3,September,29,"$230,00","$230,00"
147,9,2025,Qtr 4,October,6,"$230,00","$230,00"
147,10,2025,Qtr 4,October,13,"$230,00","$230,00"
147,11,2025,Qtr 4,October,20,"$230,00","$230,00"
147,12,2025,Qtr 4,October,27,"$230,00","$230,00"
147,13,2025,Qtr 4,November,3,"$230,00","$230,00"
147,14,2025,Qtr 4,November,10,"$230,00","$230,00"
147,15,2025,Qtr 4,November,17,"$230,00","$230,00"
147,16,2025,Qtr 4,November,24,"$230,00","$230,00"
147,17,2025,Qtr 4,December,1,"$230,00","$230,00"
147,18,2025,Qtr 4,December,8,"$230,00","$230,00"
147,19,2025,Qtr 4,December,15,"$230,00","$230,00"
147,20,2025,Qtr 4,December,22,"$230,00","$230,00"
147,21,2025,Qtr 4,December,29,"$230,00","$230,00"
147,22,2026,Qtr 1,January,5,"$230,00","$230,00"
147,23,2026,Qtr 1,January,12,"$230,00","$230,00"
147,24,2026,Qtr 1,January,19,"$230,00","$230,00"
147,25,2026,Qtr 1,January,26,"$230,00","$0,00"
147,26,2026,Qtr 1,February,2,"$230,00","$0,00"
147,27,2026,Qtr 1,February,9,"$230,00","$0,00"
147,28,2026,Qtr 1,February,16,"$230,00","$0,00"
147,29,2026,Qtr 1,February,23,"$230,00","$0,00"
147,30,2026,Qtr 1,March,2,"$230,00","$0,00"
147,31,2026,Qtr 1,March,9,"$230,00","$0,00"
147,32,2026,Qtr 1,March,16,"$230,00","$0,00"
147,33,2026,Qtr 1,March,23,"$230,00","$0,00"
147,34,2026,Qtr 1,March,30,"$230,00","$0,00"
147,35,2026,Qtr 2,April,6,"$230,00","$0,00"
147,36,2026,Qtr 2,April,13,"$230,00","$0,00"
147,37,2026,Qtr 2,April,20,"$230,00","$0,00"
147,38,2026,Qtr 2,April,27,"$230,00","$0,00"
147,39,2026,Qtr 2,May,4,"$230,00","$0,00"
147,40,2026,Qtr 2,May,11,"$230,00","$0,00"
147,41,2026,Qtr 2,May,18,"$230,00","$0,00"
147,42,2026,Qtr 2,May,25,"$230,00","$0,00"
147,43,2026,Qtr 2,June,1,"$230,00","$0,00"
148,0,2025,Qtr 3,August,4,"$799,00","$799,00"
148,1,2025,Qtr 3,August,11,"$300,00","$300,00"
148,2,2025,Qtr 3,August,18,"$300,00","$300,00"
148,3,2025,Qtr 3,August,25,"$300,00","$300,00"
148,4,2025,Qtr 3,September,1,"$300,00","$300,00"
148,5,2025,Qtr 3,September,8,"$300,00","$300,00"
148,6,2025,Qtr 3,September,15,"$300,00","$300,00"
148,7,2025,Qtr 3,September,22,"$300,00","$300,00"
148,8,2025,Qtr 3,September,29,"$300,00","$300,00"
148,9,2025,Qtr 4,October,6,"$300,00","$300,00"
148,10,2025,Qtr 4,October,13,"$300,00","$300,00"
148,11,2025,Qtr 4,October,20,"$300,00","$300,00"
148,12,2025,Qtr 4,October,27,"$300,00","$300,00"
148,13,2025,Qtr 4,November,3,"$300,00","$300,00"
148,14,2025,Qtr 4,November,10,"$300,00","$300,00"
148,15,2025,Qtr 4,November,17,"$300,00","$300,00"
149,0,2025,Qtr 3,August,15,"$799,00","$799,00"
149,1,2025,Qtr 3,August,22,"$300,00","$300,00"
149,2,2025,Qtr 3,August,29,"$300,00","$300,00"
149,3,2025,Qtr 3,September,5,"$300,00","$300,00"
149,4,2025,Qtr 3,September,12,"$300,00","$300,00"
149,5,2025,Qtr 3,September,19,"$300,00","$300,00"
149,6,2025,Qtr 3,September,26,"$300,00","$300,00"
149,7,2025,Qtr 4,October,3,"$300,00","$300,00"
149,8,2025,Qtr 4,October,10,"$300,00","$300,00"
149,9,2025,Qtr 4,October,17,"$300,00","$300,00"
149,10,2025,Qtr 4,October,24,"$300,00","$300,00"
149,11,2025,Qtr 4,October,31,"$300,00","$300,00"
149,12,2025,Qtr 4,November,7,"$300,00","$300,00"
149,13,2025,Qtr 4,November,14,"$300,00","$300,00"
149,14,2025,Qtr 4,November,21,"$300,00","$300,00"
149,15,2025,Qtr 4,November,28,"$300,00","$300,00"
150,0,2025,Qtr 3,September,5,"$999,00","$999,00"
150,1,2025,Qtr 3,September,12,"$226,54","$226,54"
150,2,2025,Qtr 3,September,19,"$226,54","$226,54"
150,3,2025,Qtr 3,September,26,"$226,54","$226,54"
150,4,2025,Qtr 4,October,3,"$226,54","$226,54"
150,5,2025,Qtr 4,October,10,"$226,54","$226,54"
150,6,2025,Qtr 4,October,17,"$226,54","$226,54"
150,7,2025,Qtr 4,October,24,"$226,54","$226,54"
150,8,2025,Qtr 4,October,31,"$226,54","$226,54"
150,9,2025,Qtr 4,November,7,"$226,54","$226,54"
150,10,2025,Qtr 4,November,14,"$226,54","$226,54"
150,11,2025,Qtr 4,November,21,"$226,54","$226,54"
150,12,2025,Qtr 4,November,28,"$226,54","$226,54"
150,13,2025,Qtr 4,December,5,"$226,54","$226,54"
150,14,2025,Qtr 4,December,12,"$226,54","$226,54"
150,15,2025,Qtr 4,December,19,"$226,54","$226,54"
150,16,2025,Qtr 4,December,26,"$226,54","$226,54"
150,17,2026,Qtr 1,January,2,"$226,54","$226,54"
150,18,2026,Qtr 1,January,9,"$226,54","$226,54"
150,19,2026,Qtr 1,January,16,"$226,54","$226,54"
150,20,2026,Qtr 1,January,23,"$226,54","$0,00"
150,21,2026,Qtr 1,January,30,"$226,54","$0,00"
150,22,2026,Qtr 1,February,6,"$226,54","$0,00"
150,23,2026,Qtr 1,February,13,"$226,54","$0,00"
150,24,2026,Qtr 1,February,20,"$226,54","$0,00"
150,25,2026,Qtr 1,February,27,"$226,54","$0,00"
150,26,2026,Qtr 1,March,6,"$226,54","$0,00"
151,0,2025,Qtr 3,August,29,"$1250,00","$1249,50"
151,1,2025,Qtr 3,September,5,"$392,48","$392,48"
151,2,2025,Qtr 3,September,12,"$392,48","$392,48"
151,3,2025,Qtr 3,September,19,"$392,48","$392,48"
151,4,2025,Qtr 3,September,26,"$392,48","$392,48"
151,5,2025,Qtr 4,October,3,"$392,48","$392,48"
151,6,2025,Qtr 4,October,10,"$392,48","$392,48"
151,7,2025,Qtr 4,October,17,"$392,48","$392,48"
151,8,2025,Qtr 4,October,24,"$392,48","$392,48"
151,9,2025,Qtr 4,October,31,"$392,48","$392,48"
151,10,2025,Qtr 4,November,7,"$392,48","$392,48"
151,11,2025,Qtr 4,November,14,"$392,48","$392,48"
151,12,2025,Qtr 4,November,21,"$392,48","$392,48"
151,13,2025,Qtr 4,November,28,"$392,48","$392,48"
151,14,2025,Qtr 4,December,5,"$392,48","$392,48"
151,15,2025,Qtr 4,December,12,"$392,48","$392,48"
151,16,2025,Qtr 4,December,19,"$392,48","$392,48"
151,17,2025,Qtr 4,December,26,"$392,48","$392,48"
151,18,2026,Qtr 1,January,2,"$392,48","$392,48"
151,19,2026,Qtr 1,January,9,"$392,48","$392,48"
151,20,2026,Qtr 1,January,16,"$392,48","$392,38"
154,0,2025,Qtr 3,August,14,"$799,00","$799,00"
154,1,2025,Qtr 3,August,21,"$160,47","$160,47"
154,2,2025,Qtr 3,August,28,"$160,47","$160,47"
154,3,2025,Qtr 3,September,4,"$160,47","$160,47"
154,4,2025,Qtr 3,September,11,"$160,47","$160,47"
154,5,2025,Qtr 3,September,18,"$160,47","$160,47"
154,6,2025,Qtr 3,September,25,"$160,47","$160,47"
154,7,2025,Qtr 4,October,2,"$160,47","$160,47"
154,8,2025,Qtr 4,October,9,"$160,47","$160,47"
154,9,2025,Qtr 4,October,16,"$160,47","$160,47"
154,10,2025,Qtr 4,October,23,"$160,47","$160,47"
154,11,2025,Qtr 4,October,30,"$160,47","$160,47"
154,12,2025,Qtr 4,November,6,"$160,47","$160,47"
154,13,2025,Qtr 4,November,13,"$160,47","$160,47"
154,14,2025,Qtr 4,November,20,"$160,47","$160,47"
154,15,2025,Qtr 4,November,27,"$160,47","$160,47"
154,16,2025,Qtr 4,December,4,"$160,47","$160,47"
154,17,2025,Qtr 4,December,11,"$160,47","$160,47"
154,18,2025,Qtr 4,December,18,"$160,47","$160,47"
154,19,2025,Qtr 4,December,25,"$160,47","$160,47"
154,20,2026,Qtr 1,January,1,"$160,47","$160,47"
154,21,2026,Qtr 1,January,8,"$160,47","$160,47"
154,22,2026,Qtr 1,January,15,"$160,47","$160,47"
154,23,2026,Qtr 1,January,22,"$160,47","$0,00"
154,24,2026,Qtr 1,January,29,"$160,47","$0,00"
154,25,2026,Qtr 1,February,5,"$160,47","$0,00"
154,26,2026,Qtr 1,February,12,"$160,47","$0,00"
154,27,2026,Qtr 1,February,19,"$160,47","$0,00"
154,28,2026,Qtr 1,February,26,"$160,47","$0,00"
154,29,2026,Qtr 1,March,5,"$160,47","$0,00"
154,30,2026,Qtr 1,March,12,"$160,47","$0,00"
154,31,2026,Qtr 1,March,19,"$160,47","$0,00"
154,32,2026,Qtr 1,March,26,"$160,47","$0,00"
154,33,2026,Qtr 2,April,2,"$160,47","$0,00"
154,34,2026,Qtr 2,April,9,"$160,47","$0,00"
154,35,2026,Qtr 2,April,16,"$160,47","$0,00"
154,36,2026,Qtr 2,April,23,"$160,47","$0,00"
154,37,2026,Qtr 2,April,30,"$160,47","$0,00"
154,38,2026,Qtr 2,May,7,"$160,47","$0,00"
154,39,2026,Qtr 2,May,14,"$160,47","$0,00"
154,40,2026,Qtr 2,May,21,"$160,47","$0,00"
154,41,2026,Qtr 2,May,28,"$160,47","$0,00"
155,0,2025,Qtr 3,August,24,"$1249,00","$1249,00"
155,1,2025,Qtr 3,August,31,"$279,00","$279,00"
155,2,2025,Qtr 3,September,7,"$279,00","$279,00"
155,3,2025,Qtr 3,September,14,"$279,00","$279,00"
155,4,2025,Qtr 3,September,21,"$279,00","$279,00"
155,5,2025,Qtr 3,September,28,"$279,00","$279,00"
155,6,2025,Qtr 4,October,5,"$279,00","$279,00"
155,7,2025,Qtr 4,October,12,"$279,00","$279,00"
155,8,2025,Qtr 4,October,19,"$279,00","$279,00"
155,9,2025,Qtr 4,October,26,"$279,00","$279,00"
155,10,2025,Qtr 4,November,2,"$279,00","$279,00"
155,11,2025,Qtr 4,November,9,"$279,00","$279,00"
155,12,2025,Qtr 4,November,16,"$279,00","$279,00"
155,13,2025,Qtr 4,November,23,"$279,00","$279,00"
155,14,2025,Qtr 4,November,30,"$279,00","$279,00"
155,15,2025,Qtr 4,December,7,"$279,00","$279,00"
155,16,2025,Qtr 4,December,14,"$279,00","$279,00"
155,17,2025,Qtr 4,December,21,"$279,00","$279,00"
155,18,2025,Qtr 4,December,28,"$279,00","$279,00"
155,19,2026,Qtr 1,January,4,"$279,00","$279,00"
155,20,2026,Qtr 1,January,11,"$279,00","$279,00"
155,21,2026,Qtr 1,January,18,"$279,00","$279,00"
155,22,2026,Qtr 1,January,25,"$279,00","$0,00"
155,23,2026,Qtr 1,February,1,"$279,00","$0,00"
155,24,2026,Qtr 1,February,8,"$279,00","$0,00"
155,25,2026,Qtr 1,February,15,"$279,00","$0,00"
155,26,2026,Qtr 1,February,22,"$279,00","$0,00"
155,27,2026,Qtr 1,March,1,"$279,00","$0,00"
155,28,2026,Qtr 1,March,8,"$279,00","$0,00"
155,29,2026,Qtr 1,March,15,"$279,00","$0,00"
155,30,2026,Qtr 1,March,22,"$279,00","$0,00"
155,31,2026,Qtr 1,March,29,"$279,00","$0,00"
155,32,2026,Qtr 2,April,5,"$279,00","$0,00"
155,33,2026,Qtr 2,April,12,"$279,00","$0,00"
155,34,2026,Qtr 2,April,19,"$279,00","$0,00"
155,35,2026,Qtr 2,April,26,"$279,00","$0,00"
156,0,2025,Qtr 3,August,23,"$1249,00","$1249,00"
156,1,2025,Qtr 3,August,30,"$273,00","$273,00"
156,2,2025,Qtr 3,September,6,"$273,00","$273,00"
156,3,2025,Qtr 3,September,13,"$273,00","$273,00"
156,4,2025,Qtr 3,September,20,"$273,00","$273,00"
156,5,2025,Qtr 3,September,27,"$273,00","$273,00"
156,6,2025,Qtr 4,October,4,"$273,00","$273,00"
156,7,2025,Qtr 4,October,11,"$273,00","$273,00"
156,8,2025,Qtr 4,October,18,"$273,00","$273,00"
156,9,2025,Qtr 4,October,25,"$273,00","$273,00"
156,10,2025,Qtr 4,November,1,"$273,00","$273,00"
156,11,2025,Qtr 4,November,8,"$273,00","$273,00"
156,12,2025,Qtr 4,November,15,"$273,00","$273,00"
156,13,2025,Qtr 4,November,22,"$273,00","$273,00"
156,14,2025,Qtr 4,November,29,"$273,00","$273,00"
156,15,2025,Qtr 4,December,6,"$273,00","$273,00"
156,16,2025,Qtr 4,December,13,"$273,00","$273,00"
156,17,2025,Qtr 4,December,20,"$273,00","$273,00"
156,18,2025,Qtr 4,December,27,"$273,00","$273,00"
156,19,2026,Qtr 1,January,3,"$273,00","$273,00"
156,20,2026,Qtr 1,January,10,"$273,00","$273,00"
156,21,2026,Qtr 1,January,17,"$273,00","$273,00"
156,22,2026,Qtr 1,January,24,"$273,00","$0,00"
156,23,2026,Qtr 1,January,31,"$273,00","$0,00"
156,24,2026,Qtr 1,February,7,"$273,00","$0,00"
156,25,2026,Qtr 1,February,14,"$273,00","$0,00"
156,26,2026,Qtr 1,February,21,"$273,00","$0,00"
156,27,2026,Qtr 1,February,28,"$273,00","$0,00"
156,28,2026,Qtr 1,March,7,"$273,00","$0,00"
156,29,2026,Qtr 1,March,14,"$273,00","$0,00"
156,30,2026,Qtr 1,March,21,"$273,00","$0,00"
156,31,2026,Qtr 1,March,28,"$273,00","$0,00"
156,32,2026,Qtr 2,April,4,"$273,00","$0,00"
156,33,2026,Qtr 2,April,11,"$273,00","$0,00"
156,34,2026,Qtr 2,April,18,"$273,00","$0,00"
156,35,2026,Qtr 2,April,25,"$273,00","$0,00"
159,0,2025,Qtr 3,August,23,"$999,00","$999,00"
159,1,2025,Qtr 3,August,30,"$310,00","$310,00"
159,2,2025,Qtr 3,September,6,"$310,00","$310,00"
159,3,2025,Qtr 3,September,13,"$310,00","$310,00"
159,4,2025,Qtr 3,September,20,"$310,00","$310,00"
159,5,2025,Qtr 3,September,27,"$310,00","$310,00"
159,6,2025,Qtr 4,October,4,"$310,00","$310,00"
159,7,2025,Qtr 4,October,11,"$310,00","$310,00"
159,8,2025,Qtr 4,October,18,"$310,00","$310,00"
159,9,2025,Qtr 4,October,25,"$310,00","$310,00"
159,10,2025,Qtr 4,November,1,"$310,00","$310,00"
159,11,2025,Qtr 4,November,8,"$310,00","$310,00"
159,12,2025,Qtr 4,November,15,"$310,00","$310,00"
159,13,2025,Qtr 4,November,22,"$310,00","$310,00"
159,14,2025,Qtr 4,November,29,"$310,00","$310,00"
159,15,2025,Qtr 4,December,6,"$310,00","$310,00"
162,0,2025,Qtr 3,August,2,"$799,00","$799,00"
162,1,2025,Qtr 3,August,9,"$300,00","$300,00"
162,2,2025,Qtr 3,August,16,"$300,00","$300,00"
162,3,2025,Qtr 3,August,23,"$300,00","$300,00"
162,4,2025,Qtr 3,August,30,"$300,00","$300,00"
162,5,2025,Qtr 3,September,6,"$300,00","$300,00"
162,6,2025,Qtr 3,September,13,"$300,00","$300,00"
162,7,2025,Qtr 3,September,20,"$300,00","$300,00"
162,8,2025,Qtr 3,September,27,"$300,00","$300,00"
162,9,2025,Qtr 4,October,4,"$300,00","$300,00"
162,10,2025,Qtr 4,October,11,"$300,00","$300,00"
162,11,2025,Qtr 4,October,18,"$300,00","$300,00"
162,12,2025,Qtr 4,October,25,"$300,00","$300,00"
162,13,2025,Qtr 4,November,1,"$300,00","$300,00"
162,14,2025,Qtr 4,November,8,"$300,00","$300,00"
162,15,2025,Qtr 4,November,15,"$300,00","$300,00"
163,0,2025,Qtr 3,July,31,"$799,00","$799,00"
163,1,2025,Qtr 3,August,7,"$160,47","$160,47"
163,2,2025,Qtr 3,August,14,"$160,47","$160,47"
163,3,2025,Qtr 3,August,21,"$160,47","$160,47"
163,4,2025,Qtr 3,August,28,"$160,47","$160,47"
163,5,2025,Qtr 3,September,4,"$160,47","$160,47"
163,6,2025,Qtr 3,September,11,"$160,47","$160,47"
163,7,2025,Qtr 3,September,18,"$160,47","$160,47"
163,8,2025,Qtr 3,September,25,"$160,47","$160,47"
163,9,2025,Qtr 4,October,2,"$160,47","$160,47"
163,10,2025,Qtr 4,October,9,"$160,47","$160,47"
163,11,2025,Qtr 4,October,16,"$160,47","$160,47"
163,12,2025,Qtr 4,October,23,"$160,47","$160,47"
163,13,2025,Qtr 4,October,30,"$160,47","$160,47"
163,14,2025,Qtr 4,November,6,"$160,47","$160,47"
163,15,2025,Qtr 4,November,13,"$160,47","$160,47"
163,16,2025,Qtr 4,November,20,"$160,47","$160,47"
163,17,2025,Qtr 4,November,27,"$160,47","$160,47"
163,18,2025,Qtr 4,December,4,"$160,47","$160,47"
163,19,2025,Qtr 4,December,11,"$160,47","$160,47"
163,20,2025,Qtr 4,December,18,"$160,47","$160,47"
163,21,2025,Qtr 4,December,25,"$160,47","$160,47"
163,22,2026,Qtr 1,January,1,"$160,47","$160,47"
163,23,2026,Qtr 1,January,8,"$160,47","$160,47"
163,24,2026,Qtr 1,January,15,"$160,47","$160,47"
163,25,2026,Qtr 1,January,22,"$160,47","$0,00"
163,26,2026,Qtr 1,January,29,"$160,47","$0,00"
163,27,2026,Qtr 1,February,5,"$160,47","$0,00"
163,28,2026,Qtr 1,February,12,"$160,47","$0,00"
163,29,2026,Qtr 1,February,19,"$160,47","$0,00"
163,30,2026,Qtr 1,February,26,"$160,47","$0,00"
163,31,2026,Qtr 1,March,5,"$160,47","$0,00"
163,32,2026,Qtr 1,March,12,"$160,47","$0,00"
163,33,2026,Qtr 1,March,19,"$160,47","$0,00"
163,34,2026,Qtr 1,March,26,"$160,47","$0,00"
163,35,2026,Qtr 2,April,2,"$160,47","$0,00"
163,36,2026,Qtr 2,April,9,"$160,47","$0,00"
163,37,2026,Qtr 2,April,16,"$160,47","$0,00"
163,38,2026,Qtr 2,April,23,"$160,47","$0,00"
163,39,2026,Qtr 2,April,30,"$160,47","$0,00"
163,40,2026,Qtr 2,May,7,"$160,47","$0,00"
163,41,2026,Qtr 2,May,14,"$160,47","$0,00"
163,42,2026,Qtr 2,May,21,"$160,47","$0,00"
163,43,2026,Qtr 2,May,28,"$160,47","$0,00"
164,0,2025,Qtr 3,July,31,"$799,00","$799,00"
164,1,2025,Qtr 3,August,7,"$160,47","$160,47"
164,2,2025,Qtr 3,August,14,"$160,47","$160,47"
164,3,2025,Qtr 3,August,21,"$160,47","$160,47"
164,4,2025,Qtr 3,August,28,"$160,47","$160,47"
164,5,2025,Qtr 3,September,4,"$160,47","$160,47"
164,6,2025,Qtr 3,September,11,"$160,47","$160,47"
164,7,2025,Qtr 3,September,18,"$160,47","$160,47"
164,8,2025,Qtr 3,September,25,"$160,47","$160,47"
164,9,2025,Qtr 4,October,2,"$160,47","$160,47"
164,10,2025,Qtr 4,October,9,"$160,47","$160,47"
164,11,2025,Qtr 4,October,16,"$160,47","$160,47"
164,12,2025,Qtr 4,October,23,"$160,47","$160,47"
164,13,2025,Qtr 4,October,30,"$160,47","$160,47"
164,14,2025,Qtr 4,November,6,"$160,47","$160,47"
164,15,2025,Qtr 4,November,13,"$160,47","$160,47"
164,16,2025,Qtr 4,November,20,"$160,47","$160,47"
164,17,2025,Qtr 4,November,27,"$160,47","$160,47"
164,18,2025,Qtr 4,December,4,"$160,47","$160,47"
164,19,2025,Qtr 4,December,11,"$160,47","$160,47"
164,20,2025,Qtr 4,December,18,"$160,47","$160,47"
164,21,2025,Qtr 4,December,25,"$160,47","$160,47"
164,22,2026,Qtr 1,January,1,"$160,47","$160,47"
164,23,2026,Qtr 1,January,8,"$160,47","$160,47"
164,24,2026,Qtr 1,January,15,"$160,47","$160,47"
164,25,2026,Qtr 1,January,22,"$160,47","$0,00"
164,26,2026,Qtr 1,January,29,"$160,47","$0,00"
164,27,2026,Qtr 1,February,5,"$160,47","$0,00"
164,28,2026,Qtr 1,February,12,"$160,47","$0,00"
164,29,2026,Qtr 1,February,19,"$160,47","$0,00"
164,30,2026,Qtr 1,February,26,"$160,47","$0,00"
164,31,2026,Qtr 1,March,5,"$160,47","$0,00"
164,32,2026,Qtr 1,March,12,"$160,47","$0,00"
164,33,2026,Qtr 1,March,19,"$160,47","$0,00"
164,34,2026,Qtr 1,March,26,"$160,47","$0,00"
164,35,2026,Qtr 2,April,2,"$160,47","$0,00"
164,36,2026,Qtr 2,April,9,"$160,47","$0,00"
164,37,2026,Qtr 2,April,16,"$160,47","$0,00"
164,38,2026,Qtr 2,April,23,"$160,47","$0,00"
164,39,2026,Qtr 2,April,30,"$160,47","$0,00"
164,40,2026,Qtr 2,May,7,"$160,47","$0,00"
164,41,2026,Qtr 2,May,14,"$160,47","$0,00"
164,42,2026,Qtr 2,May,21,"$160,47","$0,00"
164,43,2026,Qtr 2,May,28,"$160,47","$0,00"
167,0,2025,Qtr 3,July,21,"$1249,00","$1249,00"
167,1,2025,Qtr 3,July,28,"$255,00","$255,00"
167,2,2025,Qtr 3,August,4,"$255,00","$255,00"
167,3,2025,Qtr 3,August,11,"$255,00","$255,00"
167,4,2025,Qtr 3,August,18,"$255,00","$255,00"
167,5,2025,Qtr 3,August,25,"$255,00","$255,00"
167,6,2025,Qtr 3,September,1,"$255,00","$255,00"
167,7,2025,Qtr 3,September,8,"$255,00","$255,00"
167,8,2025,Qtr 3,September,15,"$255,00","$255,00"
167,9,2025,Qtr 3,September,22,"$255,00","$255,00"
167,10,2025,Qtr 3,September,29,"$255,00","$255,00"
167,11,2025,Qtr 4,October,6,"$255,00","$255,00"
167,12,2025,Qtr 4,October,13,"$255,00","$255,00"
167,13,2025,Qtr 4,October,20,"$255,00","$255,00"
167,14,2025,Qtr 4,October,27,"$255,00","$255,00"
167,15,2025,Qtr 4,November,3,"$255,00","$255,00"
167,16,2025,Qtr 4,November,10,"$255,00","$255,00"
167,17,2025,Qtr 4,November,17,"$255,00","$255,00"
167,18,2025,Qtr 4,November,24,"$255,00","$255,00"
167,19,2025,Qtr 4,December,1,"$255,00","$255,00"
167,20,2025,Qtr 4,December,8,"$255,00","$255,00"
167,21,2025,Qtr 4,December,15,"$255,00","$255,00"
167,22,2025,Qtr 4,December,22,"$255,00","$255,00"
167,23,2025,Qtr 4,December,29,"$255,00","$255,00"
167,24,2026,Qtr 1,January,5,"$255,00","$255,00"
167,25,2026,Qtr 1,January,12,"$255,00","$255,00"
167,26,2026,Qtr 1,January,19,"$255,00","$255,00"
167,27,2026,Qtr 1,January,26,"$255,00","$0,00"
167,28,2026,Qtr 1,February,2,"$255,00","$0,00"
167,29,2026,Qtr 1,February,9,"$255,00","$0,00"
167,30,2026,Qtr 1,February,16,"$255,00","$0,00"
167,31,2026,Qtr 1,February,23,"$255,00","$0,00"
167,32,2026,Qtr 1,March,2,"$255,00","$0,00"
167,33,2026,Qtr 1,March,9,"$255,00","$0,00"
167,34,2026,Qtr 1,March,16,"$255,00","$0,00"
167,35,2026,Qtr 1,March,23,"$255,00","$0,00"
168,0,2025,Qtr 3,July,19,"$1249,00","$1249,00"
168,1,2025,Qtr 3,July,26,"$291,00","$291,00"
168,2,2025,Qtr 3,August,2,"$291,00","$291,00"
168,3,2025,Qtr 3,August,9,"$291,00","$291,00"
168,4,2025,Qtr 3,August,16,"$291,00","$291,00"
168,5,2025,Qtr 3,August,23,"$291,00","$291,00"
168,6,2025,Qtr 3,August,30,"$291,00","$291,00"
168,7,2025,Qtr 3,September,6,"$291,00","$291,00"
168,8,2025,Qtr 3,September,13,"$291,00","$291,00"
168,9,2025,Qtr 3,September,20,"$291,00","$291,00"
168,10,2025,Qtr 3,September,27,"$291,00","$291,00"
168,11,2025,Qtr 4,October,4,"$291,00","$291,00"
168,12,2025,Qtr 4,October,11,"$291,00","$291,00"
168,13,2025,Qtr 4,October,18,"$291,00","$291,00"
168,14,2025,Qtr 4,October,25,"$291,00","$291,00"
168,15,2025,Qtr 4,November,1,"$291,00","$291,00"
168,16,2025,Qtr 4,November,8,"$291,00","$291,00"
168,17,2025,Qtr 4,November,15,"$291,00","$291,00"
168,18,2025,Qtr 4,November,22,"$291,00","$291,00"
168,19,2025,Qtr 4,November,29,"$291,00","$291,00"
168,20,2025,Qtr 4,December,6,"$291,00","$291,00"
168,21,2025,Qtr 4,December,13,"$291,00","$291,00"
168,22,2025,Qtr 4,December,20,"$291,00","$291,00"
168,23,2025,Qtr 4,December,27,"$291,00","$291,00"
168,24,2026,Qtr 1,January,3,"$291,00","$291,00"
168,25,2026,Qtr 1,January,10,"$291,00","$291,00"
168,26,2026,Qtr 1,January,17,"$291,00","$291,00"
168,27,2026,Qtr 1,January,24,"$291,00","$0,00"
168,28,2026,Qtr 1,January,31,"$291,00","$0,00"
168,29,2026,Qtr 1,February,7,"$291,00","$0,00"
168,30,2026,Qtr 1,February,14,"$291,00","$0,00"
168,31,2026,Qtr 1,February,21,"$291,00","$0,00"
168,32,2026,Qtr 1,February,28,"$291,00","$0,00"
168,33,2026,Qtr 1,March,7,"$291,00","$0,00"
168,34,2026,Qtr 1,March,14,"$291,00","$0,00"
168,35,2026,Qtr 1,March,21,"$291,00","$0,00"
169,0,2025,Qtr 3,July,27,"$999,00","$999,00"
169,1,2025,Qtr 3,August,3,"$430,00","$430,00"
169,2,2025,Qtr 3,August,10,"$430,00","$430,00"
169,3,2025,Qtr 3,August,17,"$430,00","$430,00"
169,4,2025,Qtr 3,August,24,"$430,00","$430,00"
169,5,2025,Qtr 3,August,31,"$430,00","$430,00"
169,6,2025,Qtr 3,September,7,"$430,00","$430,00"
169,7,2025,Qtr 3,September,14,"$430,00","$430,00"
169,8,2025,Qtr 3,September,21,"$430,00","$430,00"
169,9,2025,Qtr 3,September,28,"$430,00","$430,00"
169,10,2025,Qtr 4,October,5,"$430,00","$430,00"
169,11,2025,Qtr 4,October,12,"$430,00","$430,00"
169,12,2025,Qtr 4,October,19,"$430,00","$430,00"
169,13,2025,Qtr 4,October,26,"$430,00","$430,00"
169,14,2025,Qtr 4,November,2,"$430,00","$430,00"
169,15,2025,Qtr 4,November,9,"$430,00","$430,00"
170,0,2025,Qtr 4,November,19,"$0,00","$0,00"
170,1,2025,Qtr 4,November,26,"$162,66","$162,66"
170,2,2025,Qtr 4,December,3,"$162,66","$162,66"
170,3,2025,Qtr 4,December,10,"$162,66","$162,66"
170,4,2025,Qtr 4,December,17,"$162,66","$162,66"
170,5,2025,Qtr 4,December,24,"$162,66","$162,66"
170,6,2025,Qtr 4,December,31,"$162,66","$162,66"
170,7,2026,Qtr 1,January,7,"$162,66","$162,66"
170,8,2026,Qtr 1,January,14,"$162,66","$162,66"
170,9,2026,Qtr 1,January,21,"$162,66","$0,00"
170,10,2026,Qtr 1,January,28,"$162,66","$0,00"
170,11,2026,Qtr 1,February,4,"$162,66","$0,00"
170,12,2026,Qtr 1,February,11,"$162,66","$0,00"
170,13,2026,Qtr 1,February,18,"$162,66","$0,00"
170,14,2026,Qtr 1,February,25,"$162,66","$0,00"
170,15,2026,Qtr 1,March,4,"$162,66","$0,00"
170,16,2026,Qtr 1,March,11,"$162,66","$0,00"
170,17,2026,Qtr 1,March,18,"$162,66","$0,00"
170,18,2026,Qtr 1,March,25,"$162,66","$0,00"
170,19,2026,Qtr 2,April,1,"$162,66","$0,00"
170,20,2026,Qtr 2,April,8,"$162,66","$0,00"
170,21,2026,Qtr 2,April,15,"$162,66","$0,00"
170,22,2026,Qtr 2,April,22,"$162,66","$0,00"
170,23,2026,Qtr 2,April,29,"$162,66","$0,00"
170,24,2026,Qtr 2,May,6,"$162,66","$0,00"
170,25,2026,Qtr 2,May,13,"$162,66","$0,00"
170,26,2026,Qtr 2,May,20,"$162,66","$0,00"
170,27,2026,Qtr 2,May,27,"$162,66","$0,00"
170,28,2026,Qtr 2,June,3,"$162,66","$0,00"
171,0,2025,Qtr 3,July,13,"$624,00","$624,50"
171,1,2025,Qtr 3,July,20,"$273,73","$273,73"
171,2,2025,Qtr 3,July,27,"$273,73","$273,73"
171,3,2025,Qtr 3,August,3,"$273,73","$273,73"
171,4,2025,Qtr 3,August,10,"$273,73","$273,73"
171,5,2025,Qtr 3,August,17,"$273,73","$273,73"
171,6,2025,Qtr 3,August,24,"$273,73","$273,73"
171,7,2025,Qtr 3,August,31,"$273,73","$273,73"
171,8,2025,Qtr 3,September,7,"$273,73","$273,73"
171,9,2025,Qtr 3,September,14,"$273,73","$273,73"
171,10,2025,Qtr 3,September,21,"$273,73","$273,73"
171,11,2025,Qtr 3,September,28,"$273,73","$273,73"
171,12,2025,Qtr 4,October,5,"$273,73","$273,73"
171,13,2025,Qtr 4,October,12,"$273,73","$273,73"
171,14,2025,Qtr 4,October,19,"$273,73","$273,73"
171,15,2025,Qtr 4,October,26,"$273,73","$273,73"
171,16,2025,Qtr 4,November,2,"$273,73","$273,73"
171,17,2025,Qtr 4,November,9,"$273,73","$273,73"
171,18,2025,Qtr 4,November,16,"$273,73","$273,73"
171,19,2025,Qtr 4,November,23,"$273,73","$273,73"
171,20,2025,Qtr 4,November,30,"$273,73","$273,63"
172,0,2025,Qtr 3,July,16,"$999,00","$999,00"
172,1,2025,Qtr 3,July,23,"$230,00","$230,00"
172,2,2025,Qtr 3,July,30,"$230,00","$230,00"
172,3,2025,Qtr 3,August,6,"$230,00","$230,00"
172,4,2025,Qtr 3,August,13,"$230,00","$230,00"
172,5,2025,Qtr 3,August,20,"$230,00","$230,00"
172,6,2025,Qtr 3,August,27,"$230,00","$230,00"
172,7,2025,Qtr 3,September,3,"$230,00","$230,00"
172,8,2025,Qtr 3,September,10,"$230,00","$230,00"
172,9,2025,Qtr 3,September,17,"$230,00","$230,00"
172,10,2025,Qtr 3,September,24,"$230,00","$230,00"
172,11,2025,Qtr 4,October,1,"$230,00","$230,00"
172,12,2025,Qtr 4,October,8,"$230,00","$230,00"
172,13,2025,Qtr 4,October,15,"$230,00","$230,00"
172,14,2025,Qtr 4,October,22,"$230,00","$230,00"
172,15,2025,Qtr 4,October,29,"$230,00","$230,00"
172,16,2025,Qtr 4,November,5,"$230,00","$230,00"
172,17,2025,Qtr 4,November,12,"$230,00","$230,00"
172,18,2025,Qtr 4,November,19,"$230,00","$230,00"
172,19,2025,Qtr 4,November,26,"$230,00","$230,00"
172,20,2025,Qtr 4,December,3,"$230,00","$230,00"
172,21,2025,Qtr 4,December,10,"$230,00","$230,00"
172,22,2025,Qtr 4,December,17,"$230,00","$230,00"
172,23,2025,Qtr 4,December,24,"$230,00","$230,00"
172,24,2025,Qtr 4,December,31,"$230,00","$230,00"
172,25,2026,Qtr 1,January,7,"$230,00","$230,00"
172,26,2026,Qtr 1,January,14,"$230,00","$230,00"
172,27,2026,Qtr 1,January,21,"$230,00","$0,00"
172,28,2026,Qtr 1,January,28,"$230,00","$0,00"
172,29,2026,Qtr 1,February,4,"$230,00","$0,00"
172,30,2026,Qtr 1,February,11,"$230,00","$0,00"
172,31,2026,Qtr 1,February,18,"$230,00","$0,00"
172,32,2026,Qtr 1,February,25,"$230,00","$0,00"
172,33,2026,Qtr 1,March,4,"$230,00","$0,00"
172,34,2026,Qtr 1,March,11,"$230,00","$0,00"
172,35,2026,Qtr 1,March,18,"$230,00","$0,00"
172,36,2026,Qtr 1,March,25,"$230,00","$0,00"
172,37,2026,Qtr 2,April,1,"$230,00","$0,00"
172,38,2026,Qtr 2,April,8,"$230,00","$0,00"
172,39,2026,Qtr 2,April,15,"$230,00","$0,00"
172,40,2026,Qtr 2,April,22,"$230,00","$0,00"
172,41,2026,Qtr 2,April,29,"$230,00","$0,00"
172,42,2026,Qtr 2,May,6,"$230,00","$0,00"
172,43,2026,Qtr 2,May,13,"$230,00","$0,00"
173,0,2025,Qtr 3,July,27,"$999,00","$999,00"
173,1,2025,Qtr 3,August,3,"$430,00","$430,00"
173,2,2025,Qtr 3,August,10,"$430,00","$430,00"
173,3,2025,Qtr 3,August,17,"$430,00","$430,00"
173,4,2025,Qtr 3,August,24,"$430,00","$430,00"
173,5,2025,Qtr 3,August,31,"$430,00","$430,00"
173,6,2025,Qtr 3,September,7,"$430,00","$430,00"
173,7,2025,Qtr 3,September,14,"$430,00","$430,00"
173,8,2025,Qtr 3,September,21,"$430,00","$430,00"
173,9,2025,Qtr 3,September,28,"$430,00","$430,00"
173,10,2025,Qtr 4,October,5,"$430,00","$430,00"
173,11,2025,Qtr 4,October,12,"$430,00","$430,00"
173,12,2025,Qtr 4,October,19,"$430,00","$430,00"
173,13,2025,Qtr 4,October,26,"$430,00","$430,00"
173,14,2025,Qtr 4,November,2,"$430,00","$430,00"
173,15,2025,Qtr 4,November,9,"$430,00","$430,00"
174,0,2025,Qtr 3,July,16,"$400,00","$399,50"
174,1,2025,Qtr 3,July,23,"$209,20","$209,20"
174,2,2025,Qtr 3,July,30,"$209,20","$209,20"
174,3,2025,Qtr 3,August,6,"$209,20","$209,20"
174,4,2025,Qtr 3,August,13,"$209,20","$209,20"
174,5,2025,Qtr 3,August,20,"$209,20","$209,20"
174,6,2025,Qtr 3,August,27,"$209,20","$209,20"
174,7,2025,Qtr 3,September,3,"$209,20","$209,20"
174,8,2025,Qtr 3,September,10,"$209,20","$209,20"
174,9,2025,Qtr 3,September,17,"$209,20","$209,20"
174,10,2025,Qtr 3,September,24,"$209,20","$209,20"
174,11,2025,Qtr 4,October,1,"$209,20","$209,20"
174,12,2025,Qtr 4,October,8,"$209,20","$209,20"
174,13,2025,Qtr 4,October,15,"$209,20","$209,20"
174,14,2025,Qtr 4,October,22,"$209,20","$209,20"
174,15,2025,Qtr 4,October,29,"$209,20","$209,20"
174,16,2025,Qtr 4,November,5,"$209,20","$209,20"
174,17,2025,Qtr 4,November,12,"$209,20","$209,20"
174,18,2025,Qtr 4,November,19,"$209,20","$209,20"
174,19,2025,Qtr 4,November,26,"$209,20","$209,20"
174,20,2025,Qtr 4,December,3,"$209,20","$209,20"
174,21,2025,Qtr 4,December,10,"$209,20","$209,20"
174,22,2025,Qtr 4,December,17,"$209,20","$209,20"
174,23,2025,Qtr 4,December,24,"$209,20","$209,20"
174,24,2025,Qtr 4,December,31,"$209,20","$209,20"
174,25,2026,Qtr 1,January,7,"$209,20","$209,20"
174,26,2026,Qtr 1,January,14,"$209,20","$209,20"
175,0,2025,Qtr 3,July,29,"$999,00","$999,00"
175,1,2025,Qtr 3,August,5,"$314,23","$314,23"
175,2,2025,Qtr 3,August,12,"$314,23","$314,23"
175,3,2025,Qtr 3,August,19,"$314,23","$314,23"
175,4,2025,Qtr 3,August,26,"$314,23","$314,23"
175,5,2025,Qtr 3,September,2,"$314,23","$314,23"
175,6,2025,Qtr 3,September,9,"$314,23","$314,23"
175,7,2025,Qtr 3,September,16,"$314,23","$314,23"
175,8,2025,Qtr 3,September,23,"$314,23","$314,23"
175,9,2025,Qtr 3,September,30,"$314,23","$314,23"
175,10,2025,Qtr 4,October,7,"$314,23","$314,23"
175,11,2025,Qtr 4,October,14,"$314,23","$314,23"
175,12,2025,Qtr 4,October,21,"$314,23","$314,23"
175,13,2025,Qtr 4,October,28,"$314,23","$314,23"
175,14,2025,Qtr 4,November,4,"$314,23","$314,23"
175,15,2025,Qtr 4,November,11,"$314,23","$314,23"
175,16,2025,Qtr 4,November,18,"$314,23","$314,23"
175,17,2025,Qtr 4,November,25,"$314,23","$314,23"
175,18,2025,Qtr 4,December,2,"$314,23","$314,23"
175,19,2025,Qtr 4,December,9,"$314,23","$314,23"
175,20,2025,Qtr 4,December,16,"$314,23","$314,23"
175,21,2025,Qtr 4,December,23,"$314,23","$314,23"
175,22,2025,Qtr 4,December,30,"$314,23","$314,23"
175,23,2026,Qtr 1,January,6,"$314,23","$314,23"
175,24,2026,Qtr 1,January,13,"$314,23","$314,23"
175,25,2026,Qtr 1,January,20,"$314,23","$0,00"
175,26,2026,Qtr 1,January,27,"$314,23","$0,00"
176,0,2025,Qtr 3,July,21,"$999,00","$999,00"
176,1,2025,Qtr 3,July,28,"$430,00","$430,00"
176,2,2025,Qtr 3,August,4,"$430,00","$430,00"
176,3,2025,Qtr 3,August,11,"$430,00","$430,00"
176,4,2025,Qtr 3,August,18,"$430,00","$430,00"
176,5,2025,Qtr 3,August,25,"$430,00","$430,00"
176,6,2025,Qtr 3,September,1,"$430,00","$430,00"
176,7,2025,Qtr 3,September,8,"$430,00","$430,00"
176,8,2025,Qtr 3,September,15,"$430,00","$430,00"
176,9,2025,Qtr 3,September,22,"$430,00","$430,00"
176,10,2025,Qtr 3,September,29,"$430,00","$430,00"
176,11,2025,Qtr 4,October,6,"$430,00","$430,00"
176,12,2025,Qtr 4,October,13,"$430,00","$430,00"
176,13,2025,Qtr 4,October,20,"$430,00","$430,00"
176,14,2025,Qtr 4,October,27,"$430,00","$430,00"
176,15,2025,Qtr 4,November,3,"$430,00","$430,00"
179,0,2025,Qtr 3,July,31,"$999,00","$999,00"
179,1,2025,Qtr 3,August,7,"$430,00","$430,00"
179,2,2025,Qtr 3,August,14,"$430,00","$430,00"
179,3,2025,Qtr 3,August,21,"$430,00","$430,00"
179,4,2025,Qtr 3,August,28,"$430,00","$430,00"
179,5,2025,Qtr 3,September,4,"$430,00","$430,00"
179,6,2025,Qtr 3,September,11,"$430,00","$430,00"
179,7,2025,Qtr 3,September,18,"$430,00","$430,00"
179,8,2025,Qtr 3,September,25,"$430,00","$430,00"
179,9,2025,Qtr 4,October,2,"$430,00","$430,00"
179,10,2025,Qtr 4,October,9,"$430,00","$430,00"
179,11,2025,Qtr 4,October,16,"$430,00","$430,00"
179,12,2025,Qtr 4,October,23,"$430,00","$430,00"
179,13,2025,Qtr 4,October,30,"$430,00","$430,00"
179,14,2025,Qtr 4,November,6,"$430,00","$430,00"
179,15,2025,Qtr 4,November,13,"$430,00","$430,00"
180,0,2025,Qtr 3,July,13,"$799,00","$799,00"
180,1,2025,Qtr 3,July,20,"$160,47","$160,47"
180,2,2025,Qtr 3,July,27,"$160,47","$160,47"
180,3,2025,Qtr 3,August,3,"$160,47","$160,47"
180,4,2025,Qtr 3,August,10,"$160,47","$160,47"
180,5,2025,Qtr 3,August,17,"$160,47","$160,47"
180,6,2025,Qtr 3,August,24,"$160,47","$160,47"
180,7,2025,Qtr 3,August,31,"$160,47","$160,47"
180,8,2025,Qtr 3,September,7,"$160,47","$160,47"
180,9,2025,Qtr 3,September,14,"$160,47","$160,47"
180,10,2025,Qtr 3,September,21,"$160,47","$160,47"
180,11,2025,Qtr 3,September,28,"$160,47","$160,47"
180,12,2025,Qtr 4,October,5,"$160,47","$160,47"
180,13,2025,Qtr 4,October,12,"$160,47","$160,47"
180,14,2025,Qtr 4,October,19,"$160,47","$160,47"
180,15,2025,Qtr 4,October,26,"$160,47","$160,47"
180,16,2025,Qtr 4,November,2,"$160,47","$160,47"
180,17,2025,Qtr 4,November,9,"$160,47","$160,47"
180,18,2025,Qtr 4,November,16,"$160,47","$160,47"
180,19,2025,Qtr 4,November,23,"$160,47","$160,47"
180,20,2025,Qtr 4,November,30,"$160,47","$160,47"
180,21,2025,Qtr 4,December,7,"$160,47","$160,47"
180,22,2025,Qtr 4,December,14,"$160,47","$160,47"
180,23,2025,Qtr 4,December,21,"$160,47","$160,47"
180,24,2025,Qtr 4,December,28,"$160,47","$160,47"
180,25,2026,Qtr 1,January,4,"$160,47","$160,47"
180,26,2026,Qtr 1,January,11,"$160,47","$160,47"
180,27,2026,Qtr 1,January,18,"$160,47","$160,47"
180,28,2026,Qtr 1,January,25,"$160,47","$0,00"
180,29,2026,Qtr 1,February,1,"$160,47","$0,00"
180,30,2026,Qtr 1,February,8,"$160,47","$0,00"
180,31,2026,Qtr 1,February,15,"$160,47","$0,00"
180,32,2026,Qtr 1,February,22,"$160,47","$0,00"
180,33,2026,Qtr 1,March,1,"$160,47","$0,00"
180,34,2026,Qtr 1,March,8,"$160,47","$0,00"
180,35,2026,Qtr 1,March,15,"$160,47","$0,00"
180,36,2026,Qtr 1,March,22,"$160,47","$0,00"
180,37,2026,Qtr 1,March,29,"$160,47","$0,00"
180,38,2026,Qtr 2,April,5,"$160,47","$0,00"
180,39,2026,Qtr 2,April,12,"$160,47","$0,00"
180,40,2026,Qtr 2,April,19,"$160,47","$0,00"
180,41,2026,Qtr 2,April,26,"$160,47","$0,00"
180,42,2026,Qtr 2,May,3,"$160,47","$0,00"
180,43,2026,Qtr 2,May,10,"$160,47","$0,00"
181,0,2025,Qtr 3,July,9,"$999,00","$999,00"
181,1,2025,Qtr 3,July,16,"$230,00","$230,00"
181,2,2025,Qtr 3,July,23,"$230,00","$230,00"
181,3,2025,Qtr 3,July,30,"$230,00","$230,00"
181,4,2025,Qtr 3,August,6,"$230,00","$230,00"
181,5,2025,Qtr 3,August,13,"$230,00","$230,00"
181,6,2025,Qtr 3,August,20,"$230,00","$230,00"
181,7,2025,Qtr 3,August,27,"$230,00","$230,00"
181,8,2025,Qtr 3,September,3,"$230,00","$230,00"
181,9,2025,Qtr 3,September,10,"$230,00","$230,00"
181,10,2025,Qtr 3,September,17,"$230,00","$230,00"
181,11,2025,Qtr 3,September,24,"$230,00","$230,00"
181,12,2025,Qtr 4,October,1,"$230,00","$230,00"
181,13,2025,Qtr 4,October,8,"$230,00","$230,00"
181,14,2025,Qtr 4,October,15,"$230,00","$230,00"
181,15,2025,Qtr 4,October,22,"$230,00","$230,00"
181,16,2025,Qtr 4,October,29,"$230,00","$230,00"
181,17,2025,Qtr 4,November,5,"$230,00","$230,00"
181,18,2025,Qtr 4,November,12,"$230,00","$230,00"
181,19,2025,Qtr 4,November,19,"$230,00","$230,00"
181,20,2025,Qtr 4,November,26,"$230,00","$230,00"
181,21,2025,Qtr 4,December,3,"$230,00","$230,00"
181,22,2025,Qtr 4,December,10,"$230,00","$230,00"
181,23,2025,Qtr 4,December,17,"$230,00","$230,00"
181,24,2025,Qtr 4,December,24,"$230,00","$230,00"
181,25,2025,Qtr 4,December,31,"$230,00","$230,00"
181,26,2026,Qtr 1,January,7,"$230,00","$230,00"
181,27,2026,Qtr 1,January,14,"$230,00","$230,00"
181,28,2026,Qtr 1,January,21,"$230,00","$0,00"
181,29,2026,Qtr 1,January,28,"$230,00","$0,00"
181,30,2026,Qtr 1,February,4,"$230,00","$0,00"
181,31,2026,Qtr 1,February,11,"$230,00","$0,00"
181,32,2026,Qtr 1,February,18,"$230,00","$0,00"
181,33,2026,Qtr 1,February,25,"$230,00","$0,00"
181,34,2026,Qtr 1,March,4,"$230,00","$0,00"
181,35,2026,Qtr 1,March,11,"$230,00","$0,00"
181,36,2026,Qtr 1,March,18,"$230,00","$0,00"
181,37,2026,Qtr 1,March,25,"$230,00","$0,00"
181,38,2026,Qtr 2,April,1,"$230,00","$0,00"
181,39,2026,Qtr 2,April,8,"$230,00","$0,00"
181,40,2026,Qtr 2,April,15,"$230,00","$0,00"
181,41,2026,Qtr 2,April,22,"$230,00","$0,00"
181,42,2026,Qtr 2,April,29,"$230,00","$0,00"
181,43,2026,Qtr 2,May,6,"$230,00","$0,00"
182,0,2026,Qtr 1,January,25,"$1249,00","$505,00"
182,1,2026,Qtr 1,February,1,"$505,00","$505,00"
182,2,2026,Qtr 1,February,8,"$505,00","$505,00"
182,3,2026,Qtr 1,February,15,"$505,00","$1249,00"
182,4,2026,Qtr 1,February,22,"$505,00","$505,00"
182,5,2026,Qtr 1,March,1,"$505,00","$505,00"
182,6,2026,Qtr 1,March,8,"$505,00","$505,00"
182,7,2026,Qtr 1,March,15,"$505,00","$505,00"
182,8,2026,Qtr 1,March,22,"$505,00","$505,00"
182,9,2026,Qtr 1,March,29,"$505,00","$505,00"
182,10,2026,Qtr 2,April,5,"$505,00","$505,00"
182,11,2026,Qtr 2,April,12,"$505,00","$505,00"
182,12,2026,Qtr 2,April,19,"$505,00","$505,00"
182,13,2026,Qtr 2,April,26,"$505,00","$505,00"
182,14,2026,Qtr 2,May,3,"$505,00","$505,00"
182,15,2026,Qtr 2,May,10,"$505,00","$505,00"
183,0,2025,Qtr 3,July,12,"$799,00","$799,00"
183,1,2025,Qtr 3,July,19,"$300,00","$300,00"
183,2,2025,Qtr 3,July,26,"$300,00","$300,00"
183,3,2025,Qtr 3,August,2,"$300,00","$300,00"
183,4,2025,Qtr 3,August,9,"$300,00","$300,00"
183,5,2025,Qtr 3,August,16,"$300,00","$300,00"
183,6,2025,Qtr 3,August,23,"$300,00","$300,00"
183,7,2025,Qtr 3,August,30,"$300,00","$300,00"
183,8,2025,Qtr 3,September,6,"$300,00","$300,00"
183,9,2025,Qtr 3,September,13,"$300,00","$300,00"
183,10,2025,Qtr 3,September,20,"$300,00","$300,00"
183,11,2025,Qtr 3,September,27,"$300,00","$300,00"
183,12,2025,Qtr 4,October,4,"$300,00","$300,00"
183,13,2025,Qtr 4,October,11,"$300,00","$300,00"
183,14,2025,Qtr 4,October,18,"$300,00","$300,00"
183,15,2025,Qtr 4,October,25,"$300,00","$300,00"
184,0,2025,Qtr 3,July,10,"$799,00","$799,00"
184,1,2025,Qtr 3,July,17,"$211,92","$211,92"
184,2,2025,Qtr 3,July,24,"$211,92","$211,92"
184,3,2025,Qtr 3,July,31,"$211,92","$211,92"
184,4,2025,Qtr 3,August,7,"$211,92","$211,92"
184,5,2025,Qtr 3,August,14,"$211,92","$211,92"
184,6,2025,Qtr 3,August,21,"$211,92","$211,92"
184,7,2025,Qtr 3,August,28,"$211,92","$211,92"
184,8,2025,Qtr 3,September,4,"$211,92","$211,92"
184,9,2025,Qtr 3,September,11,"$211,92","$211,92"
184,10,2025,Qtr 3,September,18,"$211,92","$211,92"
184,11,2025,Qtr 3,September,25,"$211,92","$211,92"
184,12,2025,Qtr 4,October,2,"$211,92","$211,92"
184,13,2025,Qtr 4,October,9,"$211,92","$211,92"
184,14,2025,Qtr 4,October,16,"$211,92","$211,92"
184,15,2025,Qtr 4,October,23,"$211,92","$211,92"
184,16,2025,Qtr 4,October,30,"$211,92","$211,92"
184,17,2025,Qtr 4,November,6,"$211,92","$211,92"
184,18,2025,Qtr 4,November,13,"$211,92","$211,92"
184,19,2025,Qtr 4,November,20,"$211,92","$211,92"
184,20,2025,Qtr 4,November,27,"$211,92","$211,92"
184,21,2025,Qtr 4,December,4,"$211,92","$211,92"
184,22,2025,Qtr 4,December,11,"$211,92","$211,92"
184,23,2025,Qtr 4,December,18,"$211,92","$211,92"
184,24,2025,Qtr 4,December,25,"$211,92","$211,92"
184,25,2026,Qtr 1,January,1,"$211,92","$211,92"
184,26,2026,Qtr 1,January,8,"$211,92","$212,00"
185,0,2025,Qtr 2,June,26,"$799,00","$799,00"
185,1,2025,Qtr 3,July,3,"$180,00","$180,00"
185,2,2025,Qtr 3,July,10,"$180,00","$180,00"
185,3,2025,Qtr 3,July,17,"$180,00","$180,00"
185,4,2025,Qtr 3,July,24,"$180,00","$180,00"
185,5,2025,Qtr 3,July,31,"$180,00","$180,00"
185,6,2025,Qtr 3,August,7,"$180,00","$180,00"
185,7,2025,Qtr 3,August,14,"$180,00","$180,00"
185,8,2025,Qtr 3,August,21,"$180,00","$180,00"
185,9,2025,Qtr 3,August,28,"$180,00","$180,00"
185,10,2025,Qtr 3,September,4,"$180,00","$180,00"
185,11,2025,Qtr 3,September,11,"$180,00","$180,00"
185,12,2025,Qtr 3,September,18,"$180,00","$180,00"
185,13,2025,Qtr 3,September,25,"$180,00","$180,00"
185,14,2025,Qtr 4,October,2,"$180,00","$180,00"
185,15,2025,Qtr 4,October,9,"$180,00","$180,00"
185,16,2025,Qtr 4,October,16,"$180,00","$180,00"
185,17,2025,Qtr 4,October,23,"$180,00","$180,00"
185,18,2025,Qtr 4,October,30,"$180,00","$180,00"
185,19,2025,Qtr 4,November,6,"$180,00","$180,00"
185,20,2025,Qtr 4,November,13,"$180,00","$180,00"
185,21,2025,Qtr 4,November,20,"$180,00","$180,00"
185,22,2025,Qtr 4,November,27,"$180,00","$180,00"
185,23,2025,Qtr 4,December,4,"$180,00","$180,00"
185,24,2025,Qtr 4,December,11,"$180,00","$180,00"
185,25,2025,Qtr 4,December,18,"$180,00","$180,00"
185,26,2025,Qtr 4,December,25,"$180,00","$180,00"
185,27,2026,Qtr 1,January,1,"$180,00","$180,00"
185,28,2026,Qtr 1,January,8,"$180,00","$180,00"
185,29,2026,Qtr 1,January,15,"$180,00","$180,00"
185,30,2026,Qtr 1,January,22,"$180,00","$0,00"
185,31,2026,Qtr 1,January,29,"$180,00","$0,00"
185,32,2026,Qtr 1,February,5,"$180,00","$0,00"
185,33,2026,Qtr 1,February,12,"$180,00","$0,00"
185,34,2026,Qtr 1,February,19,"$180,00","$0,00"
185,35,2026,Qtr 1,February,26,"$180,00","$0,00"
186,0,2025,Qtr 3,July,10,"$1249,00","$1249,00"
186,1,2025,Qtr 3,July,17,"$273,00","$273,00"
186,2,2025,Qtr 3,July,24,"$273,00","$273,00"
186,3,2025,Qtr 3,July,31,"$273,00","$273,00"
186,4,2025,Qtr 3,August,7,"$273,00","$273,00"
186,5,2025,Qtr 3,August,14,"$273,00","$273,00"
186,6,2025,Qtr 3,August,21,"$273,00","$273,00"
186,7,2025,Qtr 3,August,28,"$273,00","$273,00"
186,8,2025,Qtr 3,September,4,"$273,00","$273,00"
186,9,2025,Qtr 3,September,11,"$273,00","$273,00"
186,10,2025,Qtr 3,September,18,"$273,00","$273,00"
186,11,2025,Qtr 3,September,25,"$273,00","$273,00"
186,12,2025,Qtr 4,October,2,"$273,00","$273,00"
186,13,2025,Qtr 4,October,9,"$273,00","$273,00"
186,14,2025,Qtr 4,October,16,"$273,00","$273,00"
186,15,2025,Qtr 4,October,23,"$273,00","$273,00"
186,16,2025,Qtr 4,October,30,"$273,00","$273,00"
186,17,2025,Qtr 4,November,6,"$273,00","$273,00"
186,18,2025,Qtr 4,November,13,"$273,00","$273,00"
186,19,2025,Qtr 4,November,20,"$273,00","$273,00"
186,20,2025,Qtr 4,November,27,"$273,00","$273,00"
186,21,2025,Qtr 4,December,4,"$273,00","$273,00"
186,22,2025,Qtr 4,December,11,"$273,00","$273,00"
186,23,2025,Qtr 4,December,18,"$273,00","$273,00"
186,24,2025,Qtr 4,December,25,"$273,00","$273,00"
186,25,2026,Qtr 1,January,1,"$273,00","$273,00"
186,26,2026,Qtr 1,January,8,"$273,00","$273,00"
186,27,2026,Qtr 1,January,15,"$273,00","$273,00"
186,28,2026,Qtr 1,January,22,"$273,00","$0,00"
186,29,2026,Qtr 1,January,29,"$273,00","$0,00"
186,30,2026,Qtr 1,February,5,"$273,00","$0,00"
186,31,2026,Qtr 1,February,12,"$273,00","$0,00"
186,32,2026,Qtr 1,February,19,"$273,00","$0,00"
186,33,2026,Qtr 1,February,26,"$273,00","$0,00"
186,34,2026,Qtr 1,March,5,"$273,00","$0,00"
186,35,2026,Qtr 1,March,12,"$273,00","$0,00"
187,0,2025,Qtr 2,June,23,"$799,00","$799,00"
187,1,2025,Qtr 2,June,30,"$219,23","$219,23"
187,2,2025,Qtr 3,July,7,"$219,23","$219,23"
187,3,2025,Qtr 3,July,14,"$219,23","$219,23"
187,4,2025,Qtr 3,July,21,"$219,23","$219,23"
187,5,2025,Qtr 3,July,28,"$219,23","$219,23"
187,6,2025,Qtr 3,August,4,"$219,23","$219,23"
187,7,2025,Qtr 3,August,11,"$219,23","$219,23"
187,8,2025,Qtr 3,August,18,"$219,23","$219,23"
187,9,2025,Qtr 3,August,25,"$219,23","$219,23"
187,10,2025,Qtr 3,September,1,"$219,23","$219,23"
187,11,2025,Qtr 3,September,8,"$219,23","$219,23"
187,12,2025,Qtr 3,September,15,"$219,23","$219,23"
187,13,2025,Qtr 3,September,22,"$219,23","$219,23"
187,14,2025,Qtr 3,September,29,"$219,23","$219,23"
187,15,2025,Qtr 4,October,6,"$219,23","$219,23"
187,16,2025,Qtr 4,October,13,"$219,23","$219,23"
187,17,2025,Qtr 4,October,20,"$219,23","$219,23"
187,18,2025,Qtr 4,October,27,"$219,23","$219,23"
187,19,2025,Qtr 4,November,3,"$219,23","$219,23"
187,20,2025,Qtr 4,November,10,"$219,23","$219,23"
187,21,2025,Qtr 4,November,17,"$219,23","$219,23"
187,22,2025,Qtr 4,November,24,"$219,23","$219,23"
187,23,2025,Qtr 4,December,1,"$219,23","$219,23"
187,24,2025,Qtr 4,December,8,"$219,23","$219,23"
187,25,2025,Qtr 4,December,15,"$219,23","$219,23"
187,26,2025,Qtr 4,December,22,"$219,23","$219,25"
188,0,2025,Qtr 2,June,8,"$999,00","$999,00"
188,1,2025,Qtr 2,June,15,"$430,00","$430,00"
188,2,2025,Qtr 2,June,22,"$430,00","$430,00"
188,3,2025,Qtr 2,June,29,"$430,00","$430,00"
188,4,2025,Qtr 3,July,6,"$430,00","$430,00"
188,5,2025,Qtr 3,July,13,"$430,00","$430,00"
188,6,2025,Qtr 3,July,20,"$430,00","$430,00"
188,7,2025,Qtr 3,July,27,"$430,00","$430,00"
188,8,2025,Qtr 3,August,3,"$430,00","$430,00"
188,9,2025,Qtr 3,August,10,"$430,00","$430,00"
188,10,2025,Qtr 3,August,17,"$430,00","$430,00"
188,11,2025,Qtr 3,August,24,"$430,00","$430,00"
188,12,2025,Qtr 3,August,31,"$430,00","$430,00"
188,13,2025,Qtr 3,September,7,"$430,00","$430,00"
188,14,2025,Qtr 3,September,14,"$430,00","$430,00"
188,15,2025,Qtr 3,September,21,"$430,00","$430,00"
189,0,2025,Qtr 2,June,13,"$799,00","$799,00"
189,1,2025,Qtr 2,June,20,"$219,23","$219,23"
189,2,2025,Qtr 2,June,27,"$219,23","$219,23"
189,3,2025,Qtr 3,July,4,"$219,23","$219,23"
189,4,2025,Qtr 3,July,11,"$219,23","$219,23"
189,5,2025,Qtr 3,July,18,"$219,23","$219,23"
189,6,2025,Qtr 3,July,25,"$219,23","$219,23"
189,7,2025,Qtr 3,August,1,"$219,23","$219,23"
189,8,2025,Qtr 3,August,8,"$219,23","$219,23"
189,9,2025,Qtr 3,August,15,"$219,23","$219,23"
189,10,2025,Qtr 3,August,22,"$219,23","$219,23"
189,11,2025,Qtr 3,August,29,"$219,23","$219,23"
189,12,2025,Qtr 3,September,5,"$219,23","$219,23"
189,13,2025,Qtr 3,September,12,"$219,23","$219,23"
189,14,2025,Qtr 3,September,19,"$219,23","$219,23"
189,15,2025,Qtr 3,September,26,"$219,23","$219,23"
189,16,2025,Qtr 4,October,3,"$219,23","$219,23"
189,17,2025,Qtr 4,October,10,"$219,23","$219,23"
189,18,2025,Qtr 4,October,17,"$219,23","$219,23"
189,19,2025,Qtr 4,October,24,"$219,23","$219,23"
189,20,2025,Qtr 4,October,31,"$219,23","$219,23"
189,21,2025,Qtr 4,November,7,"$219,23","$219,23"
189,22,2025,Qtr 4,November,14,"$219,23","$219,23"
189,23,2025,Qtr 4,November,21,"$219,23","$219,23"
189,24,2025,Qtr 4,November,28,"$219,23","$219,23"
189,25,2025,Qtr 4,December,5,"$219,23","$219,23"
189,26,2025,Qtr 4,December,12,"$219,23","$219,25"
191,0,2025,Qtr 2,June,9,"$0,00","$0,00"
191,1,2025,Qtr 2,June,16,"$324,95","$324,95"
191,2,2025,Qtr 2,June,23,"$324,95","$324,95"
191,3,2025,Qtr 2,June,30,"$324,95","$324,95"
191,4,2025,Qtr 3,July,7,"$324,95","$324,95"
191,5,2025,Qtr 3,July,14,"$324,95","$324,95"
191,6,2025,Qtr 3,July,21,"$324,95","$324,95"
191,7,2025,Qtr 3,July,28,"$324,95","$324,95"
191,8,2025,Qtr 3,August,4,"$324,95","$324,95"
191,9,2025,Qtr 3,August,11,"$324,95","$324,95"
191,10,2025,Qtr 3,August,18,"$324,95","$324,95"
191,11,2025,Qtr 3,August,25,"$324,95","$324,95"
191,12,2025,Qtr 3,September,1,"$324,95","$324,95"
191,13,2025,Qtr 3,September,8,"$324,95","$324,95"
191,14,2025,Qtr 3,September,15,"$324,95","$324,95"
191,15,2025,Qtr 3,September,22,"$324,95","$324,95"
191,16,2025,Qtr 3,September,29,"$324,95","$324,95"
191,17,2025,Qtr 4,October,6,"$324,95","$324,95"
191,18,2025,Qtr 4,October,13,"$324,95","$324,95"
191,19,2025,Qtr 4,October,20,"$324,95","$324,95"
191,20,2025,Qtr 4,October,27,"$324,95","$324,95"
192,0,2026,Qtr 1,January,25,"$400,00","$400,00"
192,1,2026,Qtr 1,February,1,"$165,00","$165,00"
192,2,2026,Qtr 1,February,8,"$165,00","$165,00"
192,3,2026,Qtr 1,February,15,"$165,00","$165,00"
192,4,2026,Qtr 1,February,22,"$165,00","$165,00"
192,5,2026,Qtr 1,March,1,"$165,00","$165,00"
192,6,2026,Qtr 1,March,8,"$165,00","$165,00"
192,7,2026,Qtr 1,March,15,"$165,00","$165,00"
192,8,2026,Qtr 1,March,22,"$165,00","$165,00"
192,9,2026,Qtr 1,March,29,"$165,00","$165,00"
192,10,2026,Qtr 2,April,5,"$165,00","$165,00"
192,11,2026,Qtr 2,April,12,"$165,00","$165,00"
192,12,2026,Qtr 2,April,19,"$165,00","$165,00"
192,13,2026,Qtr 2,April,26,"$165,00","$165,00"
192,14,2026,Qtr 2,May,3,"$165,00","$165,00"
192,15,2026,Qtr 2,May,10,"$165,00","$165,00"
192,16,2026,Qtr 2,May,17,"$165,00","$165,00"
192,17,2026,Qtr 2,May,24,"$165,00","$165,00"
192,18,2026,Qtr 2,May,31,"$165,00","$165,00"
193,0,2025,Qtr 2,June,8,"$799,00","$799,00"
193,1,2025,Qtr 2,June,15,"$300,00","$300,00"
193,2,2025,Qtr 2,June,22,"$300,00","$300,00"
193,3,2025,Qtr 2,June,29,"$300,00","$300,00"
193,4,2025,Qtr 3,July,6,"$300,00","$300,00"
193,5,2025,Qtr 3,July,13,"$300,00","$300,00"
193,6,2025,Qtr 3,July,20,"$300,00","$300,00"
193,7,2025,Qtr 3,July,27,"$300,00","$300,00"
193,8,2025,Qtr 3,August,3,"$300,00","$300,00"
193,9,2025,Qtr 3,August,10,"$300,00","$300,00"
193,10,2025,Qtr 3,August,17,"$300,00","$300,00"
193,11,2025,Qtr 3,August,24,"$300,00","$300,00"
193,12,2025,Qtr 3,August,31,"$300,00","$300,00"
193,13,2025,Qtr 3,September,7,"$300,00","$300,00"
193,14,2025,Qtr 3,September,14,"$300,00","$300,00"
193,15,2025,Qtr 3,September,21,"$300,00","$300,00"
194,0,2025,Qtr 2,June,12,"$400,00","$399,50"
194,1,2025,Qtr 2,June,19,"$169,98","$169,98"
194,2,2025,Qtr 2,June,26,"$169,98","$169,98"
194,3,2025,Qtr 3,July,3,"$169,98","$169,98"
194,4,2025,Qtr 3,July,10,"$169,98","$169,98"
194,5,2025,Qtr 3,July,17,"$169,98","$169,98"
194,6,2025,Qtr 3,July,24,"$169,98","$169,98"
194,7,2025,Qtr 3,July,31,"$169,98","$169,98"
194,8,2025,Qtr 3,August,7,"$169,98","$169,98"
194,9,2025,Qtr 3,August,14,"$169,98","$169,98"
194,10,2025,Qtr 3,August,21,"$169,98","$169,98"
194,11,2025,Qtr 3,August,28,"$169,98","$169,98"
194,12,2025,Qtr 3,September,4,"$169,98","$169,98"
194,13,2025,Qtr 3,September,11,"$169,98","$169,98"
194,14,2025,Qtr 3,September,18,"$169,98","$169,98"
194,15,2025,Qtr 3,September,25,"$169,98","$169,98"
194,16,2025,Qtr 4,October,2,"$169,98","$169,98"
194,17,2025,Qtr 4,October,9,"$169,98","$169,98"
194,18,2025,Qtr 4,October,16,"$169,98","$169,98"
194,19,2025,Qtr 4,October,23,"$169,98","$169,98"
194,20,2025,Qtr 4,October,30,"$169,98","$169,88"
195,0,2025,Qtr 2,June,12,"$400,00","$399,50"
195,1,2025,Qtr 2,June,19,"$339,95","$339,95"
195,2,2025,Qtr 2,June,26,"$339,95","$339,95"
195,3,2025,Qtr 3,July,3,"$339,95","$339,95"
195,4,2025,Qtr 3,July,10,"$339,95","$339,95"
195,5,2025,Qtr 3,July,17,"$339,95","$339,95"
195,6,2025,Qtr 3,July,24,"$339,95","$339,95"
195,7,2025,Qtr 3,July,31,"$339,95","$339,95"
195,8,2025,Qtr 3,August,7,"$339,95","$339,95"
195,9,2025,Qtr 3,August,14,"$339,95","$339,95"
195,10,2025,Qtr 3,August,21,"$339,95","$339,95"
195,11,2025,Qtr 3,August,28,"$339,95","$339,95"
195,12,2025,Qtr 3,September,4,"$339,95","$339,95"
195,13,2025,Qtr 3,September,11,"$339,95","$339,95"
195,14,2025,Qtr 3,September,18,"$339,95","$339,95"
195,15,2025,Qtr 3,September,25,"$339,95","$339,95"
197,0,2025,Qtr 2,June,14,"$799,00","$799,00"
197,1,2025,Qtr 2,June,21,"$160,47","$160,47"
197,2,2025,Qtr 2,June,28,"$160,47","$160,47"
197,3,2025,Qtr 3,July,5,"$160,47","$160,47"
197,4,2025,Qtr 3,July,12,"$160,47","$160,47"
197,5,2025,Qtr 3,July,19,"$160,47","$160,47"
197,6,2025,Qtr 3,July,26,"$160,47","$160,47"
197,7,2025,Qtr 3,August,2,"$160,47","$160,47"
197,8,2025,Qtr 3,August,9,"$160,47","$160,47"
197,9,2025,Qtr 3,August,16,"$160,47","$160,47"
197,10,2025,Qtr 3,August,23,"$160,47","$160,47"
197,11,2025,Qtr 3,August,30,"$160,47","$160,47"
197,12,2025,Qtr 3,September,6,"$160,47","$160,47"
197,13,2025,Qtr 3,September,13,"$160,47","$160,47"
197,14,2025,Qtr 3,September,20,"$160,47","$160,47"
197,15,2025,Qtr 3,September,27,"$160,47","$160,47"
197,16,2025,Qtr 4,October,4,"$160,47","$160,47"
197,17,2025,Qtr 4,October,11,"$160,47","$160,47"
197,18,2025,Qtr 4,October,18,"$160,47","$160,47"
197,19,2025,Qtr 4,October,25,"$160,47","$160,47"
197,20,2025,Qtr 4,November,1,"$160,47","$160,47"
197,21,2025,Qtr 4,November,8,"$160,47","$160,47"
197,22,2025,Qtr 4,November,15,"$160,47","$160,47"
197,23,2025,Qtr 4,November,22,"$160,47","$160,47"
197,24,2025,Qtr 4,November,29,"$160,47","$160,47"
197,25,2025,Qtr 4,December,6,"$160,47","$160,47"
197,26,2025,Qtr 4,December,13,"$160,47","$160,47"
197,27,2025,Qtr 4,December,20,"$160,47","$160,47"
197,28,2025,Qtr 4,December,27,"$160,47","$160,47"
197,29,2026,Qtr 1,January,3,"$160,47","$160,47"
197,30,2026,Qtr 1,January,10,"$160,47","$160,47"
197,31,2026,Qtr 1,January,17,"$160,47","$160,47"
197,32,2026,Qtr 1,January,24,"$160,47","$0,00"
197,33,2026,Qtr 1,January,31,"$160,47","$0,00"
197,34,2026,Qtr 1,February,7,"$160,47","$0,00"
197,35,2026,Qtr 1,February,14,"$160,47","$0,00"
197,36,2026,Qtr 1,February,21,"$160,47","$0,00"
197,37,2026,Qtr 1,February,28,"$160,47","$0,00"
197,38,2026,Qtr 1,March,7,"$160,47","$0,00"
197,39,2026,Qtr 1,March,14,"$160,47","$0,00"
197,40,2026,Qtr 1,March,21,"$160,47","$0,00"
197,41,2026,Qtr 1,March,28,"$160,47","$0,00"
197,42,2026,Qtr 2,April,4,"$160,47","$0,00"
197,43,2026,Qtr 2,April,11,"$160,47","$0,00"
198,0,2025,Qtr 2,June,14,"$799,00","$799,00"
198,1,2025,Qtr 2,June,21,"$300,00","$300,00"
198,2,2025,Qtr 2,June,28,"$300,00","$300,00"
198,3,2025,Qtr 3,July,5,"$300,00","$300,00"
198,4,2025,Qtr 3,July,12,"$300,00","$300,00"
198,5,2025,Qtr 3,July,19,"$300,00","$300,00"
198,6,2025,Qtr 3,July,26,"$300,00","$300,00"
198,7,2025,Qtr 3,August,2,"$300,00","$300,00"
198,8,2025,Qtr 3,August,9,"$300,00","$300,00"
198,9,2025,Qtr 3,August,16,"$300,00","$300,00"
198,10,2025,Qtr 3,August,23,"$300,00","$300,00"
198,11,2025,Qtr 3,August,30,"$300,00","$300,00"
198,12,2025,Qtr 3,September,6,"$300,00","$300,00"
198,13,2025,Qtr 3,September,13,"$300,00","$300,00"
198,14,2025,Qtr 3,September,20,"$300,00","$300,00"
198,15,2025,Qtr 3,September,27,"$300,00","$300,00"
199,0,2025,Qtr 2,June,14,"$400,00","$399,50"
199,1,2025,Qtr 2,June,21,"$134,40","$134,40"
199,2,2025,Qtr 2,June,28,"$134,40","$134,40"
199,3,2025,Qtr 3,July,5,"$134,40","$134,40"
199,4,2025,Qtr 3,July,12,"$134,40","$134,40"
199,5,2025,Qtr 3,July,19,"$134,40","$134,40"
199,6,2025,Qtr 3,July,26,"$134,40","$134,40"
199,7,2025,Qtr 3,August,2,"$134,40","$134,40"
199,8,2025,Qtr 3,August,9,"$134,40","$134,40"
199,9,2025,Qtr 3,August,16,"$134,40","$134,40"
199,10,2025,Qtr 3,August,23,"$134,40","$134,40"
199,11,2025,Qtr 3,August,30,"$134,40","$134,40"
199,12,2025,Qtr 3,September,6,"$134,40","$134,40"
199,13,2025,Qtr 3,September,13,"$134,40","$134,40"
199,14,2025,Qtr 3,September,20,"$134,40","$134,40"
199,15,2025,Qtr 3,September,27,"$134,40","$134,40"
199,16,2025,Qtr 4,October,4,"$134,40","$134,40"
199,17,2025,Qtr 4,October,11,"$134,40","$134,40"
199,18,2025,Qtr 4,October,18,"$134,40","$134,40"
199,19,2025,Qtr 4,October,25,"$134,40","$134,40"
199,20,2025,Qtr 4,November,1,"$134,40","$134,40"
199,21,2025,Qtr 4,November,8,"$134,40","$134,40"
199,22,2025,Qtr 4,November,15,"$134,40","$134,40"
199,23,2025,Qtr 4,November,22,"$134,40","$134,40"
199,24,2025,Qtr 4,November,29,"$134,40","$134,40"
199,25,2025,Qtr 4,December,6,"$134,40","$134,40"
199,26,2025,Qtr 4,December,13,"$134,40","$134,40"
199,27,2025,Qtr 4,December,20,"$134,40","$134,40"
199,28,2025,Qtr 4,December,27,"$134,40","$134,40"
199,29,2026,Qtr 1,January,3,"$134,40","$134,40"
199,30,2026,Qtr 1,January,10,"$134,40","$134,40"
199,31,2026,Qtr 1,January,17,"$134,40","$134,40"
199,32,2026,Qtr 1,January,24,"$134,40","$0,00"
199,33,2026,Qtr 1,January,31,"$134,40","$0,00"
199,34,2026,Qtr 1,February,7,"$134,40","$0,00"
199,35,2026,Qtr 1,February,14,"$134,40","$0,00"
199,36,2026,Qtr 1,February,21,"$134,40","$0,00"
199,37,2026,Qtr 1,February,28,"$134,40","$0,00"
199,38,2026,Qtr 1,March,7,"$134,40","$0,00"
199,39,2026,Qtr 1,March,14,"$134,40","$0,00"
199,40,2026,Qtr 1,March,21,"$134,40","$0,00"
199,41,2026,Qtr 1,March,28,"$134,40","$0,00"
199,42,2026,Qtr 2,April,4,"$134,40","$0,00"
199,43,2026,Qtr 2,April,11,"$134,40","$0,00"
205,0,2025,Qtr 2,June,20,"$799,00","$799,00"
205,1,2025,Qtr 2,June,27,"$180,00","$180,00"
205,2,2025,Qtr 3,July,4,"$180,00","$180,00"
205,3,2025,Qtr 3,July,11,"$180,00","$180,00"
205,4,2025,Qtr 3,July,18,"$180,00","$180,00"
205,5,2025,Qtr 3,July,25,"$180,00","$180,00"
205,6,2025,Qtr 3,August,1,"$180,00","$180,00"
205,7,2025,Qtr 3,August,8,"$180,00","$180,00"
205,8,2025,Qtr 3,August,15,"$180,00","$180,00"
205,9,2025,Qtr 3,August,22,"$180,00","$180,00"
205,10,2025,Qtr 3,August,29,"$180,00","$180,00"
205,11,2025,Qtr 3,September,5,"$180,00","$180,00"
205,12,2025,Qtr 3,September,12,"$180,00","$180,00"
205,13,2025,Qtr 3,September,19,"$180,00","$180,00"
205,14,2025,Qtr 3,September,26,"$180,00","$180,00"
205,15,2025,Qtr 4,October,3,"$180,00","$180,00"
205,16,2025,Qtr 4,October,10,"$180,00","$180,00"
205,17,2025,Qtr 4,October,17,"$180,00","$180,00"
205,18,2025,Qtr 4,October,24,"$180,00","$180,00"
205,19,2025,Qtr 4,October,31,"$180,00","$180,00"
205,20,2025,Qtr 4,November,7,"$180,00","$180,00"
205,21,2025,Qtr 4,November,14,"$180,00","$180,00"
205,22,2025,Qtr 4,November,21,"$180,00","$180,00"
205,23,2025,Qtr 4,November,28,"$180,00","$180,00"
205,24,2025,Qtr 4,December,5,"$180,00","$180,00"
205,25,2025,Qtr 4,December,12,"$180,00","$180,00"
205,26,2025,Qtr 4,December,19,"$180,00","$180,00"
205,27,2025,Qtr 4,December,26,"$180,00","$180,00"
205,28,2026,Qtr 1,January,2,"$180,00","$180,00"
205,29,2026,Qtr 1,January,9,"$180,00","$180,00"
205,30,2026,Qtr 1,January,16,"$180,00","$180,00"
205,31,2026,Qtr 1,January,23,"$180,00","$0,00"
205,32,2026,Qtr 1,January,30,"$180,00","$0,00"
205,33,2026,Qtr 1,February,6,"$180,00","$0,00"
205,34,2026,Qtr 1,February,13,"$180,00","$0,00"
205,35,2026,Qtr 1,February,20,"$180,00","$0,00"
207,0,2025,Qtr 2,June,17,"$1000,00","$999,50"
207,1,2025,Qtr 2,June,24,"$364,98","$364,98"
207,2,2025,Qtr 3,July,1,"$364,98","$364,98"
207,3,2025,Qtr 3,July,8,"$364,98","$364,98"
207,4,2025,Qtr 3,July,15,"$364,98","$364,98"
207,5,2025,Qtr 3,July,22,"$364,98","$364,98"
207,6,2025,Qtr 3,July,29,"$364,98","$364,98"
207,7,2025,Qtr 3,August,5,"$364,98","$364,98"
207,8,2025,Qtr 3,August,12,"$364,98","$364,98"
207,9,2025,Qtr 3,August,19,"$364,98","$364,98"
207,10,2025,Qtr 3,August,26,"$364,98","$364,98"
207,11,2025,Qtr 3,September,2,"$364,98","$364,98"
207,12,2025,Qtr 3,September,9,"$364,98","$364,98"
207,13,2025,Qtr 3,September,16,"$364,98","$364,98"
207,14,2025,Qtr 3,September,23,"$364,98","$364,98"
207,15,2025,Qtr 3,September,30,"$364,98","$364,98"
207,16,2025,Qtr 4,October,7,"$364,98","$364,98"
207,17,2025,Qtr 4,October,14,"$364,98","$364,98"
207,18,2025,Qtr 4,October,21,"$364,98","$364,98"
207,19,2025,Qtr 4,October,28,"$364,98","$364,98"
207,20,2025,Qtr 4,November,4,"$364,98","$364,88"
209,0,2025,Qtr 2,June,14,"$400,00","$399,50"
209,1,2025,Qtr 2,June,21,"$339,95","$339,95"
209,2,2025,Qtr 2,June,28,"$339,95","$339,95"
209,3,2025,Qtr 3,July,5,"$339,95","$339,95"
209,4,2025,Qtr 3,July,12,"$339,95","$339,95"
209,5,2025,Qtr 3,July,19,"$339,95","$339,95"
209,6,2025,Qtr 3,July,26,"$339,95","$339,95"
209,7,2025,Qtr 3,August,2,"$339,95","$339,95"
209,8,2025,Qtr 3,August,9,"$339,95","$339,95"
209,9,2025,Qtr 3,August,16,"$339,95","$339,95"
209,10,2025,Qtr 3,August,23,"$339,95","$339,95"
209,11,2025,Qtr 3,August,30,"$339,95","$339,95"
209,12,2025,Qtr 3,September,6,"$339,95","$339,95"
209,13,2025,Qtr 3,September,13,"$339,95","$339,95"
209,14,2025,Qtr 3,September,20,"$339,95","$339,95"
209,15,2025,Qtr 3,September,27,"$339,95","$339,95"
212,0,2025,Qtr 2,May,27,"$1249,00","$1249,00"
212,1,2025,Qtr 2,June,3,"$315,00","$315,00"
212,2,2025,Qtr 2,June,10,"$315,00","$315,00"
212,3,2025,Qtr 2,June,17,"$315,00","$315,00"
212,4,2025,Qtr 2,June,24,"$315,00","$315,00"
212,5,2025,Qtr 3,July,1,"$315,00","$315,00"
212,6,2025,Qtr 3,July,8,"$315,00","$315,00"
212,7,2025,Qtr 3,July,15,"$315,00","$315,00"
212,8,2025,Qtr 3,July,22,"$315,00","$315,00"
212,9,2025,Qtr 3,July,29,"$315,00","$315,00"
212,10,2025,Qtr 3,August,5,"$315,00","$315,00"
212,11,2025,Qtr 3,August,12,"$315,00","$315,00"
212,12,2025,Qtr 3,August,19,"$315,00","$315,00"
212,13,2025,Qtr 3,August,26,"$315,00","$315,00"
212,14,2025,Qtr 3,September,2,"$315,00","$315,00"
212,15,2025,Qtr 3,September,9,"$315,00","$315,00"
212,16,2025,Qtr 3,September,16,"$315,00","$315,00"
212,17,2025,Qtr 3,September,23,"$315,00","$315,00"
212,18,2025,Qtr 3,September,30,"$315,00","$315,00"
212,19,2025,Qtr 4,October,7,"$315,00","$315,00"
212,20,2025,Qtr 4,October,14,"$315,00","$315,00"
212,21,2025,Qtr 4,October,21,"$315,00","$315,00"
212,22,2025,Qtr 4,October,28,"$315,00","$315,00"
212,23,2025,Qtr 4,November,4,"$315,00","$315,00"
212,24,2025,Qtr 4,November,11,"$315,00","$315,00"
212,25,2025,Qtr 4,November,18,"$315,00","$315,00"
212,26,2025,Qtr 4,November,25,"$315,00","$315,00"
212,27,2025,Qtr 4,December,2,"$315,00","$315,00"
212,28,2025,Qtr 4,December,9,"$315,00","$315,00"
212,29,2025,Qtr 4,December,16,"$315,00","$315,00"
212,30,2025,Qtr 4,December,23,"$315,00","$315,00"
212,31,2025,Qtr 4,December,30,"$315,00","$315,00"
212,32,2026,Qtr 1,January,6,"$315,00","$315,00"
212,33,2026,Qtr 1,January,13,"$315,00","$315,00"
212,34,2026,Qtr 1,January,20,"$315,00","$0,00"
212,35,2026,Qtr 1,January,27,"$315,00","$0,00"
213,0,2025,Qtr 2,May,27,"$999,00","$999,00"
213,1,2025,Qtr 2,June,3,"$230,00","$230,00"
213,2,2025,Qtr 2,June,10,"$230,00","$230,00"
213,3,2025,Qtr 2,June,17,"$230,00","$230,00"
213,4,2025,Qtr 2,June,24,"$230,00","$230,00"
213,5,2025,Qtr 3,July,1,"$230,00","$230,00"
213,6,2025,Qtr 3,July,8,"$230,00","$230,00"
213,7,2025,Qtr 3,July,15,"$230,00","$230,00"
213,8,2025,Qtr 3,July,22,"$230,00","$230,00"
213,9,2025,Qtr 3,July,29,"$230,00","$230,00"
213,10,2025,Qtr 3,August,5,"$230,00","$230,00"
213,11,2025,Qtr 3,August,12,"$230,00","$230,00"
213,12,2025,Qtr 3,August,19,"$230,00","$230,00"
213,13,2025,Qtr 3,August,26,"$230,00","$230,00"
213,14,2025,Qtr 3,September,2,"$230,00","$230,00"
213,15,2025,Qtr 3,September,9,"$230,00","$230,00"
213,16,2025,Qtr 3,September,16,"$230,00","$230,00"
213,17,2025,Qtr 3,September,23,"$230,00","$230,00"
213,18,2025,Qtr 3,September,30,"$230,00","$230,00"
213,19,2025,Qtr 4,October,7,"$230,00","$230,00"
213,20,2025,Qtr 4,October,14,"$230,00","$230,00"
213,21,2025,Qtr 4,October,21,"$230,00","$230,00"
213,22,2025,Qtr 4,October,28,"$230,00","$230,00"
213,23,2025,Qtr 4,November,4,"$230,00","$230,00"
213,24,2025,Qtr 4,November,11,"$230,00","$230,00"
213,25,2025,Qtr 4,November,18,"$230,00","$230,00"
213,26,2025,Qtr 4,November,25,"$230,00","$230,00"
213,27,2025,Qtr 4,December,2,"$230,00","$230,00"
213,28,2025,Qtr 4,December,9,"$230,00","$230,00"
213,29,2025,Qtr 4,December,16,"$230,00","$230,00"
213,30,2025,Qtr 4,December,23,"$230,00","$230,00"
213,31,2025,Qtr 4,December,30,"$230,00","$230,00"
213,32,2026,Qtr 1,January,6,"$230,00","$230,00"
213,33,2026,Qtr 1,January,13,"$230,00","$230,00"
213,34,2026,Qtr 1,January,20,"$230,00","$0,00"
213,35,2026,Qtr 1,January,27,"$230,00","$0,00"
213,36,2026,Qtr 1,February,3,"$230,00","$0,00"
213,37,2026,Qtr 1,February,10,"$230,00","$0,00"
213,38,2026,Qtr 1,February,17,"$230,00","$0,00"
213,39,2026,Qtr 1,February,24,"$230,00","$0,00"
213,40,2026,Qtr 1,March,3,"$230,00","$0,00"
213,41,2026,Qtr 1,March,10,"$230,00","$0,00"
213,42,2026,Qtr 1,March,17,"$230,00","$0,00"
213,43,2026,Qtr 1,March,24,"$230,00","$0,00"
214,0,2025,Qtr 2,June,1,"$999,00","$999,00"
214,1,2025,Qtr 2,June,8,"$230,00","$230,00"
214,2,2025,Qtr 2,June,15,"$230,00","$230,00"
214,3,2025,Qtr 2,June,22,"$230,00","$230,00"
214,4,2025,Qtr 2,June,29,"$230,00","$230,00"
214,5,2025,Qtr 3,July,6,"$230,00","$230,00"
214,6,2025,Qtr 3,July,13,"$230,00","$230,00"
214,7,2025,Qtr 3,July,20,"$230,00","$230,00"
214,8,2025,Qtr 3,July,27,"$230,00","$230,00"
214,9,2025,Qtr 3,August,3,"$230,00","$230,00"
214,10,2025,Qtr 3,August,10,"$230,00","$230,00"
214,11,2025,Qtr 3,August,17,"$230,00","$230,00"
214,12,2025,Qtr 3,August,24,"$230,00","$230,00"
214,13,2025,Qtr 3,August,31,"$230,00","$230,00"
214,14,2025,Qtr 3,September,7,"$230,00","$230,00"
214,15,2025,Qtr 3,September,14,"$230,00","$230,00"
214,16,2025,Qtr 3,September,21,"$230,00","$230,00"
214,17,2025,Qtr 3,September,28,"$230,00","$230,00"
214,18,2025,Qtr 4,October,5,"$230,00","$230,00"
214,19,2025,Qtr 4,October,12,"$230,00","$230,00"
214,20,2025,Qtr 4,October,19,"$230,00","$230,00"
214,21,2025,Qtr 4,October,26,"$230,00","$230,00"
214,22,2025,Qtr 4,November,2,"$230,00","$230,00"
214,23,2025,Qtr 4,November,9,"$230,00","$230,00"
214,24,2025,Qtr 4,November,16,"$230,00","$230,00"
214,25,2025,Qtr 4,November,23,"$230,00","$230,00"
214,26,2025,Qtr 4,November,30,"$230,00","$230,00"
214,27,2025,Qtr 4,December,7,"$230,00","$230,00"
214,28,2025,Qtr 4,December,14,"$230,00","$230,00"
214,29,2025,Qtr 4,December,21,"$230,00","$230,00"
214,30,2025,Qtr 4,December,28,"$230,00","$230,00"
214,31,2026,Qtr 1,January,4,"$230,00","$230,00"
214,32,2026,Qtr 1,January,11,"$230,00","$230,00"
214,33,2026,Qtr 1,January,18,"$230,00","$230,00"
214,34,2026,Qtr 1,January,25,"$230,00","$0,00"
214,35,2026,Qtr 1,February,1,"$230,00","$0,00"
214,36,2026,Qtr 1,February,8,"$230,00","$0,00"
214,37,2026,Qtr 1,February,15,"$230,00","$0,00"
214,38,2026,Qtr 1,February,22,"$230,00","$0,00"
214,39,2026,Qtr 1,March,1,"$230,00","$0,00"
214,40,2026,Qtr 1,March,8,"$230,00","$0,00"
214,41,2026,Qtr 1,March,15,"$230,00","$0,00"
214,42,2026,Qtr 1,March,22,"$230,00","$0,00"
214,43,2026,Qtr 1,March,29,"$230,00","$0,00"
215,0,2025,Qtr 2,June,7,"$624,00","$624,50"
215,1,2025,Qtr 2,June,14,"$298,73","$298,73"
215,2,2025,Qtr 2,June,21,"$298,73","$298,73"
215,3,2025,Qtr 2,June,28,"$298,73","$298,73"
215,4,2025,Qtr 3,July,5,"$298,73","$298,73"
215,5,2025,Qtr 3,July,12,"$298,73","$298,73"
215,6,2025,Qtr 3,July,19,"$298,73","$298,73"
215,7,2025,Qtr 3,July,26,"$298,73","$298,73"
215,8,2025,Qtr 3,August,2,"$298,73","$298,73"
215,9,2025,Qtr 3,August,9,"$298,73","$298,73"
215,10,2025,Qtr 3,August,16,"$298,73","$298,73"
215,11,2025,Qtr 3,August,23,"$298,73","$298,73"
215,12,2025,Qtr 3,August,30,"$298,73","$298,73"
215,13,2025,Qtr 3,September,6,"$298,73","$298,73"
215,14,2025,Qtr 3,September,13,"$298,73","$298,73"
215,15,2025,Qtr 3,September,20,"$298,73","$298,73"
215,16,2025,Qtr 3,September,27,"$298,73","$298,73"
215,17,2025,Qtr 4,October,4,"$298,73","$298,73"
215,18,2025,Qtr 4,October,11,"$298,73","$298,73"
215,19,2025,Qtr 4,October,18,"$298,73","$298,73"
215,20,2025,Qtr 4,October,25,"$298,73","$298,63"
216,0,2025,Qtr 2,June,5,"$999,00","$999,00"
216,1,2025,Qtr 2,June,12,"$430,00","$430,00"
216,2,2025,Qtr 2,June,19,"$430,00","$430,00"
216,3,2025,Qtr 2,June,26,"$430,00","$430,00"
216,4,2025,Qtr 3,July,3,"$430,00","$430,00"
216,5,2025,Qtr 3,July,10,"$430,00","$430,00"
216,6,2025,Qtr 3,July,17,"$430,00","$430,00"
216,7,2025,Qtr 3,July,24,"$430,00","$430,00"
216,8,2025,Qtr 3,July,31,"$430,00","$430,00"
216,9,2025,Qtr 3,August,7,"$430,00","$430,00"
216,10,2025,Qtr 3,August,14,"$430,00","$430,00"
216,11,2025,Qtr 3,August,21,"$430,00","$430,00"
216,12,2025,Qtr 3,August,28,"$430,00","$430,00"
216,13,2025,Qtr 3,September,4,"$430,00","$430,00"
216,14,2025,Qtr 3,September,11,"$430,00","$430,00"
216,15,2025,Qtr 3,September,18,"$430,00","$430,00"
217,0,2025,Qtr 2,June,3,"$799,00","$799,00"
217,1,2025,Qtr 2,June,10,"$180,00","$180,00"
217,2,2025,Qtr 2,June,17,"$180,00","$180,00"
217,3,2025,Qtr 2,June,24,"$180,00","$180,00"
217,4,2025,Qtr 3,July,1,"$180,00","$180,00"
217,5,2025,Qtr 3,July,8,"$180,00","$180,00"
217,6,2025,Qtr 3,July,15,"$180,00","$180,00"
217,7,2025,Qtr 3,July,22,"$180,00","$180,00"
217,8,2025,Qtr 3,July,29,"$180,00","$180,00"
217,9,2025,Qtr 3,August,5,"$180,00","$180,00"
217,10,2025,Qtr 3,August,12,"$180,00","$180,00"
217,11,2025,Qtr 3,August,19,"$180,00","$180,00"
217,12,2025,Qtr 3,August,26,"$180,00","$180,00"
217,13,2025,Qtr 3,September,2,"$180,00","$180,00"
217,14,2025,Qtr 3,September,9,"$180,00","$180,00"
217,15,2025,Qtr 3,September,16,"$180,00","$180,00"
217,16,2025,Qtr 3,September,23,"$180,00","$180,00"
217,17,2025,Qtr 3,September,30,"$180,00","$180,00"
217,18,2025,Qtr 4,October,7,"$180,00","$180,00"
217,19,2025,Qtr 4,October,14,"$180,00","$180,00"
217,20,2025,Qtr 4,October,21,"$180,00","$180,00"
217,21,2025,Qtr 4,October,28,"$180,00","$180,00"
217,22,2025,Qtr 4,November,4,"$180,00","$180,00"
217,23,2025,Qtr 4,November,11,"$180,00","$180,00"
217,24,2025,Qtr 4,November,18,"$180,00","$180,00"
217,25,2025,Qtr 4,November,25,"$180,00","$180,00"
217,26,2025,Qtr 4,December,2,"$180,00","$180,00"
217,27,2025,Qtr 4,December,9,"$180,00","$180,00"
217,28,2025,Qtr 4,December,16,"$180,00","$180,00"
217,29,2025,Qtr 4,December,23,"$180,00","$180,00"
217,30,2025,Qtr 4,December,30,"$180,00","$180,00"
217,31,2026,Qtr 1,January,6,"$180,00","$180,00"
217,32,2026,Qtr 1,January,13,"$180,00","$180,00"
217,33,2026,Qtr 1,January,20,"$180,00","$0,00"
217,34,2026,Qtr 1,January,27,"$180,00","$0,00"
217,35,2026,Qtr 1,February,3,"$180,00","$0,00"
219,0,2025,Qtr 2,April,24,"$1000,00","$1000,00"
219,1,2025,Qtr 2,May,1,"$153,47","$153,47"
219,2,2025,Qtr 2,May,8,"$153,47","$153,47"
219,3,2025,Qtr 2,May,15,"$153,47","$153,47"
219,4,2025,Qtr 2,May,22,"$153,47","$153,47"
219,5,2025,Qtr 2,May,29,"$153,47","$153,47"
219,6,2025,Qtr 2,June,5,"$153,47","$153,47"
219,7,2025,Qtr 2,June,12,"$153,47","$153,47"
219,8,2025,Qtr 2,June,19,"$153,47","$153,47"
219,9,2025,Qtr 2,June,26,"$153,47","$153,47"
219,10,2025,Qtr 3,July,3,"$153,47","$153,47"
219,11,2025,Qtr 3,July,10,"$153,47","$153,47"
219,12,2025,Qtr 3,July,17,"$153,47","$153,47"
219,13,2025,Qtr 3,July,24,"$153,47","$153,47"
219,14,2025,Qtr 3,July,31,"$153,47","$153,47"
219,15,2025,Qtr 3,August,7,"$153,47","$153,47"
219,16,2025,Qtr 3,August,14,"$153,47","$153,47"
219,17,2025,Qtr 3,August,21,"$153,47","$153,47"
219,18,2025,Qtr 3,August,28,"$153,47","$153,47"
219,19,2025,Qtr 3,September,4,"$153,47","$153,47"
219,20,2025,Qtr 3,September,11,"$153,47","$153,47"
219,21,2025,Qtr 3,September,18,"$153,47","$153,47"
219,22,2025,Qtr 3,September,25,"$153,47","$153,47"
219,23,2025,Qtr 4,October,2,"$153,47","$153,47"
219,24,2025,Qtr 4,October,9,"$153,47","$153,47"
219,25,2025,Qtr 4,October,16,"$153,47","$153,47"
219,26,2025,Qtr 4,October,23,"$153,47","$153,47"
219,27,2025,Qtr 4,October,30,"$153,47","$153,47"
219,28,2025,Qtr 4,November,6,"$153,47","$153,47"
219,29,2025,Qtr 4,November,13,"$153,47","$153,47"
219,30,2025,Qtr 4,November,20,"$153,47","$153,47"
219,31,2025,Qtr 4,November,27,"$153,47","$153,47"
219,32,2025,Qtr 4,December,4,"$153,47","$153,47"
219,33,2025,Qtr 4,December,11,"$153,47","$153,47"
219,34,2025,Qtr 4,December,18,"$153,47","$153,47"
219,35,2025,Qtr 4,December,25,"$153,47","$153,47"
219,36,2026,Qtr 1,January,1,"$153,47","$153,47"
219,37,2026,Qtr 1,January,8,"$153,47","$153,47"
219,38,2026,Qtr 1,January,15,"$153,47","$153,47"
219,39,2026,Qtr 1,January,22,"$153,47","$0,00"
219,40,2026,Qtr 1,January,29,"$153,47","$0,00"
219,41,2026,Qtr 1,February,5,"$153,47","$0,00"
219,42,2026,Qtr 1,February,12,"$153,47","$0,00"
219,43,2026,Qtr 1,February,19,"$153,47","$0,00"
220,0,2025,Qtr 2,May,2,"$999,00","$999,00"
220,1,2025,Qtr 2,May,9,"$230,00","$230,00"
220,2,2025,Qtr 2,May,16,"$230,00","$230,00"
220,3,2025,Qtr 2,May,23,"$230,00","$230,00"
220,4,2025,Qtr 2,May,30,"$230,00","$230,00"
220,5,2025,Qtr 2,June,6,"$230,00","$230,00"
220,6,2025,Qtr 2,June,13,"$230,00","$230,00"
220,7,2025,Qtr 2,June,20,"$230,00","$230,00"
220,8,2025,Qtr 2,June,27,"$230,00","$230,00"
220,9,2025,Qtr 3,July,4,"$230,00","$230,00"
220,10,2025,Qtr 3,July,11,"$230,00","$230,00"
220,11,2025,Qtr 3,July,18,"$230,00","$230,00"
220,12,2025,Qtr 3,July,25,"$230,00","$230,00"
220,13,2025,Qtr 3,August,1,"$230,00","$230,00"
220,14,2025,Qtr 3,August,8,"$230,00","$230,00"
220,15,2025,Qtr 3,August,15,"$230,00","$230,00"
220,16,2025,Qtr 3,August,22,"$230,00","$230,00"
220,17,2025,Qtr 3,August,29,"$230,00","$230,00"
220,18,2025,Qtr 3,September,5,"$230,00","$230,00"
220,19,2025,Qtr 3,September,12,"$230,00","$230,00"
220,20,2025,Qtr 3,September,19,"$230,00","$230,00"
220,21,2025,Qtr 3,September,26,"$230,00","$230,00"
220,22,2025,Qtr 4,October,3,"$230,00","$230,00"
220,23,2025,Qtr 4,October,10,"$230,00","$230,00"
220,24,2025,Qtr 4,October,17,"$230,00","$230,00"
220,25,2025,Qtr 4,October,24,"$230,00","$230,00"
220,26,2025,Qtr 4,October,31,"$230,00","$230,00"
220,27,2025,Qtr 4,November,7,"$230,00","$230,00"
220,28,2025,Qtr 4,November,14,"$230,00","$230,00"
220,29,2025,Qtr 4,November,21,"$230,00","$230,00"
220,30,2025,Qtr 4,November,28,"$230,00","$230,00"
220,31,2025,Qtr 4,December,5,"$230,00","$230,00"
220,32,2025,Qtr 4,December,12,"$230,00","$230,00"
220,33,2025,Qtr 4,December,19,"$230,00","$230,00"
220,34,2025,Qtr 4,December,26,"$230,00","$230,00"
220,35,2026,Qtr 1,January,2,"$230,00","$230,00"
220,36,2026,Qtr 1,January,9,"$230,00","$230,00"
220,37,2026,Qtr 1,January,16,"$230,00","$230,00"
220,38,2026,Qtr 1,January,23,"$230,00","$0,00"
220,39,2026,Qtr 1,January,30,"$230,00","$0,00"
220,40,2026,Qtr 1,February,6,"$230,00","$0,00"
220,41,2026,Qtr 1,February,13,"$230,00","$0,00"
220,42,2026,Qtr 1,February,20,"$230,00","$0,00"
220,43,2026,Qtr 1,February,27,"$230,00","$0,00"
221,0,2025,Qtr 2,May,8,"$999,00","$999,00"
221,1,2025,Qtr 2,May,15,"$288,60","$288,60"
221,2,2025,Qtr 2,May,22,"$288,60","$288,60"
221,3,2025,Qtr 2,May,29,"$288,60","$288,60"
221,4,2025,Qtr 2,June,5,"$288,60","$288,60"
221,5,2025,Qtr 2,June,12,"$288,60","$288,60"
221,6,2025,Qtr 2,June,19,"$288,60","$288,60"
221,7,2025,Qtr 2,June,26,"$288,60","$288,60"
221,8,2025,Qtr 3,July,3,"$288,60","$288,60"
221,9,2025,Qtr 3,July,10,"$288,60","$288,60"
221,10,2025,Qtr 3,July,17,"$288,60","$288,60"
221,11,2025,Qtr 3,July,24,"$288,60","$288,60"
221,12,2025,Qtr 3,July,31,"$288,60","$288,60"
221,13,2025,Qtr 3,August,7,"$288,60","$288,60"
221,14,2025,Qtr 3,August,14,"$288,60","$288,60"
221,15,2025,Qtr 3,August,21,"$288,60","$288,60"
221,16,2025,Qtr 3,August,28,"$288,60","$288,60"
221,17,2025,Qtr 3,September,4,"$288,60","$288,60"
221,18,2025,Qtr 3,September,11,"$288,60","$288,60"
221,19,2025,Qtr 3,September,18,"$288,60","$288,60"
221,20,2025,Qtr 3,September,25,"$288,60","$288,60"
221,21,2025,Qtr 4,October,2,"$288,60","$288,60"
221,22,2025,Qtr 4,October,9,"$288,60","$288,60"
221,23,2025,Qtr 4,October,16,"$288,60","$288,60"
221,24,2025,Qtr 4,October,23,"$288,60","$288,60"
221,25,2025,Qtr 4,October,30,"$288,60","$288,60"
221,26,2025,Qtr 4,November,6,"$288,60","$288,60"
221,27,2025,Qtr 4,November,13,"$288,60","$288,60"
221,28,2025,Qtr 4,November,20,"$288,60","$288,60"
221,29,2025,Qtr 4,November,27,"$288,60","$288,60"
221,30,2025,Qtr 4,December,4,"$288,60","$288,60"
221,31,2025,Qtr 4,December,11,"$288,60","$288,60"
221,32,2025,Qtr 4,December,18,"$288,60","$288,60"
221,33,2025,Qtr 4,December,25,"$288,60","$288,60"
221,34,2026,Qtr 1,January,1,"$288,60","$288,60"
221,35,2026,Qtr 1,January,8,"$288,60","$288,60"
221,36,2026,Qtr 1,January,15,"$288,60","$288,60"
221,37,2026,Qtr 1,January,22,"$288,60","$0,00"
221,38,2026,Qtr 1,January,29,"$288,60","$0,00"
221,39,2026,Qtr 1,February,5,"$288,60","$0,00"
221,40,2026,Qtr 1,February,12,"$288,60","$0,00"
221,41,2026,Qtr 1,February,19,"$288,60","$0,00"
221,42,2026,Qtr 1,February,26,"$288,60","$0,00"
221,43,2026,Qtr 1,March,5,"$288,60","$0,00"
222,0,2025,Qtr 2,April,26,"$799,00","$799,00"
222,1,2025,Qtr 2,May,3,"$180,00","$180,00"
222,2,2025,Qtr 2,May,10,"$180,00","$180,00"
222,3,2025,Qtr 2,May,17,"$180,00","$180,00"
222,4,2025,Qtr 2,May,24,"$180,00","$180,00"
222,5,2025,Qtr 2,May,31,"$180,00","$180,00"
222,6,2025,Qtr 2,June,7,"$180,00","$180,00"
222,7,2025,Qtr 2,June,14,"$180,00","$180,00"
222,8,2025,Qtr 2,June,21,"$180,00","$180,00"
222,9,2025,Qtr 2,June,28,"$180,00","$180,00"
222,10,2025,Qtr 3,July,5,"$180,00","$180,00"
222,11,2025,Qtr 3,July,12,"$180,00","$180,00"
222,12,2025,Qtr 3,July,19,"$180,00","$180,00"
222,13,2025,Qtr 3,July,26,"$180,00","$180,00"
222,14,2025,Qtr 3,August,2,"$180,00","$180,00"
222,15,2025,Qtr 3,August,9,"$180,00","$180,00"
222,16,2025,Qtr 3,August,16,"$180,00","$180,00"
222,17,2025,Qtr 3,August,23,"$180,00","$180,00"
222,18,2025,Qtr 3,August,30,"$180,00","$180,00"
222,19,2025,Qtr 3,September,6,"$180,00","$180,00"
222,20,2025,Qtr 3,September,13,"$180,00","$180,00"
222,21,2025,Qtr 3,September,20,"$180,00","$180,00"
222,22,2025,Qtr 3,September,27,"$180,00","$180,00"
222,23,2025,Qtr 4,October,4,"$180,00","$180,00"
222,24,2025,Qtr 4,October,11,"$180,00","$180,00"
222,25,2025,Qtr 4,October,18,"$180,00","$180,00"
222,26,2025,Qtr 4,October,25,"$180,00","$180,00"
222,27,2025,Qtr 4,November,1,"$180,00","$180,00"
222,28,2025,Qtr 4,November,8,"$180,00","$180,00"
222,29,2025,Qtr 4,November,15,"$180,00","$180,00"
222,30,2025,Qtr 4,November,22,"$180,00","$180,00"
222,31,2025,Qtr 4,November,29,"$180,00","$180,00"
222,32,2025,Qtr 4,December,6,"$180,00","$180,00"
222,33,2025,Qtr 4,December,13,"$180,00","$180,00"
222,34,2025,Qtr 4,December,20,"$180,00","$180,00"
222,35,2025,Qtr 4,December,27,"$180,00","$180,00"
223,0,2025,Qtr 2,May,14,"$999,00","$999,00"
223,1,2025,Qtr 2,May,21,"$314,23","$314,23"
223,2,2025,Qtr 2,May,28,"$314,23","$314,23"
223,3,2025,Qtr 2,June,4,"$314,23","$314,23"
223,4,2025,Qtr 2,June,11,"$314,23","$314,23"
223,5,2025,Qtr 2,June,18,"$314,23","$314,23"
223,6,2025,Qtr 2,June,25,"$314,23","$314,23"
223,7,2025,Qtr 3,July,2,"$314,23","$314,23"
223,8,2025,Qtr 3,July,9,"$314,23","$314,23"
223,9,2025,Qtr 3,July,16,"$314,23","$314,23"
223,10,2025,Qtr 3,July,23,"$314,23","$314,23"
223,11,2025,Qtr 3,July,30,"$314,23","$314,23"
223,12,2025,Qtr 3,August,6,"$314,23","$314,23"
223,13,2025,Qtr 3,August,13,"$314,23","$314,23"
223,14,2025,Qtr 3,August,20,"$314,23","$314,23"
223,15,2025,Qtr 3,August,27,"$314,23","$314,23"
223,16,2025,Qtr 3,September,3,"$314,23","$314,23"
223,17,2025,Qtr 3,September,10,"$314,23","$314,23"
223,18,2025,Qtr 3,September,17,"$314,23","$314,23"
223,19,2025,Qtr 3,September,24,"$314,23","$314,23"
223,20,2025,Qtr 4,October,1,"$314,23","$314,23"
223,21,2025,Qtr 4,October,8,"$314,23","$314,23"
223,22,2025,Qtr 4,October,15,"$314,23","$314,23"
223,23,2025,Qtr 4,October,22,"$314,23","$314,23"
223,24,2025,Qtr 4,October,29,"$314,23","$314,23"
223,25,2025,Qtr 4,November,5,"$314,23","$314,23"
223,26,2025,Qtr 4,November,12,"$314,23","$314,25"
224,0,2025,Qtr 2,April,21,"$999,00","$999,00"
224,1,2025,Qtr 2,April,28,"$215,00","$215,00"
224,2,2025,Qtr 2,May,5,"$215,00","$215,00"
224,3,2025,Qtr 2,May,12,"$215,00","$215,00"
224,4,2025,Qtr 2,May,19,"$215,00","$215,00"
224,5,2025,Qtr 2,May,26,"$215,00","$215,00"
224,6,2025,Qtr 2,June,2,"$215,00","$215,00"
224,7,2025,Qtr 2,June,9,"$215,00","$215,00"
224,8,2025,Qtr 2,June,16,"$215,00","$215,00"
224,9,2025,Qtr 2,June,23,"$215,00","$215,00"
224,10,2025,Qtr 2,June,30,"$215,00","$215,00"
224,11,2025,Qtr 3,July,7,"$215,00","$215,00"
224,12,2025,Qtr 3,July,14,"$215,00","$215,00"
224,13,2025,Qtr 3,July,21,"$215,00","$215,00"
224,14,2025,Qtr 3,July,28,"$215,00","$215,00"
224,15,2025,Qtr 3,August,4,"$215,00","$215,00"
224,16,2025,Qtr 3,August,11,"$215,00","$215,00"
224,17,2025,Qtr 3,August,18,"$215,00","$215,00"
224,18,2025,Qtr 3,August,25,"$215,00","$215,00"
224,19,2025,Qtr 3,September,1,"$215,00","$215,00"
224,20,2025,Qtr 3,September,8,"$215,00","$215,00"
228,0,2025,Qtr 2,April,16,"$750,00","$750,00"
228,1,2025,Qtr 2,April,23,"$287,45","$287,45"
228,2,2025,Qtr 2,April,30,"$287,45","$287,45"
228,3,2025,Qtr 2,May,7,"$287,45","$287,45"
228,4,2025,Qtr 2,May,14,"$287,45","$287,45"
228,5,2025,Qtr 2,May,21,"$287,45","$287,45"
228,6,2025,Qtr 2,May,28,"$287,45","$287,45"
228,7,2025,Qtr 2,June,4,"$287,45","$287,45"
228,8,2025,Qtr 2,June,11,"$287,45","$287,45"
228,9,2025,Qtr 2,June,18,"$287,45","$287,45"
228,10,2025,Qtr 2,June,25,"$287,45","$287,45"
228,11,2025,Qtr 3,July,2,"$287,45","$287,45"
228,12,2025,Qtr 3,July,9,"$287,45","$287,45"
228,13,2025,Qtr 3,July,16,"$287,45","$287,45"
228,14,2025,Qtr 3,July,23,"$287,45","$287,45"
228,15,2025,Qtr 3,July,30,"$287,45","$287,45"
228,16,2025,Qtr 3,August,6,"$287,45","$287,45"
228,17,2025,Qtr 3,August,13,"$287,45","$287,45"
228,18,2025,Qtr 3,August,20,"$287,45","$287,45"
228,19,2025,Qtr 3,August,27,"$287,45","$287,45"
228,20,2025,Qtr 3,September,3,"$287,45","$287,45"
231,0,2025,Qtr 2,April,12,"$2499,00","$2499,00"
231,1,2025,Qtr 2,April,19,"$489,62","$489,62"
231,2,2025,Qtr 2,April,26,"$489,62","$489,62"
231,3,2025,Qtr 2,May,3,"$489,62","$489,62"
231,4,2025,Qtr 2,May,10,"$489,62","$489,62"
231,5,2025,Qtr 2,May,17,"$489,62","$489,62"
231,6,2025,Qtr 2,May,24,"$489,62","$489,62"
231,7,2025,Qtr 2,May,31,"$489,62","$489,62"
231,8,2025,Qtr 2,June,7,"$489,62","$489,62"
231,9,2025,Qtr 2,June,14,"$489,62","$489,62"
231,10,2025,Qtr 2,June,21,"$489,62","$489,62"
231,11,2025,Qtr 2,June,28,"$489,62","$489,62"
231,12,2025,Qtr 3,July,5,"$489,62","$489,62"
231,13,2025,Qtr 3,July,12,"$489,62","$489,62"
231,14,2025,Qtr 3,July,19,"$489,62","$489,62"
231,15,2025,Qtr 3,July,26,"$489,62","$489,62"
231,16,2025,Qtr 3,August,2,"$489,62","$489,62"
231,17,2025,Qtr 3,August,9,"$489,62","$489,62"
231,18,2025,Qtr 3,August,16,"$489,62","$489,62"
231,19,2025,Qtr 3,August,23,"$489,62","$489,62"
231,20,2025,Qtr 3,August,30,"$489,62","$489,62"
231,21,2025,Qtr 3,September,6,"$489,62","$489,62"
231,22,2025,Qtr 3,September,13,"$489,62","$489,62"
231,23,2025,Qtr 3,September,20,"$489,62","$489,62"
231,24,2025,Qtr 3,September,27,"$489,62","$489,62"
231,25,2025,Qtr 4,October,4,"$489,62","$489,62"
231,26,2025,Qtr 4,October,11,"$489,62","$489,50"
233,0,2025,Qtr 2,April,8,"$1249,00","$1249,00"
233,1,2025,Qtr 2,April,15,"$397,50","$397,50"
233,2,2025,Qtr 2,April,22,"$397,50","$397,50"
233,3,2025,Qtr 2,April,29,"$397,50","$397,50"
233,4,2025,Qtr 2,May,6,"$397,50","$397,50"
233,5,2025,Qtr 2,May,13,"$397,50","$397,50"
233,6,2025,Qtr 2,May,20,"$397,50","$397,50"
233,7,2025,Qtr 2,May,27,"$397,50","$397,50"
233,8,2025,Qtr 2,June,3,"$397,50","$397,50"
233,9,2025,Qtr 2,June,10,"$397,50","$397,50"
233,10,2025,Qtr 2,June,17,"$397,50","$397,50"
233,11,2025,Qtr 2,June,24,"$397,50","$397,50"
233,12,2025,Qtr 3,July,1,"$397,50","$397,50"
233,13,2025,Qtr 3,July,8,"$397,50","$397,50"
233,14,2025,Qtr 3,July,15,"$397,50","$397,50"
233,15,2025,Qtr 3,July,22,"$397,50","$397,50"
233,16,2025,Qtr 3,July,29,"$397,50","$397,50"
233,17,2025,Qtr 3,August,5,"$397,50","$397,50"
233,18,2025,Qtr 3,August,12,"$397,50","$397,50"
233,19,2025,Qtr 3,August,19,"$397,50","$397,50"
233,20,2025,Qtr 3,August,26,"$397,50","$397,50"
235,0,2025,Qtr 2,April,8,"$999,00","$999,00"
235,1,2025,Qtr 2,April,15,"$314,23","$314,23"
235,2,2025,Qtr 2,April,22,"$314,23","$314,23"
235,3,2025,Qtr 2,April,29,"$314,23","$314,23"
235,4,2025,Qtr 2,May,6,"$314,23","$314,23"
235,5,2025,Qtr 2,May,13,"$314,23","$314,23"
235,6,2025,Qtr 2,May,20,"$314,23","$314,23"
235,7,2025,Qtr 2,May,27,"$314,23","$314,23"
235,8,2025,Qtr 2,June,3,"$314,23","$314,23"
235,9,2025,Qtr 2,June,10,"$314,23","$314,23"
235,10,2025,Qtr 2,June,17,"$314,23","$314,23"
235,11,2025,Qtr 2,June,24,"$314,23","$314,23"
235,12,2025,Qtr 3,July,1,"$314,23","$314,23"
235,13,2025,Qtr 3,July,8,"$314,23","$314,23"
235,14,2025,Qtr 3,July,15,"$314,23","$314,23"
235,15,2025,Qtr 3,July,22,"$314,23","$314,23"
235,16,2025,Qtr 3,July,29,"$314,23","$314,23"
235,17,2025,Qtr 3,August,5,"$314,23","$314,23"
235,18,2025,Qtr 3,August,12,"$314,23","$314,23"
235,19,2025,Qtr 3,August,19,"$314,23","$314,23"
235,20,2025,Qtr 3,August,26,"$314,23","$314,23"
235,21,2025,Qtr 3,September,2,"$314,23","$314,23"
235,22,2025,Qtr 3,September,9,"$314,23","$314,23"
235,23,2025,Qtr 3,September,16,"$314,23","$314,23"
235,24,2025,Qtr 3,September,23,"$314,23","$314,23"
235,25,2025,Qtr 3,September,30,"$314,23","$314,23"
235,26,2025,Qtr 4,October,7,"$314,23","$314,25"
238,0,2025,Qtr 2,May,27,"$999,00","$999,00"
238,1,2025,Qtr 2,June,3,"$258,00","$258,00"
238,2,2025,Qtr 2,June,10,"$258,00","$258,00"
238,3,2025,Qtr 2,June,17,"$258,00","$258,00"
238,4,2025,Qtr 2,June,24,"$258,00","$258,00"
238,5,2025,Qtr 3,July,1,"$258,00","$258,00"
238,6,2025,Qtr 3,July,8,"$258,00","$258,00"
238,7,2025,Qtr 3,July,15,"$258,00","$258,00"
238,8,2025,Qtr 3,July,22,"$258,00","$258,00"
238,9,2025,Qtr 3,July,29,"$258,00","$258,00"
238,10,2025,Qtr 3,August,5,"$258,00","$258,00"
238,11,2025,Qtr 3,August,12,"$258,00","$258,00"
238,12,2025,Qtr 3,August,19,"$258,00","$258,00"
238,13,2025,Qtr 3,August,26,"$258,00","$258,00"
238,14,2025,Qtr 3,September,2,"$258,00","$258,00"
238,15,2025,Qtr 3,September,9,"$258,00","$258,00"
238,16,2025,Qtr 3,September,16,"$258,00","$258,00"
238,17,2025,Qtr 3,September,23,"$258,00","$258,00"
238,18,2025,Qtr 3,September,30,"$258,00","$258,00"
238,19,2025,Qtr 4,October,7,"$258,00","$258,00"
238,20,2025,Qtr 4,October,14,"$258,00","$258,00"
238,21,2025,Qtr 4,October,21,"$258,00","$258,00"
238,22,2025,Qtr 4,October,28,"$258,00","$258,00"
238,23,2025,Qtr 4,November,4,"$258,00","$258,00"
238,24,2025,Qtr 4,November,11,"$258,00","$258,00"
238,25,2025,Qtr 4,November,18,"$258,00","$258,00"
238,26,2025,Qtr 4,November,25,"$258,00","$258,00"
238,27,2025,Qtr 4,December,2,"$258,00","$258,00"
238,28,2025,Qtr 4,December,9,"$258,00","$258,00"
238,29,2025,Qtr 4,December,16,"$258,00","$258,00"
238,30,2025,Qtr 4,December,23,"$258,00","$258,00"
238,31,2025,Qtr 4,December,30,"$258,00","$258,00"
238,32,2026,Qtr 1,January,6,"$258,00","$258,00"
238,33,2026,Qtr 1,January,13,"$258,00","$258,00"
238,34,2026,Qtr 1,January,20,"$258,00","$0,00"
238,35,2026,Qtr 1,January,27,"$258,00","$0,00"
240,0,2026,Qtr 1,January,21,"$0,00","$0,00"
240,1,2026,Qtr 1,January,28,"$350,02","$0,00"
240,2,2026,Qtr 1,February,4,"$350,02","$0,00"
240,3,2026,Qtr 1,February,11,"$350,02","$0,00"
240,4,2026,Qtr 1,February,18,"$350,02","$0,00"
240,5,2026,Qtr 1,February,25,"$350,02","$0,00"
240,6,2026,Qtr 1,March,4,"$350,02","$0,00"
240,7,2026,Qtr 1,March,11,"$350,02","$0,00"
240,8,2026,Qtr 1,March,18,"$350,02","$0,00"
240,9,2026,Qtr 1,March,25,"$350,02","$0,00"
240,10,2026,Qtr 2,April,1,"$350,02","$0,00"
240,11,2026,Qtr 2,April,8,"$350,02","$0,00"
240,12,2026,Qtr 2,April,15,"$350,02","$0,00"
240,13,2026,Qtr 2,April,22,"$350,02","$0,00"
240,14,2026,Qtr 2,April,29,"$350,02","$0,00"
240,15,2026,Qtr 2,May,6,"$350,02","$0,00"
240,16,2026,Qtr 2,May,13,"$350,02","$0,00"
240,17,2026,Qtr 2,May,20,"$350,02","$0,00"
240,18,2026,Qtr 2,May,27,"$350,02","$0,00"
240,19,2026,Qtr 2,June,3,"$350,02","$0,00"
241,0,2026,Qtr 1,January,21,"$1720,00","$1720,00"
241,1,2026,Qtr 1,January,28,"$678,06","$0,00"
241,2,2026,Qtr 1,February,4,"$678,06","$0,00"
241,3,2026,Qtr 1,February,11,"$678,06","$0,00"
241,4,2026,Qtr 1,February,18,"$678,06","$0,00"
241,5,2026,Qtr 1,February,25,"$678,06","$0,00"
241,6,2026,Qtr 1,March,4,"$678,06","$0,00"
241,7,2026,Qtr 1,March,11,"$678,06","$0,00"
241,8,2026,Qtr 1,March,18,"$678,06","$0,00"
241,9,2026,Qtr 1,March,25,"$678,06","$0,00"
241,10,2026,Qtr 2,April,1,"$678,06","$0,00"
241,11,2026,Qtr 2,April,8,"$678,06","$0,00"
241,12,2026,Qtr 2,April,15,"$678,06","$0,00"
241,13,2026,Qtr 2,April,22,"$678,06","$0,00"
242,0,2025,Qtr 4,December,1,"$799,00","$799,00"
242,1,2025,Qtr 4,December,8,"$320,00","$320,00"
242,2,2025,Qtr 4,December,15,"$320,00","$320,00"
242,3,2025,Qtr 4,December,22,"$320,00","$320,00"
242,4,2025,Qtr 4,December,29,"$320,00","$320,00"
242,5,2026,Qtr 1,January,5,"$320,00","$320,00"
242,6,2026,Qtr 1,January,12,"$320,00","$320,00"
242,7,2026,Qtr 1,January,19,"$320,00","$320,00"
242,8,2026,Qtr 1,January,26,"$320,00","$0,00"
242,9,2026,Qtr 1,February,2,"$320,00","$0,00"
242,10,2026,Qtr 1,February,9,"$320,00","$0,00"
242,11,2026,Qtr 1,February,16,"$320,00","$0,00"
242,12,2026,Qtr 1,February,23,"$320,00","$0,00"
242,13,2026,Qtr 1,March,2,"$320,00","$0,00"
242,14,2026,Qtr 1,March,9,"$320,00","$0,00"
242,15,2026,Qtr 1,March,16,"$320,00","$0,00"
243,0,2025,Qtr 4,December,13,"$799,00","$799,00"
243,1,2025,Qtr 4,December,20,"$171,16","$171,16"
243,2,2025,Qtr 4,December,27,"$171,16","$171,16"
243,3,2026,Qtr 1,January,3,"$171,16","$171,16"
243,4,2026,Qtr 1,January,10,"$171,16","$171,16"
243,5,2026,Qtr 1,January,17,"$171,16","$171,16"
243,6,2026,Qtr 1,January,24,"$171,16","$0,00"
243,7,2026,Qtr 1,January,31,"$171,16","$0,00"
243,8,2026,Qtr 1,February,7,"$171,16","$0,00"
243,9,2026,Qtr 1,February,14,"$171,16","$0,00"
243,10,2026,Qtr 1,February,21,"$171,16","$0,00"
243,11,2026,Qtr 1,February,28,"$171,16","$0,00"
243,12,2026,Qtr 1,March,7,"$171,16","$0,00"
243,13,2026,Qtr 1,March,14,"$171,16","$0,00"
243,14,2026,Qtr 1,March,21,"$171,16","$0,00"
243,15,2026,Qtr 1,March,28,"$171,16","$0,00"
243,16,2026,Qtr 2,April,4,"$171,16","$0,00"
243,17,2026,Qtr 2,April,11,"$171,16","$0,00"
243,18,2026,Qtr 2,April,18,"$171,16","$0,00"
243,19,2026,Qtr 2,April,25,"$171,16","$0,00"
243,20,2026,Qtr 2,May,2,"$171,16","$0,00"
243,21,2026,Qtr 2,May,9,"$171,16","$0,00"
243,22,2026,Qtr 2,May,16,"$171,16","$0,00"
243,23,2026,Qtr 2,May,23,"$171,16","$0,00"
243,24,2026,Qtr 2,May,30,"$171,16","$0,00"
244,0,2025,Qtr 4,December,7,"$799,00","$799,00"
244,1,2025,Qtr 4,December,14,"$192,00","$192,00"
244,2,2025,Qtr 4,December,21,"$192,00","$192,00"
244,3,2025,Qtr 4,December,28,"$192,00","$192,00"
244,4,2026,Qtr 1,January,4,"$192,00","$192,00"
244,5,2026,Qtr 1,January,11,"$192,00","$192,00"
244,6,2026,Qtr 1,January,18,"$192,00","$192,00"
244,7,2026,Qtr 1,January,25,"$192,00","$0,00"
244,8,2026,Qtr 1,February,1,"$192,00","$0,00"
244,9,2026,Qtr 1,February,8,"$192,00","$0,00"
244,10,2026,Qtr 1,February,15,"$192,00","$0,00"
244,11,2026,Qtr 1,February,22,"$192,00","$0,00"
244,12,2026,Qtr 1,March,1,"$192,00","$0,00"
244,13,2026,Qtr 1,March,8,"$192,00","$0,00"
244,14,2026,Qtr 1,March,15,"$192,00","$0,00"
244,15,2026,Qtr 1,March,22,"$192,00","$0,00"
244,16,2026,Qtr 1,March,29,"$192,00","$0,00"
244,17,2026,Qtr 2,April,5,"$192,00","$0,00"
244,18,2026,Qtr 2,April,12,"$192,00","$0,00"
244,19,2026,Qtr 2,April,19,"$192,00","$0,00"
244,20,2026,Qtr 2,April,26,"$192,00","$0,00"
244,21,2026,Qtr 2,May,3,"$192,00","$0,00"
244,22,2026,Qtr 2,May,10,"$192,00","$0,00"
244,23,2026,Qtr 2,May,17,"$192,00","$0,00"
244,24,2026,Qtr 2,May,24,"$192,00","$0,00"
244,25,2026,Qtr 2,May,31,"$192,00","$0,00"
246,0,2025,Qtr 4,December,10,"$799,00","$799,00"
246,1,2025,Qtr 4,December,17,"$192,00","$192,00"
246,2,2025,Qtr 4,December,24,"$192,00","$192,00"
246,3,2025,Qtr 4,December,31,"$192,00","$192,00"
246,4,2026,Qtr 1,January,7,"$192,00","$192,00"
246,5,2026,Qtr 1,January,14,"$192,00","$192,00"
246,6,2026,Qtr 1,January,21,"$192,00","$192,00"
246,7,2026,Qtr 1,January,28,"$192,00","$0,00"
246,8,2026,Qtr 1,February,4,"$192,00","$0,00"
246,9,2026,Qtr 1,February,11,"$192,00","$0,00"
246,10,2026,Qtr 1,February,18,"$192,00","$0,00"
246,11,2026,Qtr 1,February,25,"$192,00","$0,00"
246,12,2026,Qtr 1,March,4,"$192,00","$0,00"
246,13,2026,Qtr 1,March,11,"$192,00","$0,00"
246,14,2026,Qtr 1,March,18,"$192,00","$0,00"
246,15,2026,Qtr 1,March,25,"$192,00","$0,00"
246,16,2026,Qtr 2,April,1,"$192,00","$0,00"
246,17,2026,Qtr 2,April,8,"$192,00","$0,00"
246,18,2026,Qtr 2,April,15,"$192,00","$0,00"
246,19,2026,Qtr 2,April,22,"$192,00","$0,00"
246,20,2026,Qtr 2,April,29,"$192,00","$0,00"
246,21,2026,Qtr 2,May,6,"$192,00","$0,00"
246,22,2026,Qtr 2,May,13,"$192,00","$0,00"
246,23,2026,Qtr 2,May,20,"$192,00","$0,00"
246,24,2026,Qtr 2,May,27,"$192,00","$0,00"
246,25,2026,Qtr 2,June,3,"$192,00","$0,00"
247,0,2025,Qtr 4,December,15,"$624,00","$624,50"
247,1,2025,Qtr 4,December,22,"$228,29","$228,29"
247,2,2025,Qtr 4,December,29,"$228,29","$228,29"
247,3,2026,Qtr 1,January,5,"$228,29","$228,29"
247,4,2026,Qtr 1,January,12,"$228,29","$228,29"
247,5,2026,Qtr 1,January,19,"$228,29","$228,29"
247,6,2026,Qtr 1,January,26,"$228,29","$0,00"
247,7,2026,Qtr 1,February,2,"$228,29","$0,00"
247,8,2026,Qtr 1,February,9,"$228,29","$0,00"
247,9,2026,Qtr 1,February,16,"$228,29","$0,00"
247,10,2026,Qtr 1,February,23,"$228,29","$0,00"
247,11,2026,Qtr 1,March,2,"$228,29","$0,00"
247,12,2026,Qtr 1,March,9,"$228,29","$0,00"
247,13,2026,Qtr 1,March,16,"$228,29","$0,00"
247,14,2026,Qtr 1,March,23,"$228,29","$0,00"
247,15,2026,Qtr 1,March,30,"$228,29","$0,00"
247,16,2026,Qtr 2,April,6,"$228,29","$0,00"
247,17,2026,Qtr 2,April,13,"$228,29","$0,00"
247,18,2026,Qtr 2,April,20,"$228,29","$0,00"
247,19,2026,Qtr 2,April,27,"$228,29","$0,00"
247,20,2026,Qtr 2,May,4,"$228,29","$0,00"
247,21,2026,Qtr 2,May,11,"$228,29","$0,00"
247,22,2026,Qtr 2,May,18,"$228,29","$0,00"
247,23,2026,Qtr 2,May,25,"$228,29","$0,00"
247,24,2026,Qtr 2,June,1,"$228,29","$0,00"
254,0,2025,Qtr 4,November,21,"$799,00","$799,00"
254,1,2025,Qtr 4,November,28,"$180,00","$180,00"
254,2,2025,Qtr 4,December,5,"$180,00","$180,00"
254,3,2025,Qtr 4,December,12,"$180,00","$180,00"
254,4,2025,Qtr 4,December,19,"$180,00","$180,00"
254,5,2025,Qtr 4,December,26,"$180,00","$180,00"
254,6,2026,Qtr 1,January,2,"$180,00","$180,00"
254,7,2026,Qtr 1,January,9,"$180,00","$180,00"
254,8,2026,Qtr 1,January,16,"$180,00","$180,00"
254,9,2026,Qtr 1,January,23,"$180,00","$180,00"
254,10,2026,Qtr 1,January,30,"$180,00","$0,00"
254,11,2026,Qtr 1,February,6,"$180,00","$0,00"
254,12,2026,Qtr 1,February,13,"$180,00","$0,00"
254,13,2026,Qtr 1,February,20,"$180,00","$0,00"
254,14,2026,Qtr 1,February,27,"$180,00","$0,00"
254,15,2026,Qtr 1,March,6,"$180,00","$0,00"
254,16,2026,Qtr 1,March,13,"$180,00","$0,00"
254,17,2026,Qtr 1,March,20,"$180,00","$0,00"
254,18,2026,Qtr 1,March,27,"$180,00","$0,00"
254,19,2026,Qtr 2,April,3,"$180,00","$0,00"
254,20,2026,Qtr 2,April,10,"$180,00","$0,00"
254,21,2026,Qtr 2,April,17,"$180,00","$0,00"
254,22,2026,Qtr 2,April,24,"$180,00","$0,00"
254,23,2026,Qtr 2,May,1,"$180,00","$0,00"
254,24,2026,Qtr 2,May,8,"$180,00","$0,00"
254,25,2026,Qtr 2,May,15,"$180,00","$0,00"
254,26,2026,Qtr 2,May,22,"$180,00","$0,00"
254,27,2026,Qtr 2,May,29,"$180,00","$0,00"
255,0,2025,Qtr 4,December,1,"$799,00","$799,00"
255,1,2025,Qtr 4,December,8,"$320,00","$320,00"
255,2,2025,Qtr 4,December,15,"$320,00","$320,00"
255,3,2025,Qtr 4,December,22,"$320,00","$320,00"
255,4,2025,Qtr 4,December,29,"$320,00","$320,00"
255,5,2026,Qtr 1,January,5,"$320,00","$320,00"
255,6,2026,Qtr 1,January,12,"$320,00","$320,00"
255,7,2026,Qtr 1,January,19,"$320,00","$320,00"
255,8,2026,Qtr 1,January,26,"$320,00","$0,00"
255,9,2026,Qtr 1,February,2,"$320,00","$0,00"
255,10,2026,Qtr 1,February,9,"$320,00","$0,00"
255,11,2026,Qtr 1,February,16,"$320,00","$0,00"
255,12,2026,Qtr 1,February,23,"$320,00","$0,00"
255,13,2026,Qtr 1,March,2,"$320,00","$0,00"
255,14,2026,Qtr 1,March,9,"$320,00","$0,00"
255,15,2026,Qtr 1,March,16,"$320,00","$0,00"
258,0,2025,Qtr 4,December,22,"$799,00","$799,00"
258,1,2025,Qtr 4,December,29,"$192,00","$192,00"
258,2,2026,Qtr 1,January,5,"$192,00","$192,00"
258,3,2026,Qtr 1,January,12,"$192,00","$192,00"
258,4,2026,Qtr 1,January,19,"$192,00","$192,00"
258,5,2026,Qtr 1,January,26,"$192,00","$192,00"
258,6,2026,Qtr 1,February,2,"$192,00","$0,00"
258,7,2026,Qtr 1,February,9,"$192,00","$0,00"
258,8,2026,Qtr 1,February,16,"$192,00","$0,00"
258,9,2026,Qtr 1,February,23,"$192,00","$0,00"
258,10,2026,Qtr 1,March,2,"$192,00","$0,00"
258,11,2026,Qtr 1,March,9,"$192,00","$0,00"
258,12,2026,Qtr 1,March,16,"$192,00","$0,00"
258,13,2026,Qtr 1,March,23,"$192,00","$0,00"
258,14,2026,Qtr 1,March,30,"$192,00","$0,00"
258,15,2026,Qtr 2,April,6,"$192,00","$0,00"
258,16,2026,Qtr 2,April,13,"$192,00","$0,00"
258,17,2026,Qtr 2,April,20,"$192,00","$0,00"
258,18,2026,Qtr 2,April,27,"$192,00","$0,00"
258,19,2026,Qtr 2,May,4,"$192,00","$0,00"
258,20,2026,Qtr 2,May,11,"$192,00","$0,00"
258,21,2026,Qtr 2,May,18,"$192,00","$0,00"
258,22,2026,Qtr 2,May,25,"$192,00","$0,00"
258,23,2026,Qtr 2,June,1,"$192,00","$0,00"
261,0,2025,Qtr 4,November,17,"$380,00","$379,90"
261,1,2025,Qtr 4,November,24,"$182,88","$182,88"
261,2,2025,Qtr 4,December,1,"$182,88","$182,88"
261,3,2025,Qtr 4,December,8,"$182,88","$182,88"
261,4,2025,Qtr 4,December,15,"$182,88","$182,88"
261,5,2025,Qtr 4,December,22,"$182,88","$182,88"
261,6,2025,Qtr 4,December,29,"$182,88","$182,88"
261,7,2026,Qtr 1,January,5,"$182,88","$182,88"
261,8,2026,Qtr 1,January,12,"$182,88","$183,00"
261,9,2026,Qtr 1,January,19,"$182,88","$0,00"
261,10,2026,Qtr 1,January,26,"$182,88","$0,00"
261,11,2026,Qtr 1,February,2,"$182,88","$0,00"
261,12,2026,Qtr 1,February,9,"$182,88","$0,00"
261,13,2026,Qtr 1,February,16,"$182,88","$0,00"
261,14,2026,Qtr 1,February,23,"$182,88","$0,00"
261,15,2026,Qtr 1,March,2,"$182,88","$0,00"
261,16,2026,Qtr 1,March,9,"$182,88","$0,00"
261,17,2026,Qtr 1,March,16,"$182,88","$0,00"
261,18,2026,Qtr 1,March,23,"$182,88","$0,00"
261,19,2026,Qtr 1,March,30,"$182,88","$0,00"
261,20,2026,Qtr 2,April,6,"$182,88","$0,00"
261,21,2026,Qtr 2,April,13,"$182,88","$0,00"
261,22,2026,Qtr 2,April,20,"$182,88","$0,00"
261,23,2026,Qtr 2,April,27,"$182,88","$0,00"
261,24,2026,Qtr 2,May,4,"$182,88","$0,00"
261,25,2026,Qtr 2,May,11,"$182,88","$0,00"
261,26,2026,Qtr 2,May,18,"$182,88","$0,00"
261,27,2026,Qtr 2,May,25,"$182,88","$0,00"
261,28,2026,Qtr 2,June,1,"$182,88","$0,00"
262,0,2025,Qtr 4,November,17,"$400,00","$399,90"
262,1,2025,Qtr 4,November,24,"$192,51","$192,51"
262,2,2025,Qtr 4,December,1,"$192,51","$192,51"
262,3,2025,Qtr 4,December,8,"$192,51","$192,51"
262,4,2025,Qtr 4,December,15,"$192,51","$192,51"
262,5,2025,Qtr 4,December,22,"$192,51","$192,51"
262,6,2025,Qtr 4,December,29,"$192,51","$192,51"
262,7,2026,Qtr 1,January,5,"$192,51","$192,51"
262,8,2026,Qtr 1,January,12,"$192,51","$192,51"
262,9,2026,Qtr 1,January,19,"$192,51","$192,51"
262,10,2026,Qtr 1,January,26,"$192,51","$0,00"
262,11,2026,Qtr 1,February,2,"$192,51","$0,00"
262,12,2026,Qtr 1,February,9,"$192,51","$0,00"
262,13,2026,Qtr 1,February,16,"$192,51","$0,00"
262,14,2026,Qtr 1,February,23,"$192,51","$0,00"
262,15,2026,Qtr 1,March,2,"$192,51","$0,00"
262,16,2026,Qtr 1,March,9,"$192,51","$0,00"
262,17,2026,Qtr 1,March,16,"$192,51","$0,00"
262,18,2026,Qtr 1,March,23,"$192,51","$0,00"
262,19,2026,Qtr 1,March,30,"$192,51","$0,00"
262,20,2026,Qtr 2,April,6,"$192,51","$0,00"
262,21,2026,Qtr 2,April,13,"$192,51","$0,00"
262,22,2026,Qtr 2,April,20,"$192,51","$0,00"
262,23,2026,Qtr 2,April,27,"$192,51","$0,00"
262,24,2026,Qtr 2,May,4,"$192,51","$0,00"
262,25,2026,Qtr 2,May,11,"$192,51","$0,00"
262,26,2026,Qtr 2,May,18,"$192,51","$0,00"
262,27,2026,Qtr 2,May,25,"$192,51","$0,00"
262,28,2026,Qtr 2,June,1,"$192,51","$0,00"
265,0,2025,Qtr 4,November,18,"$600,00","$599,90"
265,1,2025,Qtr 4,November,25,"$323,95","$323,95"
265,2,2025,Qtr 4,December,2,"$323,95","$323,95"
265,3,2025,Qtr 4,December,9,"$323,95","$323,95"
265,4,2025,Qtr 4,December,16,"$323,95","$323,95"
265,5,2025,Qtr 4,December,23,"$323,95","$323,95"
265,6,2025,Qtr 4,December,30,"$323,95","$323,95"
265,7,2026,Qtr 1,January,6,"$323,95","$323,95"
265,8,2026,Qtr 1,January,13,"$323,95","$323,95"
265,9,2026,Qtr 1,January,20,"$323,95","$323,95"
265,10,2026,Qtr 1,January,27,"$323,95","$0,00"
265,11,2026,Qtr 1,February,3,"$323,95","$0,00"
265,12,2026,Qtr 1,February,10,"$323,95","$0,00"
265,13,2026,Qtr 1,February,17,"$323,95","$0,00"
265,14,2026,Qtr 1,February,24,"$323,95","$0,00"
265,15,2026,Qtr 1,March,3,"$323,95","$0,00"
265,16,2026,Qtr 1,March,10,"$323,95","$0,00"
265,17,2026,Qtr 1,March,17,"$323,95","$0,00"
265,18,2026,Qtr 1,March,24,"$323,95","$0,00"
265,19,2026,Qtr 1,March,31,"$323,95","$0,00"
265,20,2026,Qtr 2,April,7,"$323,95","$0,00"
265,21,2026,Qtr 2,April,14,"$323,95","$0,00"
265,22,2026,Qtr 2,April,21,"$323,95","$0,00"
265,23,2026,Qtr 2,April,28,"$323,95","$0,00"
265,24,2026,Qtr 2,May,5,"$323,95","$0,00"
265,25,2026,Qtr 2,May,12,"$323,95","$0,00"
265,26,2026,Qtr 2,May,19,"$323,95","$0,00"
265,27,2026,Qtr 2,May,26,"$323,95","$0,00"
265,28,2026,Qtr 2,June,2,"$323,95","$0,00"
270,0,2025,Qtr 4,November,20,"$380,00","$379,90"
270,1,2025,Qtr 4,November,27,"$205,15","$205,15"
270,2,2025,Qtr 4,December,4,"$205,15","$205,15"
270,3,2025,Qtr 4,December,11,"$205,15","$205,15"
270,4,2025,Qtr 4,December,18,"$205,15","$205,15"
270,5,2025,Qtr 4,December,25,"$205,15","$205,15"
270,6,2026,Qtr 1,January,1,"$205,15","$205,15"
270,7,2026,Qtr 1,January,8,"$205,15","$205,15"
270,8,2026,Qtr 1,January,15,"$205,15","$205,15"
270,9,2026,Qtr 1,January,22,"$205,15","$205,15"
270,10,2026,Qtr 1,January,29,"$205,15","$0,00"
270,11,2026,Qtr 1,February,5,"$205,15","$0,00"
270,12,2026,Qtr 1,February,12,"$205,15","$0,00"
270,13,2026,Qtr 1,February,19,"$205,15","$0,00"
270,14,2026,Qtr 1,February,26,"$205,15","$0,00"
270,15,2026,Qtr 1,March,5,"$205,15","$0,00"
270,16,2026,Qtr 1,March,12,"$205,15","$0,00"
270,17,2026,Qtr 1,March,19,"$205,15","$0,00"
270,18,2026,Qtr 1,March,26,"$205,15","$0,00"
270,19,2026,Qtr 2,April,2,"$205,15","$0,00"
270,20,2026,Qtr 2,April,9,"$205,15","$0,00"
270,21,2026,Qtr 2,April,16,"$205,15","$0,00"
270,22,2026,Qtr 2,April,23,"$205,15","$0,00"
270,23,2026,Qtr 2,April,30,"$205,15","$0,00"
270,24,2026,Qtr 2,May,7,"$205,15","$0,00"
270,25,2026,Qtr 2,May,14,"$205,15","$0,00"
270,26,2026,Qtr 2,May,21,"$205,15","$0,00"
270,27,2026,Qtr 2,May,28,"$205,15","$0,00"
273,0,2025,Qtr 4,November,16,"$600,00","$599,90"
273,1,2025,Qtr 4,November,23,"$288,79","$288,79"
273,2,2025,Qtr 4,November,30,"$288,79","$288,79"
273,3,2025,Qtr 4,December,7,"$288,79","$288,79"
273,4,2025,Qtr 4,December,14,"$288,79","$288,79"
273,5,2025,Qtr 4,December,21,"$288,79","$288,79"
273,6,2025,Qtr 4,December,28,"$288,79","$288,79"
273,7,2026,Qtr 1,January,4,"$288,79","$288,79"
273,8,2026,Qtr 1,January,11,"$288,79","$288,79"
273,9,2026,Qtr 1,January,18,"$288,79","$288,79"
273,10,2026,Qtr 1,January,25,"$288,79","$0,00"
273,11,2026,Qtr 1,February,1,"$288,79","$0,00"
273,12,2026,Qtr 1,February,8,"$288,79","$0,00"
273,13,2026,Qtr 1,February,15,"$288,79","$0,00"
273,14,2026,Qtr 1,February,22,"$288,79","$0,00"
273,15,2026,Qtr 1,March,1,"$288,79","$0,00"
273,16,2026,Qtr 1,March,8,"$288,79","$0,00"
273,17,2026,Qtr 1,March,15,"$288,79","$0,00"
273,18,2026,Qtr 1,March,22,"$288,79","$0,00"
273,19,2026,Qtr 1,March,29,"$288,79","$0,00"
273,20,2026,Qtr 2,April,5,"$288,79","$0,00"
273,21,2026,Qtr 2,April,12,"$288,79","$0,00"
273,22,2026,Qtr 2,April,19,"$288,79","$0,00"
273,23,2026,Qtr 2,April,26,"$288,79","$0,00"
273,24,2026,Qtr 2,May,3,"$288,79","$0,00"
273,25,2026,Qtr 2,May,10,"$288,79","$0,00"
273,26,2026,Qtr 2,May,17,"$288,79","$0,00"
273,27,2026,Qtr 2,May,24,"$288,79","$0,00"
273,28,2026,Qtr 2,May,31,"$288,79","$0,00"
274,0,2025,Qtr 4,November,15,"$540,00","$539,90"
274,1,2025,Qtr 4,November,22,"$485,91","$485,91"
274,2,2025,Qtr 4,November,29,"$485,91","$485,91"
274,3,2025,Qtr 4,December,6,"$485,91","$485,91"
274,4,2025,Qtr 4,December,13,"$485,91","$485,91"
274,5,2025,Qtr 4,December,20,"$485,91","$485,91"
274,6,2025,Qtr 4,December,27,"$485,91","$485,91"
274,7,2026,Qtr 1,January,3,"$485,91","$485,91"
274,8,2026,Qtr 1,January,10,"$485,91","$485,91"
274,9,2026,Qtr 1,January,17,"$485,91","$485,91"
274,10,2026,Qtr 1,January,24,"$485,91","$0,00"
274,11,2026,Qtr 1,January,31,"$485,91","$0,00"
274,12,2026,Qtr 1,February,7,"$485,91","$0,00"
274,13,2026,Qtr 1,February,14,"$485,91","$0,00"
274,14,2026,Qtr 1,February,21,"$485,91","$0,00"
274,15,2026,Qtr 1,February,28,"$485,91","$0,00"
279,0,2025,Qtr 4,November,15,"$550,00","$550,00"
279,1,2025,Qtr 4,November,22,"$484,90","$484,90"
279,2,2025,Qtr 4,November,29,"$484,90","$484,90"
279,3,2025,Qtr 4,December,6,"$484,90","$484,90"
279,4,2025,Qtr 4,December,13,"$484,90","$484,90"
279,5,2025,Qtr 4,December,20,"$484,90","$484,90"
279,6,2025,Qtr 4,December,27,"$484,90","$484,90"
279,7,2026,Qtr 1,January,3,"$484,90","$484,90"
279,8,2026,Qtr 1,January,10,"$484,90","$484,90"
279,9,2026,Qtr 1,January,17,"$484,90","$484,90"
279,10,2026,Qtr 1,January,24,"$484,90","$0,00"
279,11,2026,Qtr 1,January,31,"$484,90","$0,00"
279,12,2026,Qtr 1,February,7,"$484,90","$0,00"
279,13,2026,Qtr 1,February,14,"$484,90","$0,00"
279,14,2026,Qtr 1,February,21,"$484,90","$0,00"
279,15,2026,Qtr 1,February,28,"$484,90","$0,00"
280,0,2025,Qtr 4,November,14,"$0,00","$0,00"
280,1,2025,Qtr 4,November,21,"$395,31","$395,31"
280,2,2025,Qtr 4,November,28,"$395,31","$395,31"
280,3,2025,Qtr 4,December,5,"$395,31","$395,31"
280,4,2025,Qtr 4,December,12,"$395,31","$395,31"
280,5,2025,Qtr 4,December,19,"$395,31","$395,31"
280,6,2025,Qtr 4,December,26,"$395,31","$395,31"
280,7,2026,Qtr 1,January,2,"$395,31","$395,31"
280,8,2026,Qtr 1,January,9,"$395,31","$395,31"
280,9,2026,Qtr 1,January,16,"$395,31","$395,31"
280,10,2026,Qtr 1,January,23,"$395,31","$395,31"
280,11,2026,Qtr 1,January,30,"$395,31","$0,00"
280,12,2026,Qtr 1,February,6,"$395,31","$0,00"
280,13,2026,Qtr 1,February,13,"$395,31","$0,00"
280,14,2026,Qtr 1,February,20,"$395,31","$0,00"
280,15,2026,Qtr 1,February,27,"$395,31","$0,00"
280,16,2026,Qtr 1,March,6,"$395,31","$0,00"
280,17,2026,Qtr 1,March,13,"$395,31","$0,00"
280,18,2026,Qtr 1,March,20,"$395,31","$0,00"
280,19,2026,Qtr 1,March,27,"$395,31","$0,00"
280,20,2026,Qtr 2,April,3,"$395,31","$0,00"
280,21,2026,Qtr 2,April,10,"$395,31","$0,00"
280,22,2026,Qtr 2,April,17,"$395,31","$0,00"
280,23,2026,Qtr 2,April,24,"$395,31","$0,00"
280,24,2026,Qtr 2,May,1,"$395,31","$0,00"
280,25,2026,Qtr 2,May,8,"$395,31","$0,00"
280,26,2026,Qtr 2,May,15,"$395,31","$0,00"
280,27,2026,Qtr 2,May,22,"$395,31","$0,00"
280,28,2026,Qtr 2,May,29,"$395,31","$0,00"
283,0,2025,Qtr 4,November,15,"$360,00","$360,00"
283,1,2025,Qtr 4,November,22,"$194,64","$194,64"
283,2,2025,Qtr 4,November,29,"$194,64","$194,64"
283,3,2025,Qtr 4,December,6,"$194,64","$194,64"
283,4,2025,Qtr 4,December,13,"$194,64","$194,64"
283,5,2025,Qtr 4,December,20,"$194,64","$194,64"
283,6,2025,Qtr 4,December,27,"$194,64","$194,64"
283,7,2026,Qtr 1,January,3,"$194,64","$194,64"
283,8,2026,Qtr 1,January,10,"$194,64","$194,64"
283,9,2026,Qtr 1,January,17,"$194,64","$194,64"
283,10,2026,Qtr 1,January,24,"$194,64","$0,00"
283,11,2026,Qtr 1,January,31,"$194,64","$0,00"
283,12,2026,Qtr 1,February,7,"$194,64","$0,00"
283,13,2026,Qtr 1,February,14,"$194,64","$0,00"
283,14,2026,Qtr 1,February,21,"$194,64","$0,00"
283,15,2026,Qtr 1,February,28,"$194,64","$0,00"
283,16,2026,Qtr 1,March,7,"$194,64","$0,00"
283,17,2026,Qtr 1,March,14,"$194,64","$0,00"
283,18,2026,Qtr 1,March,21,"$194,64","$0,00"
283,19,2026,Qtr 1,March,28,"$194,64","$0,00"
283,20,2026,Qtr 2,April,4,"$194,64","$0,00"
283,21,2026,Qtr 2,April,11,"$194,64","$0,00"
283,22,2026,Qtr 2,April,18,"$194,64","$0,00"
283,23,2026,Qtr 2,April,25,"$194,64","$0,00"
283,24,2026,Qtr 2,May,2,"$194,64","$0,00"
283,25,2026,Qtr 2,May,9,"$194,64","$0,00"
283,26,2026,Qtr 2,May,16,"$194,64","$0,00"
283,27,2026,Qtr 2,May,23,"$194,64","$0,00"
283,28,2026,Qtr 2,May,30,"$194,64","$0,00"
286,0,2025,Qtr 4,November,15,"$910,00","$909,90"
286,1,2025,Qtr 4,November,22,"$438,02","$438,02"
286,2,2025,Qtr 4,November,29,"$438,02","$438,02"
286,3,2025,Qtr 4,December,6,"$438,02","$438,02"
286,4,2025,Qtr 4,December,13,"$438,02","$438,02"
286,5,2025,Qtr 4,December,20,"$438,02","$438,02"
286,6,2025,Qtr 4,December,27,"$438,02","$438,02"
286,7,2026,Qtr 1,January,3,"$438,02","$438,02"
286,8,2026,Qtr 1,January,10,"$438,02","$438,02"
286,9,2026,Qtr 1,January,17,"$438,02","$438,02"
286,10,2026,Qtr 1,January,24,"$438,02","$0,00"
286,11,2026,Qtr 1,January,31,"$438,02","$0,00"
286,12,2026,Qtr 1,February,7,"$438,02","$0,00"
286,13,2026,Qtr 1,February,14,"$438,02","$0,00"
286,14,2026,Qtr 1,February,21,"$438,02","$0,00"
286,15,2026,Qtr 1,February,28,"$438,02","$0,00"
286,16,2026,Qtr 1,March,7,"$438,02","$0,00"
286,17,2026,Qtr 1,March,14,"$438,02","$0,00"
286,18,2026,Qtr 1,March,21,"$438,02","$0,00"
286,19,2026,Qtr 1,March,28,"$438,02","$0,00"
286,20,2026,Qtr 2,April,4,"$438,02","$0,00"
286,21,2026,Qtr 2,April,11,"$438,02","$0,00"
286,22,2026,Qtr 2,April,18,"$438,02","$0,00"
286,23,2026,Qtr 2,April,25,"$438,02","$0,00"
286,24,2026,Qtr 2,May,2,"$438,02","$0,00"
286,25,2026,Qtr 2,May,9,"$438,02","$0,00"
286,26,2026,Qtr 2,May,16,"$438,02","$0,00"
286,27,2026,Qtr 2,May,23,"$438,02","$0,00"
286,28,2026,Qtr 2,May,30,"$438,02","$0,00"
289,0,2025,Qtr 4,October,31,"$799,00","$799,00"
289,1,2025,Qtr 4,November,7,"$300,00","$300,00"
289,2,2025,Qtr 4,November,14,"$300,00","$300,00"
289,3,2025,Qtr 4,November,21,"$300,00","$300,00"
289,4,2025,Qtr 4,November,28,"$300,00","$300,00"
289,5,2025,Qtr 4,December,5,"$300,00","$300,00"
289,6,2025,Qtr 4,December,12,"$300,00","$300,00"
289,7,2025,Qtr 4,December,19,"$300,00","$300,00"
289,8,2025,Qtr 4,December,26,"$300,00","$300,00"
289,9,2026,Qtr 1,January,2,"$300,00","$300,00"
289,10,2026,Qtr 1,January,9,"$300,00","$300,00"
289,11,2026,Qtr 1,January,16,"$300,00","$300,00"
289,12,2026,Qtr 1,January,23,"$300,00","$300,00"
289,13,2026,Qtr 1,January,30,"$300,00","$0,00"
289,14,2026,Qtr 1,February,6,"$300,00","$0,00"
289,15,2026,Qtr 1,February,13,"$300,00","$0,00"
290,0,2025,Qtr 4,October,28,"$1249,00","$1249,00"
290,1,2025,Qtr 4,November,4,"$303,27","$303,27"
290,2,2025,Qtr 4,November,11,"$303,27","$303,27"
290,3,2025,Qtr 4,November,18,"$303,27","$303,27"
290,4,2025,Qtr 4,November,25,"$303,27","$303,27"
290,5,2025,Qtr 4,December,2,"$303,27","$303,27"
290,6,2025,Qtr 4,December,9,"$303,27","$303,27"
290,7,2025,Qtr 4,December,16,"$303,27","$303,27"
290,8,2025,Qtr 4,December,23,"$303,27","$303,27"
290,9,2025,Qtr 4,December,30,"$303,27","$303,27"
290,10,2026,Qtr 1,January,6,"$303,27","$303,27"
290,11,2026,Qtr 1,January,13,"$303,27","$303,27"
290,12,2026,Qtr 1,January,20,"$303,27","$303,27"
290,13,2026,Qtr 1,January,27,"$303,27","$0,00"
290,14,2026,Qtr 1,February,3,"$303,27","$0,00"
290,15,2026,Qtr 1,February,10,"$303,27","$0,00"
290,16,2026,Qtr 1,February,17,"$303,27","$0,00"
290,17,2026,Qtr 1,February,24,"$303,27","$0,00"
290,18,2026,Qtr 1,March,3,"$303,27","$0,00"
290,19,2026,Qtr 1,March,10,"$303,27","$0,00"
290,20,2026,Qtr 1,March,17,"$303,27","$0,00"
290,21,2026,Qtr 1,March,24,"$303,27","$0,00"
290,22,2026,Qtr 1,March,31,"$303,27","$0,00"
290,23,2026,Qtr 2,April,7,"$303,27","$0,00"
290,24,2026,Qtr 2,April,14,"$303,27","$0,00"
290,25,2026,Qtr 2,April,21,"$303,27","$0,00"
290,26,2026,Qtr 2,April,28,"$303,27","$0,00"
291,0,2025,Qtr 4,October,29,"$799,00","$799,00"
291,1,2025,Qtr 4,November,5,"$180,00","$180,00"
291,2,2025,Qtr 4,November,12,"$180,00","$180,00"
291,3,2025,Qtr 4,November,19,"$180,00","$180,00"
291,4,2025,Qtr 4,November,26,"$180,00","$180,00"
291,5,2025,Qtr 4,December,3,"$180,00","$180,00"
291,6,2025,Qtr 4,December,10,"$180,00","$180,00"
291,7,2025,Qtr 4,December,17,"$180,00","$180,00"
291,8,2025,Qtr 4,December,24,"$180,00","$180,00"
291,9,2025,Qtr 4,December,31,"$180,00","$180,00"
291,10,2026,Qtr 1,January,7,"$180,00","$180,00"
291,11,2026,Qtr 1,January,14,"$180,00","$180,00"
291,12,2026,Qtr 1,January,21,"$180,00","$180,00"
291,13,2026,Qtr 1,January,28,"$180,00","$0,00"
291,14,2026,Qtr 1,February,4,"$180,00","$0,00"
291,15,2026,Qtr 1,February,11,"$180,00","$0,00"
291,16,2026,Qtr 1,February,18,"$180,00","$0,00"
291,17,2026,Qtr 1,February,25,"$180,00","$0,00"
291,18,2026,Qtr 1,March,4,"$180,00","$0,00"
291,19,2026,Qtr 1,March,11,"$180,00","$0,00"
291,20,2026,Qtr 1,March,18,"$180,00","$0,00"
291,21,2026,Qtr 1,March,25,"$180,00","$0,00"
291,22,2026,Qtr 2,April,1,"$180,00","$0,00"
291,23,2026,Qtr 2,April,8,"$180,00","$0,00"
291,24,2026,Qtr 2,April,15,"$180,00","$0,00"
291,25,2026,Qtr 2,April,22,"$180,00","$0,00"
291,26,2026,Qtr 2,April,29,"$180,00","$0,00"
291,27,2026,Qtr 2,May,6,"$180,00","$0,00"
291,28,2026,Qtr 2,May,13,"$180,00","$0,00"
291,29,2026,Qtr 2,May,20,"$180,00","$0,00"
291,30,2026,Qtr 2,May,27,"$180,00","$0,00"
291,31,2026,Qtr 2,June,3,"$180,00","$0,00"
293,0,2025,Qtr 4,October,31,"$799,00","$799,00"
293,1,2025,Qtr 4,November,7,"$160,47","$160,47"
293,2,2025,Qtr 4,November,14,"$160,47","$160,47"
293,3,2025,Qtr 4,November,21,"$160,47","$160,47"
293,4,2025,Qtr 4,November,28,"$160,47","$160,47"
293,5,2025,Qtr 4,December,5,"$160,47","$160,47"
293,6,2025,Qtr 4,December,12,"$160,47","$160,47"
293,7,2025,Qtr 4,December,19,"$160,47","$160,47"
293,8,2025,Qtr 4,December,26,"$160,47","$160,47"
293,9,2026,Qtr 1,January,2,"$160,47","$160,47"
293,10,2026,Qtr 1,January,9,"$160,47","$160,47"
293,11,2026,Qtr 1,January,16,"$160,47","$160,47"
293,12,2026,Qtr 1,January,23,"$160,47","$160,47"
293,13,2026,Qtr 1,January,30,"$160,47","$0,00"
293,14,2026,Qtr 1,February,6,"$160,47","$0,00"
293,15,2026,Qtr 1,February,13,"$160,47","$0,00"
293,16,2026,Qtr 1,February,20,"$160,47","$0,00"
293,17,2026,Qtr 1,February,27,"$160,47","$0,00"
293,18,2026,Qtr 1,March,6,"$160,47","$0,00"
293,19,2026,Qtr 1,March,13,"$160,47","$0,00"
293,20,2026,Qtr 1,March,20,"$160,47","$0,00"
293,21,2026,Qtr 1,March,27,"$160,47","$0,00"
293,22,2026,Qtr 2,April,3,"$160,47","$0,00"
293,23,2026,Qtr 2,April,10,"$160,47","$0,00"
293,24,2026,Qtr 2,April,17,"$160,47","$0,00"
293,25,2026,Qtr 2,April,24,"$160,47","$0,00"
293,26,2026,Qtr 2,May,1,"$160,47","$0,00"
293,27,2026,Qtr 2,May,8,"$160,47","$0,00"
293,28,2026,Qtr 2,May,15,"$160,47","$0,00"
293,29,2026,Qtr 2,May,22,"$160,47","$0,00"
293,30,2026,Qtr 2,May,29,"$160,47","$0,00"
295,0,2025,Qtr 4,October,7,"$799,00","$799,00"
295,1,2025,Qtr 4,October,14,"$300,00","$300,00"
295,2,2025,Qtr 4,October,21,"$300,00","$300,00"
295,3,2025,Qtr 4,October,28,"$300,00","$300,00"
295,4,2025,Qtr 4,November,4,"$300,00","$300,00"
295,5,2025,Qtr 4,November,11,"$300,00","$300,00"
295,6,2025,Qtr 4,November,18,"$300,00","$300,00"
295,7,2025,Qtr 4,November,25,"$300,00","$300,00"
295,8,2025,Qtr 4,December,2,"$300,00","$300,00"
295,9,2025,Qtr 4,December,9,"$300,00","$300,00"
295,10,2025,Qtr 4,December,16,"$300,00","$300,00"
295,11,2025,Qtr 4,December,23,"$300,00","$300,00"
295,12,2025,Qtr 4,December,30,"$300,00","$300,00"
295,13,2026,Qtr 1,January,6,"$300,00","$300,00"
295,14,2026,Qtr 1,January,13,"$300,00","$300,00"
295,15,2026,Qtr 1,January,20,"$300,00","$300,00"
296,0,2025,Qtr 4,October,8,"$799,00","$799,00"
296,1,2025,Qtr 4,October,15,"$192,00","$192,00"
296,2,2025,Qtr 4,October,22,"$192,00","$192,00"
296,3,2025,Qtr 4,October,29,"$192,00","$192,00"
296,4,2025,Qtr 4,November,5,"$192,00","$192,00"
296,5,2025,Qtr 4,November,12,"$192,00","$192,00"
296,6,2025,Qtr 4,November,19,"$192,00","$192,00"
296,7,2025,Qtr 4,November,26,"$192,00","$192,00"
296,8,2025,Qtr 4,December,3,"$192,00","$192,00"
296,9,2025,Qtr 4,December,10,"$192,00","$192,00"
296,10,2025,Qtr 4,December,17,"$192,00","$192,00"
296,11,2025,Qtr 4,December,24,"$192,00","$192,00"
296,12,2025,Qtr 4,December,31,"$192,00","$192,00"
296,13,2026,Qtr 1,January,7,"$192,00","$192,00"
296,14,2026,Qtr 1,January,14,"$192,00","$192,00"
296,15,2026,Qtr 1,January,21,"$192,00","$192,00"
296,16,2026,Qtr 1,January,28,"$192,00","$0,00"
296,17,2026,Qtr 1,February,4,"$192,00","$0,00"
296,18,2026,Qtr 1,February,11,"$192,00","$0,00"
296,19,2026,Qtr 1,February,18,"$192,00","$0,00"
296,20,2026,Qtr 1,February,25,"$192,00","$0,00"
296,21,2026,Qtr 1,March,4,"$192,00","$0,00"
296,22,2026,Qtr 1,March,11,"$192,00","$0,00"
296,23,2026,Qtr 1,March,18,"$192,00","$0,00"
296,24,2026,Qtr 1,March,25,"$192,00","$0,00"
296,25,2026,Qtr 2,April,1,"$192,00","$0,00"
296,26,2026,Qtr 2,April,8,"$192,00","$0,00"
296,27,2026,Qtr 2,April,15,"$192,00","$0,00"
296,28,2026,Qtr 2,April,22,"$192,00","$0,00"
296,29,2026,Qtr 2,April,29,"$192,00","$0,00"
296,30,2026,Qtr 2,May,6,"$192,00","$0,00"
296,31,2026,Qtr 2,May,13,"$192,00","$0,00"
296,32,2026,Qtr 2,May,20,"$192,00","$0,00"
296,33,2026,Qtr 2,May,27,"$192,00","$0,00"
296,34,2026,Qtr 2,June,3,"$192,00","$0,00"
299,0,2025,Qtr 3,September,30,"$400,00","$399,50"
299,1,2025,Qtr 4,October,7,"$160,26","$160,26"
299,2,2025,Qtr 4,October,14,"$160,26","$160,26"
299,3,2025,Qtr 4,October,21,"$160,26","$160,26"
299,4,2025,Qtr 4,October,28,"$160,26","$160,26"
299,5,2025,Qtr 4,November,4,"$160,26","$160,26"
299,6,2025,Qtr 4,November,11,"$160,26","$160,26"
299,7,2025,Qtr 4,November,18,"$160,26","$160,26"
299,8,2025,Qtr 4,November,25,"$160,26","$160,26"
299,9,2025,Qtr 4,December,2,"$160,26","$160,26"
299,10,2025,Qtr 4,December,9,"$160,26","$160,26"
299,11,2025,Qtr 4,December,16,"$160,26","$160,26"
299,12,2025,Qtr 4,December,23,"$160,26","$160,26"
299,13,2025,Qtr 4,December,30,"$160,26","$160,26"
299,14,2026,Qtr 1,January,6,"$160,26","$160,26"
299,15,2026,Qtr 1,January,13,"$160,26","$160,26"
299,16,2026,Qtr 1,January,20,"$160,26","$160,26"
299,17,2026,Qtr 1,January,27,"$160,26","$0,00"
299,18,2026,Qtr 1,February,3,"$160,26","$0,00"
299,19,2026,Qtr 1,February,10,"$160,26","$0,00"
299,20,2026,Qtr 1,February,17,"$160,26","$0,00"
299,21,2026,Qtr 1,February,24,"$160,26","$0,00"
299,22,2026,Qtr 1,March,3,"$160,26","$0,00"
299,23,2026,Qtr 1,March,10,"$160,26","$0,00"
299,24,2026,Qtr 1,March,17,"$160,26","$0,00"
299,25,2026,Qtr 1,March,24,"$160,26","$0,00"
299,26,2026,Qtr 1,March,31,"$160,26","$0,00"
299,27,2026,Qtr 2,April,7,"$160,26","$0,00"
299,28,2026,Qtr 2,April,14,"$160,26","$0,00"
299,29,2026,Qtr 2,April,21,"$160,26","$0,00"
299,30,2026,Qtr 2,April,28,"$160,26","$0,00"
299,31,2026,Qtr 2,May,5,"$160,26","$0,00"
299,32,2026,Qtr 2,May,12,"$160,26","$0,00"
299,33,2026,Qtr 2,May,19,"$160,26","$0,00"
299,34,2026,Qtr 2,May,26,"$160,26","$0,00"
299,35,2026,Qtr 2,June,2,"$160,26","$0,00"
300,0,2025,Qtr 3,August,26,"$999,00","$999,00"
300,1,2025,Qtr 3,September,2,"$310,00","$310,00"
300,2,2025,Qtr 3,September,9,"$310,00","$310,00"
300,3,2025,Qtr 3,September,16,"$310,00","$310,00"
300,4,2025,Qtr 3,September,23,"$310,00","$310,00"
300,5,2025,Qtr 3,September,30,"$310,00","$310,00"
300,6,2025,Qtr 4,October,7,"$310,00","$310,00"
300,7,2025,Qtr 4,October,14,"$310,00","$310,00"
300,8,2025,Qtr 4,October,21,"$310,00","$310,00"
300,9,2025,Qtr 4,October,28,"$310,00","$310,00"
300,10,2025,Qtr 4,November,4,"$310,00","$310,00"
300,11,2025,Qtr 4,November,11,"$310,00","$310,00"
300,12,2025,Qtr 4,November,18,"$310,00","$310,00"
300,13,2025,Qtr 4,November,25,"$310,00","$310,00"
300,14,2025,Qtr 4,December,2,"$310,00","$310,00"
300,15,2025,Qtr 4,December,9,"$310,00","$310,00"
302,0,2025,Qtr 3,August,1,"$799,00","$799,00"
302,1,2025,Qtr 3,August,8,"$300,00","$300,00"
302,2,2025,Qtr 3,August,15,"$300,00","$300,00"
302,3,2025,Qtr 3,August,22,"$300,00","$300,00"
302,4,2025,Qtr 3,August,29,"$300,00","$300,00"
302,5,2025,Qtr 3,September,5,"$300,00","$300,00"
302,6,2025,Qtr 3,September,12,"$300,00","$300,00"
302,7,2025,Qtr 3,September,19,"$300,00","$300,00"
302,8,2025,Qtr 3,September,26,"$300,00","$300,00"
302,9,2025,Qtr 4,October,3,"$300,00","$300,00"
302,10,2025,Qtr 4,October,10,"$300,00","$300,00"
302,11,2025,Qtr 4,October,17,"$300,00","$300,00"
302,12,2025,Qtr 4,October,24,"$300,00","$300,00"
302,13,2025,Qtr 4,October,31,"$300,00","$300,00"
302,14,2025,Qtr 4,November,7,"$300,00","$300,00"
302,15,2025,Qtr 4,November,14,"$300,00","$300,00"
303,0,2025,Qtr 3,July,20,"$1249,00","$1249,00"
303,1,2025,Qtr 3,July,27,"$354,42","$354,42"
303,2,2025,Qtr 3,August,3,"$354,42","$354,42"
303,3,2025,Qtr 3,August,10,"$354,42","$354,42"
303,4,2025,Qtr 3,August,17,"$354,42","$354,42"
303,5,2025,Qtr 3,August,24,"$354,42","$354,42"
303,6,2025,Qtr 3,August,31,"$354,42","$354,42"
303,7,2025,Qtr 3,September,7,"$354,42","$354,42"
303,8,2025,Qtr 3,September,14,"$354,42","$354,42"
303,9,2025,Qtr 3,September,21,"$354,42","$354,42"
303,10,2025,Qtr 3,September,28,"$354,42","$354,42"
303,11,2025,Qtr 4,October,5,"$354,42","$354,42"
303,12,2025,Qtr 4,October,12,"$354,42","$354,42"
303,13,2025,Qtr 4,October,19,"$354,42","$354,42"
303,14,2025,Qtr 4,October,26,"$354,42","$354,42"
303,15,2025,Qtr 4,November,2,"$354,42","$354,42"
303,16,2025,Qtr 4,November,9,"$354,42","$354,42"
303,17,2025,Qtr 4,November,16,"$354,42","$354,42"
303,18,2025,Qtr 4,November,23,"$354,42","$354,42"
303,19,2025,Qtr 4,November,30,"$354,42","$354,42"
303,20,2025,Qtr 4,December,7,"$354,42","$354,42"
303,21,2025,Qtr 4,December,14,"$354,42","$354,42"
303,22,2025,Qtr 4,December,21,"$354,42","$354,42"
303,23,2025,Qtr 4,December,28,"$354,42","$354,42"
303,24,2026,Qtr 1,January,4,"$354,42","$354,42"
303,25,2026,Qtr 1,January,11,"$354,42","$354,42"
303,26,2026,Qtr 1,January,18,"$354,42","$354,50"
304,0,2025,Qtr 3,July,6,"$999,00","$999,00"
304,1,2025,Qtr 3,July,13,"$430,00","$430,00"
304,2,2025,Qtr 3,July,20,"$430,00","$430,00"
304,3,2025,Qtr 3,July,27,"$430,00","$430,00"
304,4,2025,Qtr 3,August,3,"$430,00","$430,00"
304,5,2025,Qtr 3,August,10,"$430,00","$430,00"
304,6,2025,Qtr 3,August,17,"$430,00","$430,00"
304,7,2025,Qtr 3,August,24,"$430,00","$430,00"
304,8,2025,Qtr 3,August,31,"$430,00","$430,00"
304,9,2025,Qtr 3,September,7,"$430,00","$430,00"
304,10,2025,Qtr 3,September,14,"$430,00","$430,00"
304,11,2025,Qtr 3,September,21,"$430,00","$430,00"
304,12,2025,Qtr 3,September,28,"$430,00","$430,00"
304,13,2025,Qtr 4,October,5,"$430,00","$430,00"
304,14,2025,Qtr 4,October,12,"$430,00","$430,00"
304,15,2025,Qtr 4,October,19,"$430,00","$430,00"
305,0,2025,Qtr 2,May,31,"$624,00","$624,50"
305,1,2025,Qtr 2,June,7,"$282,84","$282,84"
305,2,2025,Qtr 2,June,14,"$282,84","$282,84"
305,3,2025,Qtr 2,June,21,"$282,84","$282,84"
305,4,2025,Qtr 2,June,28,"$282,84","$282,84"
305,5,2025,Qtr 3,July,5,"$282,84","$282,84"
305,6,2025,Qtr 3,July,12,"$282,84","$282,84"
305,7,2025,Qtr 3,July,19,"$282,84","$282,84"
305,8,2025,Qtr 3,July,26,"$282,84","$282,84"
305,9,2025,Qtr 3,August,2,"$282,84","$282,84"
305,10,2025,Qtr 3,August,9,"$282,84","$282,84"
305,11,2025,Qtr 3,August,16,"$282,84","$282,84"
305,12,2025,Qtr 3,August,23,"$282,84","$282,84"
305,13,2025,Qtr 3,August,30,"$282,84","$282,84"
305,14,2025,Qtr 3,September,6,"$282,84","$282,84"
305,15,2025,Qtr 3,September,13,"$282,84","$282,84"
305,16,2025,Qtr 3,September,20,"$282,84","$282,84"
305,17,2025,Qtr 3,September,27,"$282,84","$282,84"
305,18,2025,Qtr 4,October,4,"$282,84","$282,84"
305,19,2025,Qtr 4,October,11,"$282,84","$282,84"
305,20,2025,Qtr 4,October,18,"$282,84","$282,84"
305,21,2025,Qtr 4,October,25,"$282,84","$282,84"
305,22,2025,Qtr 4,November,1,"$282,84","$282,84"
305,23,2025,Qtr 4,November,8,"$282,84","$282,84"
305,24,2025,Qtr 4,November,15,"$282,84","$282,84"
305,25,2025,Qtr 4,November,22,"$282,84","$282,84"
305,26,2025,Qtr 4,November,29,"$282,84","$282,84"
305,27,2025,Qtr 4,December,6,"$282,84","$282,84"
305,28,2025,Qtr 4,December,13,"$282,84","$282,84"
305,29,2025,Qtr 4,December,20,"$282,84","$282,84"
305,30,2025,Qtr 4,December,27,"$282,84","$282,84"
305,31,2026,Qtr 1,January,3,"$282,84","$282,84"
305,32,2026,Qtr 1,January,10,"$282,84","$282,84"
305,33,2026,Qtr 1,January,17,"$282,84","$282,84"
305,34,2026,Qtr 1,January,24,"$282,84","$0,00"
305,35,2026,Qtr 1,January,31,"$282,84","$0,00"
305,36,2026,Qtr 1,February,7,"$282,84","$0,00"
305,37,2026,Qtr 1,February,14,"$282,84","$0,00"
305,38,2026,Qtr 1,February,21,"$282,84","$0,00"
305,39,2026,Qtr 1,February,28,"$282,84","$0,00"
305,40,2026,Qtr 1,March,7,"$282,84","$0,00"
305,41,2026,Qtr 1,March,14,"$282,84","$0,00"
305,42,2026,Qtr 1,March,21,"$282,84","$0,00"
305,43,2026,Qtr 1,March,28,"$282,84","$0,00"
306,0,2025,Qtr 2,April,24,"$500,00","$500,00"
306,1,2025,Qtr 2,May,1,"$186,02","$186,02"
306,2,2025,Qtr 2,May,8,"$186,02","$186,02"
306,3,2025,Qtr 2,May,15,"$186,02","$186,02"
306,4,2025,Qtr 2,May,22,"$186,02","$186,02"
306,5,2025,Qtr 2,May,29,"$186,02","$186,02"
306,6,2025,Qtr 2,June,5,"$186,02","$186,02"
306,7,2025,Qtr 2,June,12,"$186,02","$186,02"
306,8,2025,Qtr 2,June,19,"$186,02","$186,02"
306,9,2025,Qtr 2,June,26,"$186,02","$186,02"
306,10,2025,Qtr 3,July,3,"$186,02","$186,02"
306,11,2025,Qtr 3,July,10,"$186,02","$186,02"
306,12,2025,Qtr 3,July,17,"$186,02","$186,02"
306,13,2025,Qtr 3,July,24,"$186,02","$186,02"
306,14,2025,Qtr 3,July,31,"$186,02","$186,02"
306,15,2025,Qtr 3,August,7,"$186,02","$186,02"
306,16,2025,Qtr 3,August,14,"$186,02","$186,02"
306,17,2025,Qtr 3,August,21,"$186,02","$186,02"
306,18,2025,Qtr 3,August,28,"$186,02","$186,02"
306,19,2025,Qtr 3,September,4,"$186,02","$186,02"
306,20,2025,Qtr 3,September,11,"$186,02","$186,02"
306,21,2025,Qtr 3,September,18,"$186,02","$186,02"
306,22,2025,Qtr 3,September,25,"$186,02","$186,02"
306,23,2025,Qtr 4,October,2,"$186,02","$186,02"
306,24,2025,Qtr 4,October,9,"$186,02","$186,02"
306,25,2025,Qtr 4,October,16,"$186,02","$186,02"
306,26,2025,Qtr 4,October,23,"$186,02","$186,02"
306,27,2025,Qtr 4,October,30,"$186,02","$186,02"
306,28,2025,Qtr 4,November,6,"$186,02","$186,02"
306,29,2025,Qtr 4,November,13,"$186,02","$186,02"
306,30,2025,Qtr 4,November,20,"$186,02","$186,02"
306,31,2025,Qtr 4,November,27,"$186,02","$186,02"
306,32,2025,Qtr 4,December,4,"$186,02","$186,02"
306,33,2025,Qtr 4,December,11,"$186,02","$186,02"
306,34,2025,Qtr 4,December,18,"$186,02","$186,02"
306,35,2025,Qtr 4,December,25,"$186,02","$186,02"
306,36,2026,Qtr 1,January,1,"$186,02","$186,02"
306,37,2026,Qtr 1,January,8,"$186,02","$186,02"
306,38,2026,Qtr 1,January,15,"$186,02","$186,02"
306,39,2026,Qtr 1,January,22,"$186,02","$186,02"
306,40,2026,Qtr 1,January,29,"$186,02","$0,00"
306,41,2026,Qtr 1,February,5,"$186,02","$0,00"
306,42,2026,Qtr 1,February,12,"$186,02","$0,00"
306,43,2026,Qtr 1,February,19,"$186,02","$0,00"
307,0,2025,Qtr 2,May,15,"$999,00","$999,00"
307,1,2025,Qtr 2,May,22,"$406,11","$406,11"
307,2,2025,Qtr 2,May,29,"$406,11","$406,11"
307,3,2025,Qtr 2,June,5,"$406,11","$406,11"
307,4,2025,Qtr 2,June,12,"$406,11","$406,11"
307,5,2025,Qtr 2,June,19,"$406,11","$406,11"
307,6,2025,Qtr 2,June,26,"$406,11","$406,11"
307,7,2025,Qtr 3,July,3,"$406,11","$406,11"
307,8,2025,Qtr 3,July,10,"$406,11","$406,11"
307,9,2025,Qtr 3,July,17,"$406,11","$406,11"
307,10,2025,Qtr 3,July,24,"$406,11","$406,11"
307,11,2025,Qtr 3,July,31,"$406,11","$406,11"
307,12,2025,Qtr 3,August,7,"$406,11","$406,11"
307,13,2025,Qtr 3,August,14,"$406,11","$406,11"
307,14,2025,Qtr 3,August,21,"$406,11","$406,11"
307,15,2025,Qtr 3,August,28,"$406,11","$406,11"
307,16,2025,Qtr 3,September,4,"$406,11","$406,11"
307,17,2025,Qtr 3,September,11,"$406,11","$406,11"
307,18,2025,Qtr 3,September,18,"$406,11","$406,13"
309,0,2025,Qtr 2,May,24,"$999,00","$999,00"
309,1,2025,Qtr 2,May,31,"$258,00","$258,00"
309,2,2025,Qtr 2,June,7,"$258,00","$258,00"
309,3,2025,Qtr 2,June,14,"$258,00","$258,00"
309,4,2025,Qtr 2,June,21,"$258,00","$258,00"
309,5,2025,Qtr 2,June,28,"$258,00","$258,00"
309,6,2025,Qtr 3,July,5,"$258,00","$258,00"
309,7,2025,Qtr 3,July,12,"$258,00","$258,00"
309,8,2025,Qtr 3,July,19,"$258,00","$258,00"
309,9,2025,Qtr 3,July,26,"$258,00","$258,00"
309,10,2025,Qtr 3,August,2,"$258,00","$258,00"
309,11,2025,Qtr 3,August,9,"$258,00","$258,00"
309,12,2025,Qtr 3,August,16,"$258,00","$258,00"
309,13,2025,Qtr 3,August,23,"$258,00","$258,00"
309,14,2025,Qtr 3,August,30,"$258,00","$258,00"
309,15,2025,Qtr 3,September,6,"$258,00","$258,00"
309,16,2025,Qtr 3,September,13,"$258,00","$258,00"
309,17,2025,Qtr 3,September,20,"$258,00","$258,00"
309,18,2025,Qtr 3,September,27,"$258,00","$258,00"
309,19,2025,Qtr 4,October,4,"$258,00","$258,00"
309,20,2025,Qtr 4,October,11,"$258,00","$258,00"
309,21,2025,Qtr 4,October,18,"$258,00","$258,00"
309,22,2025,Qtr 4,October,25,"$258,00","$258,00"
309,23,2025,Qtr 4,November,1,"$258,00","$258,00"
309,24,2025,Qtr 4,November,8,"$258,00","$258,00"
309,25,2025,Qtr 4,November,15,"$258,00","$258,00"
309,26,2025,Qtr 4,November,22,"$258,00","$258,00"
309,27,2025,Qtr 4,November,29,"$258,00","$258,00"
309,28,2025,Qtr 4,December,6,"$258,00","$258,00"
309,29,2025,Qtr 4,December,13,"$258,00","$258,00"
309,30,2025,Qtr 4,December,20,"$258,00","$258,00"
309,31,2025,Qtr 4,December,27,"$258,00","$258,00"
309,32,2026,Qtr 1,January,3,"$258,00","$258,00"
309,33,2026,Qtr 1,January,10,"$258,00","$258,00"
309,34,2026,Qtr 1,January,17,"$258,00","$258,00"
309,35,2026,Qtr 1,January,24,"$258,00","$0,00"
311,0,2025,Qtr 2,May,16,"$999,00","$999,00"
311,1,2025,Qtr 2,May,23,"$430,00","$430,00"
311,2,2025,Qtr 2,May,30,"$430,00","$430,00"
311,3,2025,Qtr 2,June,6,"$430,00","$430,00"
311,4,2025,Qtr 2,June,13,"$430,00","$430,00"
311,5,2025,Qtr 2,June,20,"$430,00","$430,00"
311,6,2025,Qtr 2,June,27,"$430,00","$430,00"
311,7,2025,Qtr 3,July,4,"$430,00","$430,00"
311,8,2025,Qtr 3,July,11,"$430,00","$430,00"
311,9,2025,Qtr 3,July,18,"$430,00","$430,00"
311,10,2025,Qtr 3,July,25,"$430,00","$430,00"
311,11,2025,Qtr 3,August,1,"$430,00","$430,00"
311,12,2025,Qtr 3,August,8,"$430,00","$430,00"
311,13,2025,Qtr 3,August,15,"$430,00","$430,00"
311,14,2025,Qtr 3,August,22,"$430,00","$430,00"
311,15,2025,Qtr 3,August,29,"$430,00","$430,00"
312,0,2025,Qtr 2,April,22,"$799,00","$799,00"
312,1,2025,Qtr 2,April,29,"$300,00","$300,00"
312,2,2025,Qtr 2,May,6,"$300,00","$300,00"
312,3,2025,Qtr 2,May,13,"$300,00","$300,00"
312,4,2025,Qtr 2,May,20,"$300,00","$300,00"
312,5,2025,Qtr 2,May,27,"$300,00","$300,00"
312,6,2025,Qtr 2,June,3,"$300,00","$300,00"
312,7,2025,Qtr 2,June,10,"$300,00","$300,00"
312,8,2025,Qtr 2,June,17,"$300,00","$300,00"
312,9,2025,Qtr 2,June,24,"$300,00","$300,00"
312,10,2025,Qtr 3,July,1,"$300,00","$300,00"
312,11,2025,Qtr 3,July,8,"$300,00","$300,00"
312,12,2025,Qtr 3,July,15,"$300,00","$300,00"
312,13,2025,Qtr 3,July,22,"$300,00","$300,00"
312,14,2025,Qtr 3,July,29,"$300,00","$300,00"
312,15,2025,Qtr 3,August,5,"$300,00","$300,00"
313,0,2025,Qtr 2,April,30,"$999,00","$999,00"
313,1,2025,Qtr 2,May,7,"$344,14","$344,14"
313,2,2025,Qtr 2,May,14,"$344,14","$344,14"
313,3,2025,Qtr 2,May,21,"$344,14","$344,14"
313,4,2025,Qtr 2,May,28,"$344,14","$344,14"
313,5,2025,Qtr 2,June,4,"$344,14","$344,14"
313,6,2025,Qtr 2,June,11,"$344,14","$344,14"
313,7,2025,Qtr 2,June,18,"$344,14","$344,14"
313,8,2025,Qtr 2,June,25,"$344,14","$344,14"
313,9,2025,Qtr 3,July,2,"$344,14","$344,14"
313,10,2025,Qtr 3,July,9,"$344,14","$344,14"
313,11,2025,Qtr 3,July,16,"$344,14","$344,14"
313,12,2025,Qtr 3,July,23,"$344,14","$344,14"
313,13,2025,Qtr 3,July,30,"$344,14","$344,14"
313,14,2025,Qtr 3,August,6,"$344,14","$344,14"
313,15,2025,Qtr 3,August,13,"$344,14","$344,14"
313,16,2025,Qtr 3,August,20,"$344,14","$344,14"
313,17,2025,Qtr 3,August,27,"$344,14","$344,14"
313,18,2025,Qtr 3,September,3,"$344,14","$344,14"
313,19,2025,Qtr 3,September,10,"$344,14","$344,14"
313,20,2025,Qtr 3,September,17,"$344,14","$344,14"
313,21,2025,Qtr 3,September,24,"$344,14","$344,14"
313,22,2025,Qtr 4,October,1,"$344,14","$344,14"
313,23,2025,Qtr 4,October,8,"$344,14","$344,14"
313,24,2025,Qtr 4,October,15,"$344,14","$344,14"
313,25,2025,Qtr 4,October,22,"$344,14","$344,14"
313,26,2025,Qtr 4,October,29,"$344,14","$344,14"
313,27,2025,Qtr 4,November,5,"$344,14","$344,14"
313,28,2025,Qtr 4,November,12,"$344,14","$344,14"
313,29,2025,Qtr 4,November,19,"$344,14","$344,14"
313,30,2025,Qtr 4,November,26,"$344,14","$344,14"
313,31,2025,Qtr 4,December,3,"$344,14","$344,14"
313,32,2025,Qtr 4,December,10,"$344,14","$344,14"
313,33,2025,Qtr 4,December,17,"$344,14","$344,14"
313,34,2025,Qtr 4,December,24,"$344,14","$344,14"
313,35,2025,Qtr 4,December,31,"$344,14","$344,24"
314,0,2025,Qtr 2,May,16,"$799,00","$799,00"
314,1,2025,Qtr 2,May,23,"$219,23","$219,23"
314,2,2025,Qtr 2,May,30,"$219,23","$219,23"
314,3,2025,Qtr 2,June,6,"$219,23","$219,23"
314,4,2025,Qtr 2,June,13,"$219,23","$219,23"
314,5,2025,Qtr 2,June,20,"$219,23","$219,23"
314,6,2025,Qtr 2,June,27,"$219,23","$219,23"
314,7,2025,Qtr 3,July,4,"$219,23","$219,23"
314,8,2025,Qtr 3,July,11,"$219,23","$219,23"
314,9,2025,Qtr 3,July,18,"$219,23","$219,23"
314,10,2025,Qtr 3,July,25,"$219,23","$219,23"
314,11,2025,Qtr 3,August,1,"$219,23","$219,23"
314,12,2025,Qtr 3,August,8,"$219,23","$219,23"
314,13,2025,Qtr 3,August,15,"$219,23","$219,23"
314,14,2025,Qtr 3,August,22,"$219,23","$219,23"
314,15,2025,Qtr 3,August,29,"$219,23","$219,23"
314,16,2025,Qtr 3,September,5,"$219,23","$219,23"
314,17,2025,Qtr 3,September,12,"$219,23","$219,23"
314,18,2025,Qtr 3,September,19,"$219,23","$219,23"
314,19,2025,Qtr 3,September,26,"$219,23","$219,23"
314,20,2025,Qtr 4,October,3,"$219,23","$219,23"
314,21,2025,Qtr 4,October,10,"$219,23","$219,23"
314,22,2025,Qtr 4,October,17,"$219,23","$219,23"
314,23,2025,Qtr 4,October,24,"$219,23","$219,23"
314,24,2025,Qtr 4,October,31,"$219,23","$219,23"
314,25,2025,Qtr 4,November,7,"$219,23","$219,23"
314,26,2025,Qtr 4,November,14,"$219,23","$219,25"
315,0,2025,Qtr 2,April,22,"$1249,00","$1249,00"
315,1,2025,Qtr 2,April,29,"$442,50","$442,50"
315,2,2025,Qtr 2,May,6,"$442,50","$442,50"
315,3,2025,Qtr 2,May,13,"$442,50","$442,50"
315,4,2025,Qtr 2,May,20,"$442,50","$442,50"
315,5,2025,Qtr 2,May,27,"$442,50","$442,50"
315,6,2025,Qtr 2,June,3,"$442,50","$442,50"
315,7,2025,Qtr 2,June,10,"$442,50","$442,50"
315,8,2025,Qtr 2,June,17,"$442,50","$442,50"
315,9,2025,Qtr 2,June,24,"$442,50","$442,50"
315,10,2025,Qtr 3,July,1,"$442,50","$442,50"
315,11,2025,Qtr 3,July,8,"$442,50","$442,50"
315,12,2025,Qtr 3,July,15,"$442,50","$442,50"
315,13,2025,Qtr 3,July,22,"$442,50","$442,50"
315,14,2025,Qtr 3,July,29,"$442,50","$442,50"
315,15,2025,Qtr 3,August,5,"$442,50","$442,50"
315,16,2025,Qtr 3,August,12,"$442,50","$442,50"
315,17,2025,Qtr 3,August,19,"$442,50","$442,50"
315,18,2025,Qtr 3,August,26,"$442,50","$442,50"
315,19,2025,Qtr 3,September,2,"$442,50","$442,50"
315,20,2025,Qtr 3,September,9,"$442,50","$442,50"
319,0,2025,Qtr 2,April,24,"$999,00","$999,00"
319,1,2025,Qtr 2,May,1,"$230,00","$230,00"
319,2,2025,Qtr 2,May,8,"$230,00","$230,00"
319,3,2025,Qtr 2,May,15,"$230,00","$230,00"
319,4,2025,Qtr 2,May,22,"$230,00","$230,00"
319,5,2025,Qtr 2,May,29,"$230,00","$230,00"
319,6,2025,Qtr 2,June,5,"$230,00","$230,00"
319,7,2025,Qtr 2,June,12,"$230,00","$230,00"
319,8,2025,Qtr 2,June,19,"$230,00","$230,00"
319,9,2025,Qtr 2,June,26,"$230,00","$230,00"
319,10,2025,Qtr 3,July,3,"$230,00","$230,00"
319,11,2025,Qtr 3,July,10,"$230,00","$230,00"
319,12,2025,Qtr 3,July,17,"$230,00","$230,00"
319,13,2025,Qtr 3,July,24,"$230,00","$230,00"
319,14,2025,Qtr 3,July,31,"$230,00","$230,00"
319,15,2025,Qtr 3,August,7,"$230,00","$230,00"
319,16,2025,Qtr 3,August,14,"$230,00","$230,00"
319,17,2025,Qtr 3,August,21,"$230,00","$230,00"
319,18,2025,Qtr 3,August,28,"$230,00","$230,00"
319,19,2025,Qtr 3,September,4,"$230,00","$230,00"
319,20,2025,Qtr 3,September,11,"$230,00","$230,00"
319,21,2025,Qtr 3,September,18,"$230,00","$230,00"
319,22,2025,Qtr 3,September,25,"$230,00","$230,00"
319,23,2025,Qtr 4,October,2,"$230,00","$230,00"
319,24,2025,Qtr 4,October,9,"$230,00","$230,00"
319,25,2025,Qtr 4,October,16,"$230,00","$230,00"
319,26,2025,Qtr 4,October,23,"$230,00","$230,00"
319,27,2025,Qtr 4,October,30,"$230,00","$230,00"
319,28,2025,Qtr 4,November,6,"$230,00","$230,00"
319,29,2025,Qtr 4,November,13,"$230,00","$230,00"
319,30,2025,Qtr 4,November,20,"$230,00","$230,00"
319,31,2025,Qtr 4,November,27,"$230,00","$230,00"
319,32,2025,Qtr 4,December,4,"$230,00","$230,00"
319,33,2025,Qtr 4,December,11,"$230,00","$230,00"
319,34,2025,Qtr 4,December,18,"$230,00","$230,00"
319,35,2025,Qtr 4,December,25,"$230,00","$230,00"
319,36,2026,Qtr 1,January,1,"$230,00","$230,00"
319,37,2026,Qtr 1,January,8,"$230,00","$230,00"
319,38,2026,Qtr 1,January,15,"$230,00","$230,00"
319,39,2026,Qtr 1,January,22,"$230,00","$0,00"
319,40,2026,Qtr 1,January,29,"$230,00","$0,00"
319,41,2026,Qtr 1,February,5,"$230,00","$0,00"
319,42,2026,Qtr 1,February,12,"$230,00","$0,00"
319,43,2026,Qtr 1,February,19,"$230,00","$0,00"
320,0,2025,Qtr 2,May,16,"$799,00","$799,00"
320,1,2025,Qtr 2,May,23,"$219,23","$219,23"
320,2,2025,Qtr 2,May,30,"$219,23","$219,23"
320,3,2025,Qtr 2,June,6,"$219,23","$219,23"
320,4,2025,Qtr 2,June,13,"$219,23","$219,23"
320,5,2025,Qtr 2,June,20,"$219,23","$219,23"
320,6,2025,Qtr 2,June,27,"$219,23","$219,23"
320,7,2025,Qtr 3,July,4,"$219,23","$219,23"
320,8,2025,Qtr 3,July,11,"$219,23","$219,23"
320,9,2025,Qtr 3,July,18,"$219,23","$219,23"
320,10,2025,Qtr 3,July,25,"$219,23","$219,23"
320,11,2025,Qtr 3,August,1,"$219,23","$219,23"
320,12,2025,Qtr 3,August,8,"$219,23","$219,23"
320,13,2025,Qtr 3,August,15,"$219,23","$219,23"
320,14,2025,Qtr 3,August,22,"$219,23","$219,23"
320,15,2025,Qtr 3,August,29,"$219,23","$219,23"
320,16,2025,Qtr 3,September,5,"$219,23","$219,23"
320,17,2025,Qtr 3,September,12,"$219,23","$219,23"
320,18,2025,Qtr 3,September,19,"$219,23","$219,23"
320,19,2025,Qtr 3,September,26,"$219,23","$219,23"
320,20,2025,Qtr 4,October,3,"$219,23","$219,23"
320,21,2025,Qtr 4,October,10,"$219,23","$219,23"
320,22,2025,Qtr 4,October,17,"$219,23","$219,23"
320,23,2025,Qtr 4,October,24,"$219,23","$219,23"
320,24,2025,Qtr 4,October,31,"$219,23","$219,23"
320,25,2025,Qtr 4,November,7,"$219,23","$219,23"
320,26,2025,Qtr 4,November,14,"$219,23","$219,25"
321,0,2025,Qtr 1,March,30,"$2600,00","$2600,00"
321,1,2025,Qtr 2,April,6,"$449,94","$449,94"
321,2,2025,Qtr 2,April,13,"$449,94","$449,94"
321,3,2025,Qtr 2,April,20,"$449,94","$449,94"
321,4,2025,Qtr 2,April,27,"$449,94","$449,94"
321,5,2025,Qtr 2,May,4,"$449,94","$449,94"
321,6,2025,Qtr 2,May,11,"$449,94","$449,94"
321,7,2025,Qtr 2,May,18,"$449,94","$449,94"
321,8,2025,Qtr 2,May,25,"$449,94","$449,94"
321,9,2025,Qtr 2,June,1,"$449,94","$449,94"
321,10,2025,Qtr 2,June,8,"$449,94","$449,94"
321,11,2025,Qtr 2,June,15,"$449,94","$449,94"
321,12,2025,Qtr 2,June,22,"$449,94","$449,94"
321,13,2025,Qtr 2,June,29,"$449,94","$449,94"
321,14,2025,Qtr 3,July,6,"$449,94","$449,94"
321,15,2025,Qtr 3,July,13,"$449,94","$449,94"
321,16,2025,Qtr 3,July,20,"$449,94","$449,94"
321,17,2025,Qtr 3,July,27,"$449,94","$449,94"
321,18,2025,Qtr 3,August,3,"$449,94","$449,94"
321,19,2025,Qtr 3,August,10,"$449,94","$449,94"
321,20,2025,Qtr 3,August,17,"$449,94","$449,94"
321,21,2025,Qtr 3,August,24,"$449,94","$449,94"
321,22,2025,Qtr 3,August,31,"$449,94","$449,94"
321,23,2025,Qtr 3,September,7,"$449,94","$449,94"
321,24,2025,Qtr 3,September,14,"$449,94","$449,94"
321,25,2025,Qtr 3,September,21,"$449,94","$449,94"
321,26,2025,Qtr 3,September,28,"$449,94","$449,94"
321,27,2025,Qtr 4,October,5,"$449,94","$449,94"
321,28,2025,Qtr 4,October,12,"$449,94","$449,94"
321,29,2025,Qtr 4,October,19,"$449,94","$449,94"
321,30,2025,Qtr 4,October,26,"$449,94","$449,94"
321,31,2025,Qtr 4,November,2,"$449,94","$449,94"
321,32,2025,Qtr 4,November,9,"$449,94","$449,94"
321,33,2025,Qtr 4,November,16,"$449,94","$449,94"
321,34,2025,Qtr 4,November,23,"$449,94","$449,94"
321,35,2025,Qtr 4,November,30,"$449,94","$449,94"
324,0,2025,Qtr 2,April,3,"$999,00","$999,00"
324,1,2025,Qtr 2,April,10,"$144,30","$144,30"
324,2,2025,Qtr 2,April,17,"$144,30","$144,30"
324,3,2025,Qtr 2,April,24,"$144,30","$144,30"
324,4,2025,Qtr 2,May,1,"$144,30","$144,30"
324,5,2025,Qtr 2,May,8,"$144,30","$144,30"
324,6,2025,Qtr 2,May,15,"$144,30","$144,30"
324,7,2025,Qtr 2,May,22,"$144,30","$144,30"
324,8,2025,Qtr 2,May,29,"$144,30","$144,30"
324,9,2025,Qtr 2,June,5,"$144,30","$144,30"
324,10,2025,Qtr 2,June,12,"$144,30","$144,30"
324,11,2025,Qtr 2,June,19,"$144,30","$144,30"
324,12,2025,Qtr 2,June,26,"$144,30","$144,30"
324,13,2025,Qtr 3,July,3,"$144,30","$144,30"
324,14,2025,Qtr 3,July,10,"$144,30","$144,30"
324,15,2025,Qtr 3,July,17,"$144,30","$144,30"
324,16,2025,Qtr 3,July,24,"$144,30","$144,30"
324,17,2025,Qtr 3,July,31,"$144,30","$144,30"
324,18,2025,Qtr 3,August,7,"$144,30","$144,30"
324,19,2025,Qtr 3,August,14,"$144,30","$144,30"
324,20,2025,Qtr 3,August,21,"$144,30","$144,30"
324,21,2025,Qtr 3,August,28,"$144,30","$144,30"
324,22,2025,Qtr 3,September,4,"$144,30","$144,30"
324,23,2025,Qtr 3,September,11,"$144,30","$144,30"
324,24,2025,Qtr 3,September,18,"$144,30","$144,30"
324,25,2025,Qtr 3,September,25,"$144,30","$144,30"
324,26,2025,Qtr 4,October,2,"$144,30","$144,30"
324,27,2025,Qtr 4,October,9,"$144,30","$144,30"
324,28,2025,Qtr 4,October,16,"$144,30","$144,30"
324,29,2025,Qtr 4,October,23,"$144,30","$144,30"
324,30,2025,Qtr 4,October,30,"$144,30","$144,30"
324,31,2025,Qtr 4,November,6,"$144,30","$144,30"
324,32,2025,Qtr 4,November,13,"$144,30","$144,30"
324,33,2025,Qtr 4,November,20,"$144,30","$144,30"
324,34,2025,Qtr 4,November,27,"$144,30","$144,30"
324,35,2025,Qtr 4,December,4,"$144,30","$144,30"
324,36,2025,Qtr 4,December,11,"$144,30","$144,30"
324,37,2025,Qtr 4,December,18,"$144,30","$144,30"
324,38,2025,Qtr 4,December,25,"$144,30","$144,30"
324,39,2026,Qtr 1,January,1,"$144,30","$144,30"
324,40,2026,Qtr 1,January,8,"$144,30","$144,30"
324,41,2026,Qtr 1,January,15,"$144,30","$144,30"
324,42,2026,Qtr 1,January,22,"$144,30","$0,00"
324,43,2026,Qtr 1,January,29,"$144,30","$0,00"
325,0,2025,Qtr 2,April,6,"$799,00","$799,00"
325,1,2025,Qtr 2,April,13,"$300,00","$300,00"
325,2,2025,Qtr 2,April,20,"$300,00","$300,00"
325,3,2025,Qtr 2,April,27,"$300,00","$300,00"
325,4,2025,Qtr 2,May,4,"$300,00","$300,00"
325,5,2025,Qtr 2,May,11,"$300,00","$300,00"
325,6,2025,Qtr 2,May,18,"$300,00","$300,00"
325,7,2025,Qtr 2,May,25,"$300,00","$300,00"
325,8,2025,Qtr 2,June,1,"$300,00","$300,00"
325,9,2025,Qtr 2,June,8,"$300,00","$300,00"
325,10,2025,Qtr 2,June,15,"$300,00","$300,00"
325,11,2025,Qtr 2,June,22,"$300,00","$300,00"
325,12,2025,Qtr 2,June,29,"$300,00","$300,00"
325,13,2025,Qtr 3,July,6,"$300,00","$300,00"
325,14,2025,Qtr 3,July,13,"$300,00","$300,00"
325,15,2025,Qtr 3,July,20,"$300,00","$300,00"
333,0,2025,Qtr 1,March,23,"$799,00","$799,00"
333,1,2025,Qtr 1,March,30,"$219,23","$219,23"
333,2,2025,Qtr 2,April,6,"$219,23","$219,23"
333,3,2025,Qtr 2,April,13,"$219,23","$219,23"
333,4,2025,Qtr 2,April,20,"$219,23","$219,23"
333,5,2025,Qtr 2,April,27,"$219,23","$219,23"
333,6,2025,Qtr 2,May,4,"$219,23","$219,23"
333,7,2025,Qtr 2,May,11,"$219,23","$219,23"
333,8,2025,Qtr 2,May,18,"$219,23","$219,23"
333,9,2025,Qtr 2,May,25,"$219,23","$219,23"
333,10,2025,Qtr 2,June,1,"$219,23","$219,23"
333,11,2025,Qtr 2,June,8,"$219,23","$219,23"
333,12,2025,Qtr 2,June,15,"$219,23","$219,23"
333,13,2025,Qtr 2,June,22,"$219,23","$219,23"
333,14,2025,Qtr 2,June,29,"$219,23","$219,23"
333,15,2025,Qtr 3,July,6,"$219,23","$219,23"
333,16,2025,Qtr 3,July,13,"$219,23","$219,23"
333,17,2025,Qtr 3,July,20,"$219,23","$219,23"
333,18,2025,Qtr 3,July,27,"$219,23","$219,23"
333,19,2025,Qtr 3,August,3,"$219,23","$219,23"
333,20,2025,Qtr 3,August,10,"$219,23","$219,23"
333,21,2025,Qtr 3,August,17,"$219,23","$219,23"
333,22,2025,Qtr 3,August,24,"$219,23","$219,23"
333,23,2025,Qtr 3,August,31,"$219,23","$219,23"
333,24,2025,Qtr 3,September,7,"$219,23","$219,23"
333,25,2025,Qtr 3,September,14,"$219,23","$219,23"
333,26,2025,Qtr 3,September,21,"$219,23","$219,25"
334,0,2026,Qtr 1,January,25,"$799,00","$300,00"
334,1,2026,Qtr 1,February,1,"$300,00","$300,00"
334,2,2026,Qtr 1,February,8,"$300,00","$300,00"
334,3,2026,Qtr 1,February,15,"$300,00","$300,00"
334,4,2026,Qtr 1,February,22,"$300,00","$300,00"
334,5,2026,Qtr 1,March,1,"$300,00","$300,00"
334,6,2026,Qtr 1,March,8,"$300,00","$300,00"
334,7,2026,Qtr 1,March,15,"$300,00","$300,00"
334,8,2026,Qtr 1,March,22,"$300,00","$300,00"
334,9,2026,Qtr 1,March,29,"$300,00","$300,00"
334,10,2026,Qtr 2,April,5,"$300,00","$300,00"
334,11,2026,Qtr 2,April,12,"$300,00","$300,00"
334,12,2026,Qtr 2,April,19,"$300,00","$300,00"
334,13,2026,Qtr 2,April,26,"$300,00","$300,00"
334,14,2026,Qtr 2,May,3,"$300,00","$300,00"
334,15,2026,Qtr 2,May,10,"$300,00","$799,00"
343,0,2024,Qtr 4,December,29,"$499,00","$499,00"
343,1,2025,Qtr 1,January,5,"$375,38","$375,38"
343,2,2025,Qtr 1,January,12,"$375,38","$375,38"
343,3,2025,Qtr 1,January,19,"$375,38","$375,38"
343,4,2025,Qtr 1,January,26,"$375,38","$375,38"
343,5,2025,Qtr 1,February,2,"$375,38","$375,38"
343,6,2025,Qtr 1,February,9,"$375,38","$375,38"
343,7,2025,Qtr 1,February,16,"$375,38","$375,38"
343,8,2025,Qtr 1,February,23,"$375,38","$375,38"
343,9,2025,Qtr 1,March,2,"$375,38","$375,38"
343,10,2025,Qtr 1,March,9,"$375,38","$375,38"
343,11,2025,Qtr 1,March,16,"$375,38","$375,38"
343,12,2025,Qtr 1,March,23,"$375,38","$375,38"
343,13,2025,Qtr 1,March,30,"$375,38","$375,38"
343,14,2025,Qtr 2,April,6,"$375,38","$375,38"
343,15,2025,Qtr 2,April,13,"$375,38","$375,38"
343,16,2025,Qtr 2,April,20,"$375,38","$375,38"
343,17,2025,Qtr 2,April,27,"$375,38","$375,38"
343,18,2025,Qtr 2,May,4,"$375,38","$375,38"
343,19,2025,Qtr 2,May,11,"$375,38","$375,38"
343,20,2025,Qtr 2,May,18,"$375,38","$375,38"
343,21,2025,Qtr 2,May,25,"$375,38","$375,38"
343,22,2025,Qtr 2,June,1,"$375,38","$375,38"
343,23,2025,Qtr 2,June,8,"$375,38","$375,38"
343,24,2025,Qtr 2,June,15,"$375,38","$375,38"
343,25,2025,Qtr 2,June,22,"$375,38","$375,38"
343,26,2025,Qtr 2,June,29,"$375,38","$375,50"
348,0,2025,Qtr 1,January,28,"$1250,00","$1250,00"
348,1,2025,Qtr 1,February,4,"$290,54","$290,54"
348,2,2025,Qtr 1,February,11,"$290,54","$290,54"
348,3,2025,Qtr 1,February,18,"$290,54","$290,54"
348,4,2025,Qtr 1,February,25,"$290,54","$290,54"
348,5,2025,Qtr 1,March,4,"$290,54","$290,54"
348,6,2025,Qtr 1,March,11,"$290,54","$290,54"
348,7,2025,Qtr 1,March,18,"$290,54","$290,54"
348,8,2025,Qtr 1,March,25,"$290,54","$290,54"
348,9,2025,Qtr 2,April,1,"$290,54","$290,54"
348,10,2025,Qtr 2,April,8,"$290,54","$290,54"
348,11,2025,Qtr 2,April,15,"$290,54","$290,54"
348,12,2025,Qtr 2,April,22,"$290,54","$290,54"
348,13,2025,Qtr 2,April,29,"$290,54","$290,54"
348,14,2025,Qtr 2,May,6,"$290,54","$290,54"
348,15,2025,Qtr 2,May,13,"$290,54","$290,54"
348,16,2025,Qtr 2,May,20,"$290,54","$290,54"
348,17,2025,Qtr 2,May,27,"$290,54","$290,54"
348,18,2025,Qtr 2,June,3,"$290,54","$290,54"
348,19,2025,Qtr 2,June,10,"$290,54","$290,54"
348,20,2025,Qtr 2,June,17,"$290,54","$290,54"
348,21,2025,Qtr 2,June,24,"$290,54","$290,54"
348,22,2025,Qtr 3,July,1,"$290,54","$290,54"
348,23,2025,Qtr 3,July,8,"$290,54","$290,54"
348,24,2025,Qtr 3,July,15,"$290,54","$290,54"
348,25,2025,Qtr 3,July,22,"$290,54","$290,54"
348,26,2025,Qtr 3,July,29,"$290,54","$290,54"
348,27,2025,Qtr 3,August,5,"$290,54","$290,54"
348,28,2025,Qtr 3,August,12,"$290,54","$290,54"
348,29,2025,Qtr 3,August,19,"$290,54","$290,54"
348,30,2025,Qtr 3,August,26,"$290,54","$290,54"
348,31,2025,Qtr 3,September,2,"$290,54","$290,54"
348,32,2025,Qtr 3,September,9,"$290,54","$290,54"
348,33,2025,Qtr 3,September,16,"$290,54","$290,54"
348,34,2025,Qtr 3,September,23,"$290,54","$290,54"
348,35,2025,Qtr 3,September,30,"$290,54","$290,54"
348,36,2025,Qtr 4,October,7,"$290,54","$290,54"
348,37,2025,Qtr 4,October,14,"$290,54","$290,54"
348,38,2025,Qtr 4,October,21,"$290,54","$290,54"
348,39,2025,Qtr 4,October,28,"$290,54","$290,54"
348,40,2025,Qtr 4,November,4,"$290,54","$290,54"
348,41,2025,Qtr 4,November,11,"$290,54","$290,54"
348,42,2025,Qtr 4,November,18,"$290,54","$290,54"
348,43,2025,Qtr 4,November,25,"$290,54","$290,62"
349,0,2025,Qtr 1,February,12,"$500,00","$500,00"
349,1,2025,Qtr 1,February,19,"$589,90","$589,90"
349,2,2025,Qtr 1,February,26,"$589,90","$589,90"
349,3,2025,Qtr 1,March,5,"$589,90","$589,90"
349,4,2025,Qtr 1,March,12,"$589,90","$589,90"
349,5,2025,Qtr 1,March,19,"$589,90","$589,90"
349,6,2025,Qtr 1,March,26,"$589,90","$589,90"
349,7,2025,Qtr 2,April,2,"$589,90","$589,90"
349,8,2025,Qtr 2,April,9,"$589,90","$589,90"
349,9,2025,Qtr 2,April,16,"$589,90","$589,90"
349,10,2025,Qtr 2,April,23,"$589,90","$589,90"
349,11,2025,Qtr 2,April,30,"$589,90","$589,90"
349,12,2025,Qtr 2,May,7,"$589,90","$589,90"
349,13,2025,Qtr 2,May,14,"$589,90","$589,90"
349,14,2025,Qtr 2,May,21,"$589,90","$589,90"
349,15,2025,Qtr 2,May,28,"$589,90","$589,90"
353,0,2025,Qtr 1,March,19,"$1000,00","$1000,00"
353,1,2025,Qtr 1,March,26,"$336,08","$336,08"
353,2,2025,Qtr 2,April,2,"$336,08","$336,08"
353,3,2025,Qtr 2,April,9,"$336,08","$336,08"
353,4,2025,Qtr 2,April,16,"$336,08","$336,08"
353,5,2025,Qtr 2,April,23,"$336,08","$336,08"
353,6,2025,Qtr 2,April,30,"$336,08","$336,08"
353,7,2025,Qtr 2,May,7,"$336,08","$336,08"
353,8,2025,Qtr 2,May,14,"$336,08","$336,08"
353,9,2025,Qtr 2,May,21,"$336,08","$336,08"
353,10,2025,Qtr 2,May,28,"$336,08","$336,08"
353,11,2025,Qtr 2,June,4,"$336,08","$336,08"
353,12,2025,Qtr 2,June,11,"$336,08","$336,08"
353,13,2025,Qtr 2,June,18,"$336,08","$336,08"
353,14,2025,Qtr 2,June,25,"$336,08","$336,08"
353,15,2025,Qtr 3,July,2,"$336,08","$336,08"
353,16,2025,Qtr 3,July,9,"$336,08","$336,08"
353,17,2025,Qtr 3,July,16,"$336,08","$336,08"
353,18,2025,Qtr 3,July,23,"$336,08","$336,08"
353,19,2025,Qtr 3,July,30,"$336,08","$336,08"
353,20,2025,Qtr 3,August,6,"$336,08","$336,08"
353,21,2025,Qtr 3,August,13,"$336,08","$336,08"
353,22,2025,Qtr 3,August,20,"$336,08","$336,08"
353,23,2025,Qtr 3,August,27,"$336,08","$336,08"
353,24,2025,Qtr 3,September,3,"$336,08","$336,08"
353,25,2025,Qtr 3,September,10,"$336,08","$336,08"
353,26,2025,Qtr 3,September,17,"$336,08","$336,10"
354,0,2024,Qtr 4,December,23,"$1000,00","$1000,00"
354,1,2024,Qtr 4,December,30,"$299,95","$299,95"
354,2,2025,Qtr 1,January,6,"$299,95","$299,95"
354,3,2025,Qtr 1,January,13,"$299,95","$299,95"
354,4,2025,Qtr 1,January,20,"$299,95","$299,95"
354,5,2025,Qtr 1,January,27,"$299,95","$299,95"
354,6,2025,Qtr 1,February,3,"$299,95","$299,95"
354,7,2025,Qtr 1,February,10,"$299,95","$299,95"
354,8,2025,Qtr 1,February,17,"$299,95","$299,95"
354,9,2025,Qtr 1,February,24,"$299,95","$299,95"
354,10,2025,Qtr 1,March,3,"$299,95","$299,95"
354,11,2025,Qtr 1,March,10,"$299,95","$299,95"
354,12,2025,Qtr 1,March,17,"$299,95","$299,95"
354,13,2025,Qtr 1,March,24,"$299,95","$299,95"
354,14,2025,Qtr 1,March,31,"$299,95","$299,95"
354,15,2025,Qtr 2,April,7,"$299,95","$299,95"
354,16,2025,Qtr 2,April,14,"$299,95","$299,95"
354,17,2025,Qtr 2,April,21,"$299,95","$299,95"
354,18,2025,Qtr 2,April,28,"$299,95","$299,95"
354,19,2025,Qtr 2,May,5,"$299,95","$299,95"
354,20,2025,Qtr 2,May,12,"$299,95","$299,95"
355,0,2024,Qtr 4,November,9,"$1000,00","$1000,00"
355,1,2024,Qtr 4,November,16,"$334,95","$334,95"
355,2,2024,Qtr 4,November,23,"$334,95","$334,95"
355,3,2024,Qtr 4,November,30,"$334,95","$334,95"
355,4,2024,Qtr 4,December,7,"$334,95","$334,95"
355,5,2024,Qtr 4,December,14,"$334,95","$334,95"
355,6,2024,Qtr 4,December,21,"$334,95","$334,95"
355,7,2024,Qtr 4,December,28,"$334,95","$334,95"
355,8,2025,Qtr 1,January,4,"$334,95","$334,95"
355,9,2025,Qtr 1,January,11,"$334,95","$334,95"
355,10,2025,Qtr 1,January,18,"$334,95","$334,95"
355,11,2025,Qtr 1,January,25,"$334,95","$334,95"
355,12,2025,Qtr 1,February,1,"$334,95","$334,95"
355,13,2025,Qtr 1,February,8,"$334,95","$334,95"
355,14,2025,Qtr 1,February,15,"$334,95","$334,95"
355,15,2025,Qtr 1,February,22,"$334,95","$334,95"
355,16,2025,Qtr 1,March,1,"$334,95","$334,95"
355,17,2025,Qtr 1,March,8,"$334,95","$334,95"
355,18,2025,Qtr 1,March,15,"$334,95","$334,95"
355,19,2025,Qtr 1,March,22,"$334,95","$334,95"
355,20,2025,Qtr 1,March,29,"$334,95","$334,95"
356,0,2024,Qtr 3,September,6,"$1500,00","$1500,00"
356,1,2024,Qtr 3,September,13,"$358,00","$358,00"
356,2,2024,Qtr 3,September,20,"$358,00","$358,00"
356,3,2024,Qtr 3,September,27,"$358,00","$358,00"
356,4,2024,Qtr 4,October,4,"$358,00","$358,00"
356,5,2024,Qtr 4,October,11,"$358,00","$358,00"
356,6,2024,Qtr 4,October,18,"$358,00","$358,00"
356,7,2024,Qtr 4,October,25,"$358,00","$358,00"
356,8,2024,Qtr 4,November,1,"$358,00","$358,00"
356,9,2024,Qtr 4,November,8,"$358,00","$358,00"
356,10,2024,Qtr 4,November,15,"$358,00","$358,00"
356,11,2024,Qtr 4,November,22,"$358,00","$358,00"
356,12,2024,Qtr 4,November,29,"$358,00","$358,00"
356,13,2024,Qtr 4,December,6,"$358,00","$358,00"
356,14,2024,Qtr 4,December,13,"$358,00","$358,00"
356,15,2024,Qtr 4,December,20,"$358,00","$358,00"
356,16,2024,Qtr 4,December,27,"$358,00","$358,00"
356,17,2025,Qtr 1,January,3,"$358,00","$358,00"
356,18,2025,Qtr 1,January,10,"$358,00","$358,00"
356,19,2025,Qtr 1,January,17,"$358,00","$358,00"
356,20,2025,Qtr 1,January,24,"$358,00","$358,00"
356,21,2025,Qtr 1,January,31,"$358,00","$358,00"
356,22,2025,Qtr 1,February,7,"$358,00","$358,00"
356,23,2025,Qtr 1,February,14,"$358,00","$358,00"
356,24,2025,Qtr 1,February,21,"$358,00","$358,00"
356,25,2025,Qtr 1,February,28,"$358,00","$358,00"
356,26,2025,Qtr 1,March,7,"$358,00","$358,10"
361,0,2024,Qtr 3,September,5,"$4800,00","$4800,00"
361,1,2024,Qtr 3,September,12,"$1920,00","$1920,00"
361,2,2024,Qtr 3,September,19,"$1920,00","$1920,00"
361,3,2024,Qtr 3,September,26,"$1920,00","$1920,00"
361,4,2024,Qtr 4,October,3,"$1920,00","$1920,00"
361,5,2024,Qtr 4,October,10,"$1920,00","$1920,00"
361,6,2024,Qtr 4,October,17,"$1920,00","$1920,00"
361,7,2024,Qtr 4,October,24,"$1920,00","$1920,00"
361,8,2024,Qtr 4,October,31,"$1920,00","$1920,00"
361,9,2024,Qtr 4,November,7,"$1920,00","$1920,00"
361,10,2024,Qtr 4,November,14,"$1920,00","$1920,00"
361,11,2024,Qtr 4,November,21,"$1920,00","$1920,00"
361,12,2024,Qtr 4,November,28,"$1920,00","$1920,00"
361,13,2024,Qtr 4,December,5,"$1920,00","$1920,00"
361,14,2024,Qtr 4,December,12,"$1920,00","$1920,00"
361,15,2024,Qtr 4,December,19,"$1920,00","$1920,00"
362,0,2024,Qtr 3,August,21,"$500,00","$500,00"
362,1,2024,Qtr 3,August,28,"$334,95","$334,95"
362,2,2024,Qtr 3,September,4,"$334,95","$334,95"
362,3,2024,Qtr 3,September,11,"$334,95","$334,95"
362,4,2024,Qtr 3,September,18,"$334,95","$334,95"
362,5,2024,Qtr 3,September,25,"$334,95","$334,95"
362,6,2024,Qtr 4,October,2,"$334,95","$334,95"
362,7,2024,Qtr 4,October,9,"$334,95","$334,95"
362,8,2024,Qtr 4,October,16,"$334,95","$334,95"
362,9,2024,Qtr 4,October,23,"$334,95","$334,95"
362,10,2024,Qtr 4,October,30,"$334,95","$334,95"
362,11,2024,Qtr 4,November,6,"$334,95","$334,95"
362,12,2024,Qtr 4,November,13,"$334,95","$334,95"
362,13,2024,Qtr 4,November,20,"$334,95","$334,95"
362,14,2024,Qtr 4,November,27,"$334,95","$334,95"
362,15,2024,Qtr 4,December,4,"$334,95","$334,95"
362,16,2024,Qtr 4,December,11,"$334,95","$334,95"
362,17,2024,Qtr 4,December,18,"$334,95","$334,95"
362,18,2024,Qtr 4,December,25,"$334,95","$334,95"
362,19,2025,Qtr 1,January,1,"$334,95","$334,95"
362,20,2025,Qtr 1,January,8,"$334,95","$334,95"
364,0,2024,Qtr 3,August,14,"$0,00","$0,00"
364,1,2024,Qtr 3,August,21,"$151,16","$151,16"
364,2,2024,Qtr 3,August,28,"$151,16","$151,16"
364,3,2024,Qtr 3,September,4,"$151,16","$151,16"
364,4,2024,Qtr 3,September,11,"$151,16","$151,16"
364,5,2024,Qtr 3,September,18,"$151,16","$151,16"
364,6,2024,Qtr 3,September,25,"$151,16","$151,16"
364,7,2024,Qtr 4,October,2,"$151,16","$151,16"
364,8,2024,Qtr 4,October,9,"$151,16","$151,16"
364,9,2024,Qtr 4,October,16,"$151,16","$151,16"
364,10,2024,Qtr 4,October,23,"$151,16","$151,16"
364,11,2024,Qtr 4,October,30,"$151,16","$151,16"
364,12,2024,Qtr 4,November,6,"$151,16","$151,16"
364,13,2024,Qtr 4,November,13,"$151,16","$151,16"
364,14,2024,Qtr 4,November,20,"$151,16","$151,16"
364,15,2024,Qtr 4,November,27,"$151,16","$151,16"
364,16,2024,Qtr 4,December,4,"$151,16","$151,16"
364,17,2024,Qtr 4,December,11,"$151,16","$151,16"
364,18,2024,Qtr 4,December,18,"$151,16","$151,16"
364,19,2024,Qtr 4,December,25,"$151,16","$151,16"
364,20,2025,Qtr 1,January,1,"$151,16","$151,16"
364,21,2025,Qtr 1,January,8,"$151,16","$151,16"
364,22,2025,Qtr 1,January,15,"$151,16","$151,16"
364,23,2025,Qtr 1,January,22,"$151,16","$151,16"
364,24,2025,Qtr 1,January,29,"$151,16","$151,16"
364,25,2025,Qtr 1,February,5,"$151,16","$151,16"
364,26,2025,Qtr 1,February,12,"$151,16","$151,16"
364,27,2025,Qtr 1,February,19,"$151,16","$151,16"
364,28,2025,Qtr 1,February,26,"$151,16","$151,16"
364,29,2025,Qtr 1,March,5,"$151,16","$151,16"
364,30,2025,Qtr 1,March,12,"$151,16","$151,16"
364,31,2025,Qtr 1,March,19,"$151,16","$151,16"
364,32,2025,Qtr 1,March,26,"$151,16","$151,16"
364,33,2025,Qtr 2,April,2,"$151,16","$151,16"
364,34,2025,Qtr 2,April,9,"$151,16","$151,16"
364,35,2025,Qtr 2,April,16,"$151,16","$151,16"
364,36,2025,Qtr 2,April,23,"$151,16","$151,16"
364,37,2025,Qtr 2,April,30,"$151,16","$151,16"
364,38,2025,Qtr 2,May,7,"$151,16","$151,16"
364,39,2025,Qtr 2,May,14,"$151,16","$151,16"
364,40,2025,Qtr 2,May,21,"$151,16","$151,16"
364,41,2025,Qtr 2,May,28,"$151,16","$151,16"
364,42,2025,Qtr 2,June,4,"$151,16","$151,16"
364,43,2025,Qtr 2,June,11,"$151,16","$151,28"
365,0,2024,Qtr 3,August,11,"$2499,00","$2499,00"
365,1,2024,Qtr 3,August,18,"$470,00","$470,00"
365,2,2024,Qtr 3,August,25,"$470,00","$470,00"
365,3,2024,Qtr 3,September,1,"$470,00","$470,00"
365,4,2024,Qtr 3,September,8,"$470,00","$470,00"
365,5,2024,Qtr 3,September,15,"$470,00","$470,00"
365,6,2024,Qtr 3,September,22,"$470,00","$470,00"
365,7,2024,Qtr 3,September,29,"$470,00","$470,00"
365,8,2024,Qtr 4,October,6,"$470,00","$470,00"
365,9,2024,Qtr 4,October,13,"$470,00","$470,00"
365,10,2024,Qtr 4,October,20,"$470,00","$470,00"
365,11,2024,Qtr 4,October,27,"$470,00","$470,00"
365,12,2024,Qtr 4,November,3,"$470,00","$470,00"
365,13,2024,Qtr 4,November,10,"$470,00","$470,00"
365,14,2024,Qtr 4,November,17,"$470,00","$470,00"
365,15,2024,Qtr 4,November,24,"$470,00","$470,00"
368,0,2024,Qtr 3,August,17,"$999,00","$999,00"
368,1,2024,Qtr 3,August,24,"$350,77","$350,77"
368,2,2024,Qtr 3,August,31,"$350,77","$350,77"
368,3,2024,Qtr 3,September,7,"$350,77","$350,77"
368,4,2024,Qtr 3,September,14,"$350,77","$350,77"
368,5,2024,Qtr 3,September,21,"$350,77","$350,77"
368,6,2024,Qtr 3,September,28,"$350,77","$350,77"
368,7,2024,Qtr 4,October,5,"$350,77","$350,77"
368,8,2024,Qtr 4,October,12,"$350,77","$350,77"
368,9,2024,Qtr 4,October,19,"$350,77","$350,77"
368,10,2024,Qtr 4,October,26,"$350,77","$350,77"
368,11,2024,Qtr 4,November,2,"$350,77","$350,77"
368,12,2024,Qtr 4,November,9,"$350,77","$350,77"
368,13,2024,Qtr 4,November,16,"$350,77","$350,77"
368,14,2024,Qtr 4,November,23,"$350,77","$350,77"
368,15,2024,Qtr 4,November,30,"$350,77","$350,77"
368,16,2024,Qtr 4,December,7,"$350,77","$350,77"
368,17,2024,Qtr 4,December,14,"$350,77","$350,77"
368,18,2024,Qtr 4,December,21,"$350,77","$350,77"
368,19,2024,Qtr 4,December,28,"$350,77","$350,77"
368,20,2025,Qtr 1,January,4,"$350,77","$350,77"
368,21,2025,Qtr 1,January,11,"$350,77","$350,77"
368,22,2025,Qtr 1,January,18,"$350,77","$350,77"
368,23,2025,Qtr 1,January,25,"$350,77","$350,77"
368,24,2025,Qtr 1,February,1,"$350,77","$350,77"
368,25,2025,Qtr 1,February,8,"$350,77","$350,77"
368,26,2025,Qtr 1,February,15,"$350,77","$350,75"
369,0,2024,Qtr 3,August,30,"$1350,00","$1350,00"
369,1,2024,Qtr 3,September,6,"$266,94","$266,94"
369,2,2024,Qtr 3,September,13,"$266,94","$266,94"
369,3,2024,Qtr 3,September,20,"$266,94","$266,94"
369,4,2024,Qtr 3,September,27,"$266,94","$266,94"
369,5,2024,Qtr 4,October,4,"$266,94","$266,94"
369,6,2024,Qtr 4,October,11,"$266,94","$266,94"
369,7,2024,Qtr 4,October,18,"$266,94","$266,94"
369,8,2024,Qtr 4,October,25,"$266,94","$266,94"
369,9,2024,Qtr 4,November,1,"$266,94","$266,94"
369,10,2024,Qtr 4,November,8,"$266,94","$266,94"
369,11,2024,Qtr 4,November,15,"$266,94","$266,94"
369,12,2024,Qtr 4,November,22,"$266,94","$266,94"
369,13,2024,Qtr 4,November,29,"$266,94","$266,94"
369,14,2024,Qtr 4,December,6,"$266,94","$266,94"
369,15,2024,Qtr 4,December,13,"$266,94","$266,94"
369,16,2024,Qtr 4,December,20,"$266,94","$266,94"
369,17,2024,Qtr 4,December,27,"$266,94","$266,94"
369,18,2025,Qtr 1,January,3,"$266,94","$266,94"
369,19,2025,Qtr 1,January,10,"$266,94","$266,94"
369,20,2025,Qtr 1,January,17,"$266,94","$266,94"
369,21,2025,Qtr 1,January,24,"$266,94","$266,94"
369,22,2025,Qtr 1,January,31,"$266,94","$266,94"
369,23,2025,Qtr 1,February,7,"$266,94","$266,94"
369,24,2025,Qtr 1,February,14,"$266,94","$266,94"
369,25,2025,Qtr 1,February,21,"$266,94","$266,94"
369,26,2025,Qtr 1,February,28,"$266,94","$266,94"
369,27,2025,Qtr 1,March,7,"$266,94","$266,94"
369,28,2025,Qtr 1,March,14,"$266,94","$266,94"
369,29,2025,Qtr 1,March,21,"$266,94","$266,94"
369,30,2025,Qtr 1,March,28,"$266,94","$266,94"
369,31,2025,Qtr 2,April,4,"$266,94","$266,94"
369,32,2025,Qtr 2,April,11,"$266,94","$266,94"
369,33,2025,Qtr 2,April,18,"$266,94","$266,94"
369,34,2025,Qtr 2,April,25,"$266,94","$266,94"
369,35,2025,Qtr 2,May,2,"$266,94","$266,94"
372,0,2024,Qtr 3,August,26,"$499,00","$499,00"
372,1,2024,Qtr 3,September,2,"$210,00","$210,00"
372,2,2024,Qtr 3,September,9,"$210,00","$210,00"
372,3,2024,Qtr 3,September,16,"$210,00","$210,00"
372,4,2024,Qtr 3,September,23,"$210,00","$210,00"
372,5,2024,Qtr 3,September,30,"$210,00","$210,00"
372,6,2024,Qtr 4,October,7,"$210,00","$210,00"
372,7,2024,Qtr 4,October,14,"$210,00","$210,00"
372,8,2024,Qtr 4,October,21,"$210,00","$210,00"
372,9,2024,Qtr 4,October,28,"$210,00","$210,00"
372,10,2024,Qtr 4,November,4,"$210,00","$210,00"
372,11,2024,Qtr 4,November,11,"$210,00","$210,00"
372,12,2024,Qtr 4,November,18,"$210,00","$210,00"
372,13,2024,Qtr 4,November,25,"$210,00","$210,00"
372,14,2024,Qtr 4,December,2,"$210,00","$210,00"
372,15,2024,Qtr 4,December,9,"$210,00","$210,00"
372,16,2024,Qtr 4,December,16,"$210,00","$210,00"
372,17,2024,Qtr 4,December,23,"$210,00","$210,00"
372,18,2024,Qtr 4,December,30,"$210,00","$210,00"
372,19,2025,Qtr 1,January,6,"$210,00","$210,00"
372,20,2025,Qtr 1,January,13,"$210,00","$210,00"
372,21,2025,Qtr 1,January,20,"$210,00","$210,00"
372,22,2025,Qtr 1,January,27,"$210,00","$210,00"
372,23,2025,Qtr 1,February,3,"$210,00","$210,00"
372,24,2025,Qtr 1,February,10,"$210,00","$210,00"
372,25,2025,Qtr 1,February,17,"$210,00","$210,00"
372,26,2025,Qtr 1,February,24,"$210,00","$210,00"
372,27,2025,Qtr 1,March,3,"$210,00","$210,00"
372,28,2025,Qtr 1,March,10,"$210,00","$210,00"
372,29,2025,Qtr 1,March,17,"$210,00","$210,00"
372,30,2025,Qtr 1,March,24,"$210,00","$210,00"
372,31,2025,Qtr 1,March,31,"$210,00","$210,00"
372,32,2025,Qtr 2,April,7,"$210,00","$210,00"
372,33,2025,Qtr 2,April,14,"$210,00","$210,00"
372,34,2025,Qtr 2,April,21,"$210,00","$210,00"
372,35,2025,Qtr 2,April,28,"$210,00","$210,00"
375,0,2024,Qtr 3,August,30,"$499,00","$499,00"
375,1,2024,Qtr 3,September,6,"$264,88","$264,88"
375,2,2024,Qtr 3,September,13,"$264,88","$264,88"
375,3,2024,Qtr 3,September,20,"$264,88","$264,88"
375,4,2024,Qtr 3,September,27,"$264,88","$264,88"
375,5,2024,Qtr 4,October,4,"$264,88","$264,88"
375,6,2024,Qtr 4,October,11,"$264,88","$264,88"
375,7,2024,Qtr 4,October,18,"$264,88","$264,88"
375,8,2024,Qtr 4,October,25,"$264,88","$264,88"
375,9,2024,Qtr 4,November,1,"$264,88","$264,88"
375,10,2024,Qtr 4,November,8,"$264,88","$264,88"
375,11,2024,Qtr 4,November,15,"$264,88","$264,88"
375,12,2024,Qtr 4,November,22,"$264,88","$264,88"
375,13,2024,Qtr 4,November,29,"$264,88","$264,88"
375,14,2024,Qtr 4,December,6,"$264,88","$264,88"
375,15,2024,Qtr 4,December,13,"$264,88","$264,88"
375,16,2024,Qtr 4,December,20,"$264,88","$264,88"
375,17,2024,Qtr 4,December,27,"$264,88","$264,88"
375,18,2025,Qtr 1,January,3,"$264,88","$264,88"
375,19,2025,Qtr 1,January,10,"$264,88","$264,88"
375,20,2025,Qtr 1,January,17,"$264,88","$264,88"
375,21,2025,Qtr 1,January,24,"$264,88","$264,88"
375,22,2025,Qtr 1,January,31,"$264,88","$264,88"
375,23,2025,Qtr 1,February,7,"$264,88","$264,88"
375,24,2025,Qtr 1,February,14,"$264,88","$264,88"
375,25,2025,Qtr 1,February,21,"$264,88","$264,88"
375,26,2025,Qtr 1,February,28,"$264,88","$264,88"
375,27,2025,Qtr 1,March,7,"$264,88","$264,88"
375,28,2025,Qtr 1,March,14,"$264,88","$264,88"
375,29,2025,Qtr 1,March,21,"$264,88","$264,88"
375,30,2025,Qtr 1,March,28,"$264,88","$264,88"
375,31,2025,Qtr 2,April,4,"$264,88","$264,88"
375,32,2025,Qtr 2,April,11,"$264,88","$264,88"
375,33,2025,Qtr 2,April,18,"$264,88","$264,88"
375,34,2025,Qtr 2,April,25,"$264,88","$264,88"
375,35,2025,Qtr 2,May,2,"$264,88","$264,88"
375,36,2025,Qtr 2,May,9,"$264,88","$264,88"
375,37,2025,Qtr 2,May,16,"$264,88","$264,88"
375,38,2025,Qtr 2,May,23,"$264,88","$264,88"
375,39,2025,Qtr 2,May,30,"$264,88","$264,88"
375,40,2025,Qtr 2,June,6,"$264,88","$264,88"
375,41,2025,Qtr 2,June,13,"$264,88","$264,88"
375,42,2025,Qtr 2,June,20,"$264,88","$264,88"
375,43,2025,Qtr 2,June,27,"$264,88","$265,04"
378,0,2024,Qtr 3,July,15,"$799,00","$799,00"
378,1,2024,Qtr 3,July,22,"$320,00","$320,00"
378,2,2024,Qtr 3,July,29,"$320,00","$320,00"
378,3,2024,Qtr 3,August,5,"$320,00","$320,00"
378,4,2024,Qtr 3,August,12,"$320,00","$320,00"
378,5,2024,Qtr 3,August,19,"$320,00","$320,00"
378,6,2024,Qtr 3,August,26,"$320,00","$320,00"
378,7,2024,Qtr 3,September,2,"$320,00","$320,00"
378,8,2024,Qtr 3,September,9,"$320,00","$320,00"
378,9,2024,Qtr 3,September,16,"$320,00","$320,00"
378,10,2024,Qtr 3,September,23,"$320,00","$320,00"
378,11,2024,Qtr 3,September,30,"$320,00","$320,00"
378,12,2024,Qtr 4,October,7,"$320,00","$320,00"
378,13,2024,Qtr 4,October,14,"$320,00","$320,00"
378,14,2024,Qtr 4,October,21,"$320,00","$320,00"
378,15,2024,Qtr 4,October,28,"$320,00","$320,00"
379,0,2024,Qtr 3,July,21,"$1499,00","$1499,00"
379,1,2024,Qtr 3,July,28,"$301,54","$301,54"
379,2,2024,Qtr 3,August,4,"$301,54","$301,54"
379,3,2024,Qtr 3,August,11,"$301,54","$301,54"
379,4,2024,Qtr 3,August,18,"$301,54","$301,54"
379,5,2024,Qtr 3,August,25,"$301,54","$301,54"
379,6,2024,Qtr 3,September,1,"$301,54","$301,54"
379,7,2024,Qtr 3,September,8,"$301,54","$301,54"
379,8,2024,Qtr 3,September,15,"$301,54","$301,54"
379,9,2024,Qtr 3,September,22,"$301,54","$301,54"
379,10,2024,Qtr 3,September,29,"$301,54","$301,54"
379,11,2024,Qtr 4,October,6,"$301,54","$301,54"
379,12,2024,Qtr 4,October,13,"$301,54","$301,54"
379,13,2024,Qtr 4,October,20,"$301,54","$301,54"
379,14,2024,Qtr 4,October,27,"$301,54","$301,54"
379,15,2024,Qtr 4,November,3,"$301,54","$301,54"
379,16,2024,Qtr 4,November,10,"$301,54","$301,54"
379,17,2024,Qtr 4,November,17,"$301,54","$301,54"
379,18,2024,Qtr 4,November,24,"$301,54","$301,54"
379,19,2024,Qtr 4,December,1,"$301,54","$301,54"
379,20,2024,Qtr 4,December,8,"$301,54","$301,54"
379,21,2024,Qtr 4,December,15,"$301,54","$301,54"
379,22,2024,Qtr 4,December,22,"$301,54","$301,54"
379,23,2024,Qtr 4,December,29,"$301,54","$301,54"
379,24,2025,Qtr 1,January,5,"$301,54","$301,54"
379,25,2025,Qtr 1,January,12,"$301,54","$301,54"
379,26,2025,Qtr 1,January,19,"$301,54","$301,50"
380,0,2024,Qtr 3,July,11,"$999,00","$999,00"
380,1,2024,Qtr 3,July,18,"$268,71","$268,71"
380,2,2024,Qtr 3,July,25,"$268,71","$268,71"
380,3,2024,Qtr 3,August,1,"$268,71","$268,71"
380,4,2024,Qtr 3,August,8,"$268,71","$268,71"
380,5,2024,Qtr 3,August,15,"$268,71","$268,71"
380,6,2024,Qtr 3,August,22,"$268,71","$268,71"
380,7,2024,Qtr 3,August,29,"$268,71","$268,71"
380,8,2024,Qtr 3,September,5,"$268,71","$268,71"
380,9,2024,Qtr 3,September,12,"$268,71","$268,71"
380,10,2024,Qtr 3,September,19,"$268,71","$268,71"
380,11,2024,Qtr 3,September,26,"$268,71","$268,71"
380,12,2024,Qtr 4,October,3,"$268,71","$268,71"
380,13,2024,Qtr 4,October,10,"$268,71","$268,71"
380,14,2024,Qtr 4,October,17,"$268,71","$268,71"
380,15,2024,Qtr 4,October,24,"$268,71","$268,71"
380,16,2024,Qtr 4,October,31,"$268,71","$268,71"
380,17,2024,Qtr 4,November,7,"$268,71","$268,71"
380,18,2024,Qtr 4,November,14,"$268,71","$268,71"
380,19,2024,Qtr 4,November,21,"$268,71","$268,71"
380,20,2024,Qtr 4,November,28,"$268,71","$268,71"
380,21,2024,Qtr 4,December,5,"$268,71","$268,71"
380,22,2024,Qtr 4,December,12,"$268,71","$268,71"
380,23,2024,Qtr 4,December,19,"$268,71","$268,71"
380,24,2024,Qtr 4,December,26,"$268,71","$268,71"
380,25,2025,Qtr 1,January,2,"$268,71","$268,71"
380,26,2025,Qtr 1,January,9,"$268,71","$268,71"
380,27,2025,Qtr 1,January,16,"$268,71","$268,71"
380,28,2025,Qtr 1,January,23,"$268,71","$268,71"
380,29,2025,Qtr 1,January,30,"$268,71","$268,71"
380,30,2025,Qtr 1,February,6,"$268,71","$268,71"
380,31,2025,Qtr 1,February,13,"$268,71","$268,71"
380,32,2025,Qtr 1,February,20,"$268,71","$268,71"
380,33,2025,Qtr 1,February,27,"$268,71","$268,71"
380,34,2025,Qtr 1,March,6,"$268,71","$268,71"
380,35,2025,Qtr 1,March,13,"$268,71","$268,86"
382,0,2024,Qtr 3,July,3,"$300,00","$300,00"
382,1,2024,Qtr 3,July,10,"$217,40","$217,40"
382,2,2024,Qtr 3,July,17,"$217,40","$217,40"
382,3,2024,Qtr 3,July,24,"$217,40","$217,40"
382,4,2024,Qtr 3,July,31,"$217,40","$217,40"
382,5,2024,Qtr 3,August,7,"$217,40","$217,40"
382,6,2024,Qtr 3,August,14,"$217,40","$217,40"
382,7,2024,Qtr 3,August,21,"$217,40","$217,40"
382,8,2024,Qtr 3,August,28,"$217,40","$217,40"
382,9,2024,Qtr 3,September,4,"$217,40","$217,40"
382,10,2024,Qtr 3,September,11,"$217,40","$217,40"
382,11,2024,Qtr 3,September,18,"$217,40","$217,40"
382,12,2024,Qtr 3,September,25,"$217,40","$217,40"
382,13,2024,Qtr 4,October,2,"$217,40","$217,40"
382,14,2024,Qtr 4,October,9,"$217,40","$217,40"
382,15,2024,Qtr 4,October,16,"$217,40","$217,40"
382,16,2024,Qtr 4,October,23,"$217,40","$217,40"
382,17,2024,Qtr 4,October,30,"$217,40","$217,40"
382,18,2024,Qtr 4,November,6,"$217,40","$217,40"
382,19,2024,Qtr 4,November,13,"$217,40","$217,40"
382,20,2024,Qtr 4,November,20,"$217,40","$217,40"
382,21,2024,Qtr 4,November,27,"$217,40","$217,40"
382,22,2024,Qtr 4,December,4,"$217,40","$217,40"
382,23,2024,Qtr 4,December,11,"$217,40","$217,40"
382,24,2024,Qtr 4,December,18,"$217,40","$217,40"
382,25,2024,Qtr 4,December,25,"$217,40","$217,40"
382,26,2025,Qtr 1,January,1,"$217,40","$217,40"
382,27,2025,Qtr 1,January,8,"$217,40","$217,40"
382,28,2025,Qtr 1,January,15,"$217,40","$217,40"
382,29,2025,Qtr 1,January,22,"$217,40","$217,40"
382,30,2025,Qtr 1,January,29,"$217,40","$217,40"
382,31,2025,Qtr 1,February,5,"$217,40","$217,40"
382,32,2025,Qtr 1,February,12,"$217,40","$217,40"
382,33,2025,Qtr 1,February,19,"$217,40","$217,40"
382,34,2025,Qtr 1,February,26,"$217,40","$217,40"
382,35,2025,Qtr 1,March,5,"$217,40","$217,40"
382,36,2025,Qtr 1,March,12,"$217,40","$217,40"
382,37,2025,Qtr 1,March,19,"$217,40","$217,40"
382,38,2025,Qtr 1,March,26,"$217,40","$217,40"
382,39,2025,Qtr 2,April,2,"$217,40","$217,40"
382,40,2025,Qtr 2,April,9,"$217,40","$217,40"
382,41,2025,Qtr 2,April,16,"$217,40","$217,40"
382,42,2025,Qtr 2,April,23,"$217,40","$217,40"
382,43,2025,Qtr 2,April,30,"$217,40","$217,50"
383,0,2024,Qtr 2,June,29,"$0,00","$0,00"
383,1,2024,Qtr 3,July,6,"$329,95","$329,95"
383,2,2024,Qtr 3,July,13,"$329,95","$329,95"
383,3,2024,Qtr 3,July,20,"$329,95","$329,95"
383,4,2024,Qtr 3,July,27,"$329,95","$329,95"
383,5,2024,Qtr 3,August,3,"$329,95","$329,95"
383,6,2024,Qtr 3,August,10,"$329,95","$329,95"
383,7,2024,Qtr 3,August,17,"$329,95","$329,95"
383,8,2024,Qtr 3,August,24,"$329,95","$329,95"
383,9,2024,Qtr 3,August,31,"$329,95","$329,95"
383,10,2024,Qtr 3,September,7,"$329,95","$329,95"
383,11,2024,Qtr 3,September,14,"$329,95","$329,95"
383,12,2024,Qtr 3,September,21,"$329,95","$329,95"
383,13,2024,Qtr 3,September,28,"$329,95","$329,95"
383,14,2024,Qtr 4,October,5,"$329,95","$329,95"
383,15,2024,Qtr 4,October,12,"$329,95","$329,95"
383,16,2024,Qtr 4,October,19,"$329,95","$329,95"
383,17,2024,Qtr 4,October,26,"$329,95","$329,95"
383,18,2024,Qtr 4,November,2,"$329,95","$329,95"
383,19,2024,Qtr 4,November,9,"$329,95","$329,95"
383,20,2024,Qtr 4,November,16,"$329,95","$329,95"
384,0,2024,Qtr 3,July,6,"$499,00","$499,00"
384,1,2024,Qtr 3,July,13,"$165,00","$165,00"
384,2,2024,Qtr 3,July,20,"$165,00","$165,00"
384,3,2024,Qtr 3,July,27,"$165,00","$165,00"
384,4,2024,Qtr 3,August,3,"$165,00","$165,00"
384,5,2024,Qtr 3,August,10,"$165,00","$165,00"
384,6,2024,Qtr 3,August,17,"$165,00","$165,00"
384,7,2024,Qtr 3,August,24,"$165,00","$165,00"
384,8,2024,Qtr 3,August,31,"$165,00","$165,00"
384,9,2024,Qtr 3,September,7,"$165,00","$165,00"
384,10,2024,Qtr 3,September,14,"$165,00","$165,00"
384,11,2024,Qtr 3,September,21,"$165,00","$165,00"
384,12,2024,Qtr 3,September,28,"$165,00","$165,00"
384,13,2024,Qtr 4,October,5,"$165,00","$165,00"
384,14,2024,Qtr 4,October,12,"$165,00","$165,00"
384,15,2024,Qtr 4,October,19,"$165,00","$165,00"
384,16,2024,Qtr 4,October,26,"$165,00","$165,00"
384,17,2024,Qtr 4,November,2,"$165,00","$165,00"
384,18,2024,Qtr 4,November,9,"$165,00","$165,00"
384,19,2024,Qtr 4,November,16,"$165,00","$165,00"
384,20,2024,Qtr 4,November,23,"$165,00","$165,00"
384,21,2024,Qtr 4,November,30,"$165,00","$165,00"
384,22,2024,Qtr 4,December,7,"$165,00","$165,00"
384,23,2024,Qtr 4,December,14,"$165,00","$165,00"
384,24,2024,Qtr 4,December,21,"$165,00","$165,00"
384,25,2024,Qtr 4,December,28,"$165,00","$165,00"
384,26,2025,Qtr 1,January,4,"$165,00","$165,00"
384,27,2025,Qtr 1,January,11,"$165,00","$165,00"
384,28,2025,Qtr 1,January,18,"$165,00","$165,00"
384,29,2025,Qtr 1,January,25,"$165,00","$165,00"
384,30,2025,Qtr 1,February,1,"$165,00","$165,00"
384,31,2025,Qtr 1,February,8,"$165,00","$165,00"
384,32,2025,Qtr 1,February,15,"$165,00","$165,00"
384,33,2025,Qtr 1,February,22,"$165,00","$165,00"
384,34,2025,Qtr 1,March,1,"$165,00","$165,00"
384,35,2025,Qtr 1,March,8,"$165,00","$165,00"
385,0,2024,Qtr 2,June,28,"$1499,00","$1499,00"
385,1,2024,Qtr 3,July,5,"$268,71","$268,71"
385,2,2024,Qtr 3,July,12,"$268,71","$268,71"
385,3,2024,Qtr 3,July,19,"$268,71","$268,71"
385,4,2024,Qtr 3,July,26,"$268,71","$268,71"
385,5,2024,Qtr 3,August,2,"$268,71","$268,71"
385,6,2024,Qtr 3,August,9,"$268,71","$268,71"
385,7,2024,Qtr 3,August,16,"$268,71","$268,71"
385,8,2024,Qtr 3,August,23,"$268,71","$268,71"
385,9,2024,Qtr 3,August,30,"$268,71","$268,71"
385,10,2024,Qtr 3,September,6,"$268,71","$268,71"
385,11,2024,Qtr 3,September,13,"$268,71","$268,71"
385,12,2024,Qtr 3,September,20,"$268,71","$268,71"
385,13,2024,Qtr 3,September,27,"$268,71","$268,71"
385,14,2024,Qtr 4,October,4,"$268,71","$268,71"
385,15,2024,Qtr 4,October,11,"$268,71","$268,71"
385,16,2024,Qtr 4,October,18,"$268,71","$268,71"
385,17,2024,Qtr 4,October,25,"$268,71","$268,71"
385,18,2024,Qtr 4,November,1,"$268,71","$268,71"
385,19,2024,Qtr 4,November,8,"$268,71","$268,71"
385,20,2024,Qtr 4,November,15,"$268,71","$268,71"
385,21,2024,Qtr 4,November,22,"$268,71","$268,71"
385,22,2024,Qtr 4,November,29,"$268,71","$268,71"
385,23,2024,Qtr 4,December,6,"$268,71","$268,71"
385,24,2024,Qtr 4,December,13,"$268,71","$268,71"
385,25,2024,Qtr 4,December,20,"$268,71","$268,71"
385,26,2024,Qtr 4,December,27,"$268,71","$268,71"
385,27,2025,Qtr 1,January,3,"$268,71","$268,71"
385,28,2025,Qtr 1,January,10,"$268,71","$268,71"
385,29,2025,Qtr 1,January,17,"$268,71","$268,71"
385,30,2025,Qtr 1,January,24,"$268,71","$268,71"
385,31,2025,Qtr 1,January,31,"$268,71","$268,71"
385,32,2025,Qtr 1,February,7,"$268,71","$268,71"
385,33,2025,Qtr 1,February,14,"$268,71","$268,71"
385,34,2025,Qtr 1,February,21,"$268,71","$268,71"
385,35,2025,Qtr 1,February,28,"$268,71","$268,86"
386,0,2024,Qtr 3,July,7,"$6000,00","$6000,00"
386,1,2024,Qtr 3,July,14,"$1110,00","$1110,00"
386,2,2024,Qtr 3,July,21,"$1110,00","$1110,00"
386,3,2024,Qtr 3,July,28,"$1110,00","$1110,00"
386,4,2024,Qtr 3,August,4,"$1110,00","$1110,00"
386,5,2024,Qtr 3,August,11,"$1110,00","$1110,00"
386,6,2024,Qtr 3,August,18,"$1110,00","$1110,00"
386,7,2024,Qtr 3,August,25,"$1110,00","$1110,00"
386,8,2024,Qtr 3,September,1,"$1110,00","$1110,00"
386,9,2024,Qtr 3,September,8,"$1110,00","$1110,00"
386,10,2024,Qtr 3,September,15,"$1110,00","$1110,00"
386,11,2024,Qtr 3,September,22,"$1110,00","$1110,00"
386,12,2024,Qtr 3,September,29,"$1110,00","$1110,00"
386,13,2024,Qtr 4,October,6,"$1110,00","$1110,00"
386,14,2024,Qtr 4,October,13,"$1110,00","$1110,00"
386,15,2024,Qtr 4,October,20,"$1110,00","$1110,00"
386,16,2024,Qtr 4,October,27,"$1110,00","$1110,00"
386,17,2024,Qtr 4,November,3,"$1110,00","$1110,00"
386,18,2024,Qtr 4,November,10,"$1110,00","$1110,00"
386,19,2024,Qtr 4,November,17,"$1110,00","$1110,00"
386,20,2024,Qtr 4,November,24,"$1110,00","$1110,00"
386,21,2024,Qtr 4,December,1,"$1110,00","$1110,00"
386,22,2024,Qtr 4,December,8,"$1110,00","$1110,00"
386,23,2024,Qtr 4,December,15,"$1110,00","$1110,00"
386,24,2024,Qtr 4,December,22,"$1110,00","$1110,00"
386,25,2024,Qtr 4,December,29,"$1110,00","$1110,00"
386,26,2025,Qtr 1,January,5,"$1110,00","$1110,00"
386,27,2025,Qtr 1,January,12,"$1110,00","$1110,00"
386,28,2025,Qtr 1,January,19,"$1110,00","$1110,00"
386,29,2025,Qtr 1,January,26,"$1110,00","$1110,00"
386,30,2025,Qtr 1,February,2,"$1110,00","$1110,00"
386,31,2025,Qtr 1,February,9,"$1110,00","$1110,00"
386,32,2025,Qtr 1,February,16,"$1110,00","$1110,00"
386,33,2025,Qtr 1,February,23,"$1110,00","$1110,00"
386,34,2025,Qtr 1,March,2,"$1110,00","$1110,00"
386,35,2025,Qtr 1,March,9,"$1110,00","$1110,00"
389,0,2024,Qtr 3,August,8,"$1499,00","$1499,00"
389,1,2024,Qtr 3,August,15,"$430,00","$430,00"
389,2,2024,Qtr 3,August,22,"$430,00","$430,00"
389,3,2024,Qtr 3,August,29,"$430,00","$430,00"
389,4,2024,Qtr 3,September,5,"$430,00","$430,00"
389,5,2024,Qtr 3,September,12,"$430,00","$430,00"
389,6,2024,Qtr 3,September,19,"$430,00","$430,00"
389,7,2024,Qtr 3,September,26,"$430,00","$430,00"
389,8,2024,Qtr 4,October,3,"$430,00","$430,00"
389,9,2024,Qtr 4,October,10,"$430,00","$430,00"
389,10,2024,Qtr 4,October,17,"$430,00","$430,00"
389,11,2024,Qtr 4,October,24,"$430,00","$430,00"
389,12,2024,Qtr 4,October,31,"$430,00","$430,00"
389,13,2024,Qtr 4,November,7,"$430,00","$430,00"
389,14,2024,Qtr 4,November,14,"$430,00","$430,00"
389,15,2024,Qtr 4,November,21,"$430,00","$430,00"
390,0,2024,Qtr 3,August,7,"$1999,00","$1999,00"
390,1,2024,Qtr 3,August,14,"$520,00","$520,00"
390,2,2024,Qtr 3,August,21,"$520,00","$520,00"
390,3,2024,Qtr 3,August,28,"$520,00","$520,00"
390,4,2024,Qtr 3,September,4,"$520,00","$520,00"
390,5,2024,Qtr 3,September,11,"$520,00","$520,00"
390,6,2024,Qtr 3,September,18,"$520,00","$520,00"
390,7,2024,Qtr 3,September,25,"$520,00","$520,00"
390,8,2024,Qtr 4,October,2,"$520,00","$520,00"
390,9,2024,Qtr 4,October,9,"$520,00","$520,00"
390,10,2024,Qtr 4,October,16,"$520,00","$520,00"
390,11,2024,Qtr 4,October,23,"$520,00","$520,00"
390,12,2024,Qtr 4,October,30,"$520,00","$520,00"
390,13,2024,Qtr 4,November,6,"$520,00","$520,00"
390,14,2024,Qtr 4,November,13,"$520,00","$520,00"
390,15,2024,Qtr 4,November,20,"$520,00","$520,00"
392,0,2024,Qtr 3,August,3,"$799,00","$799,00"
392,1,2024,Qtr 3,August,10,"$320,00","$320,00"
392,2,2024,Qtr 3,August,17,"$320,00","$320,00"
392,3,2024,Qtr 3,August,24,"$320,00","$320,00"
392,4,2024,Qtr 3,August,31,"$320,00","$320,00"
392,5,2024,Qtr 3,September,7,"$320,00","$320,00"
392,6,2024,Qtr 3,September,14,"$320,00","$320,00"
392,7,2024,Qtr 3,September,21,"$320,00","$320,00"
392,8,2024,Qtr 3,September,28,"$320,00","$320,00"
392,9,2024,Qtr 4,October,5,"$320,00","$320,00"
392,10,2024,Qtr 4,October,12,"$320,00","$320,00"
392,11,2024,Qtr 4,October,19,"$320,00","$320,00"
392,12,2024,Qtr 4,October,26,"$320,00","$320,00"
392,13,2024,Qtr 4,November,2,"$320,00","$320,00"
392,14,2024,Qtr 4,November,9,"$320,00","$320,00"
392,15,2024,Qtr 4,November,16,"$320,00","$320,00"
394,0,2024,Qtr 3,August,1,"$499,00","$499,00"
394,1,2024,Qtr 3,August,8,"$138,37","$138,37"
394,2,2024,Qtr 3,August,15,"$138,37","$138,37"
394,3,2024,Qtr 3,August,22,"$138,37","$138,37"
394,4,2024,Qtr 3,August,29,"$138,37","$138,37"
394,5,2024,Qtr 3,September,5,"$138,37","$138,37"
394,6,2024,Qtr 3,September,12,"$138,37","$138,37"
394,7,2024,Qtr 3,September,19,"$138,37","$138,37"
394,8,2024,Qtr 3,September,26,"$138,37","$138,37"
394,9,2024,Qtr 4,October,3,"$138,37","$138,37"
394,10,2024,Qtr 4,October,10,"$138,37","$138,37"
394,11,2024,Qtr 4,October,17,"$138,37","$138,37"
394,12,2024,Qtr 4,October,24,"$138,37","$138,37"
394,13,2024,Qtr 4,October,31,"$138,37","$138,37"
394,14,2024,Qtr 4,November,7,"$138,37","$138,37"
394,15,2024,Qtr 4,November,14,"$138,37","$138,37"
394,16,2024,Qtr 4,November,21,"$138,37","$138,37"
394,17,2024,Qtr 4,November,28,"$138,37","$138,37"
394,18,2024,Qtr 4,December,5,"$138,37","$138,37"
394,19,2024,Qtr 4,December,12,"$138,37","$138,37"
394,20,2024,Qtr 4,December,19,"$138,37","$138,37"
394,21,2024,Qtr 4,December,26,"$138,37","$138,37"
394,22,2025,Qtr 1,January,2,"$138,37","$138,37"
394,23,2025,Qtr 1,January,9,"$138,37","$138,37"
394,24,2025,Qtr 1,January,16,"$138,37","$138,37"
394,25,2025,Qtr 1,January,23,"$138,37","$138,37"
394,26,2025,Qtr 1,January,30,"$138,37","$138,37"
394,27,2025,Qtr 1,February,6,"$138,37","$138,37"
394,28,2025,Qtr 1,February,13,"$138,37","$138,37"
394,29,2025,Qtr 1,February,20,"$138,37","$138,37"
394,30,2025,Qtr 1,February,27,"$138,37","$138,37"
394,31,2025,Qtr 1,March,6,"$138,37","$138,37"
394,32,2025,Qtr 1,March,13,"$138,37","$138,37"
394,33,2025,Qtr 1,March,20,"$138,37","$138,37"
394,34,2025,Qtr 1,March,27,"$138,37","$138,37"
394,35,2025,Qtr 2,April,3,"$138,37","$138,37"
394,36,2025,Qtr 2,April,10,"$138,37","$138,37"
394,37,2025,Qtr 2,April,17,"$138,37","$138,37"
394,38,2025,Qtr 2,April,24,"$138,37","$138,37"
394,39,2025,Qtr 2,May,1,"$138,37","$138,37"
394,40,2025,Qtr 2,May,8,"$138,37","$138,37"
394,41,2025,Qtr 2,May,15,"$138,37","$138,37"
394,42,2025,Qtr 2,May,22,"$138,37","$138,37"
394,43,2025,Qtr 2,May,29,"$138,37","$138,46"
395,0,2024,Qtr 3,July,28,"$799,00","$799,00"
395,1,2024,Qtr 3,August,4,"$233,85","$233,85"
395,2,2024,Qtr 3,August,11,"$233,85","$233,85"
395,3,2024,Qtr 3,August,18,"$233,85","$233,85"
395,4,2024,Qtr 3,August,25,"$233,85","$233,85"
395,5,2024,Qtr 3,September,1,"$233,85","$233,85"
395,6,2024,Qtr 3,September,8,"$233,85","$233,85"
395,7,2024,Qtr 3,September,15,"$233,85","$233,85"
395,8,2024,Qtr 3,September,22,"$233,85","$233,85"
395,9,2024,Qtr 3,September,29,"$233,85","$233,85"
395,10,2024,Qtr 4,October,6,"$233,85","$233,85"
395,11,2024,Qtr 4,October,13,"$233,85","$233,85"
395,12,2024,Qtr 4,October,20,"$233,85","$233,85"
395,13,2024,Qtr 4,October,27,"$233,85","$233,85"
395,14,2024,Qtr 4,November,3,"$233,85","$233,85"
395,15,2024,Qtr 4,November,10,"$233,85","$233,85"
395,16,2024,Qtr 4,November,17,"$233,85","$233,85"
395,17,2024,Qtr 4,November,24,"$233,85","$233,85"
395,18,2024,Qtr 4,December,1,"$233,85","$233,85"
395,19,2024,Qtr 4,December,8,"$233,85","$233,85"
395,20,2024,Qtr 4,December,15,"$233,85","$233,85"
395,21,2024,Qtr 4,December,22,"$233,85","$233,85"
395,22,2024,Qtr 4,December,29,"$233,85","$233,85"
395,23,2025,Qtr 1,January,5,"$233,85","$233,85"
395,24,2025,Qtr 1,January,12,"$233,85","$233,85"
395,25,2025,Qtr 1,January,19,"$233,85","$233,85"
395,26,2025,Qtr 1,January,26,"$233,85","$233,75"
396,0,2024,Qtr 3,July,25,"$1499,00","$1499,00"
396,1,2024,Qtr 3,August,1,"$268,71","$268,71"
396,2,2024,Qtr 3,August,8,"$268,71","$268,71"
396,3,2024,Qtr 3,August,15,"$268,71","$268,71"
396,4,2024,Qtr 3,August,22,"$268,71","$268,71"
396,5,2024,Qtr 3,August,29,"$268,71","$268,71"
396,6,2024,Qtr 3,September,5,"$268,71","$268,71"
396,7,2024,Qtr 3,September,12,"$268,71","$268,71"
396,8,2024,Qtr 3,September,19,"$268,71","$268,71"
396,9,2024,Qtr 3,September,26,"$268,71","$268,71"
396,10,2024,Qtr 4,October,3,"$268,71","$268,71"
396,11,2024,Qtr 4,October,10,"$268,71","$268,71"
396,12,2024,Qtr 4,October,17,"$268,71","$268,71"
396,13,2024,Qtr 4,October,24,"$268,71","$268,71"
396,14,2024,Qtr 4,October,31,"$268,71","$268,71"
396,15,2024,Qtr 4,November,7,"$268,71","$268,71"
396,16,2024,Qtr 4,November,14,"$268,71","$268,71"
396,17,2024,Qtr 4,November,21,"$268,71","$268,71"
396,18,2024,Qtr 4,November,28,"$268,71","$268,71"
396,19,2024,Qtr 4,December,5,"$268,71","$268,71"
396,20,2024,Qtr 4,December,12,"$268,71","$268,71"
396,21,2024,Qtr 4,December,19,"$268,71","$268,71"
396,22,2024,Qtr 4,December,26,"$268,71","$268,71"
396,23,2025,Qtr 1,January,2,"$268,71","$268,71"
396,24,2025,Qtr 1,January,9,"$268,71","$268,71"
396,25,2025,Qtr 1,January,16,"$268,71","$268,71"
396,26,2025,Qtr 1,January,23,"$268,71","$268,71"
396,27,2025,Qtr 1,January,30,"$268,71","$268,71"
396,28,2025,Qtr 1,February,6,"$268,71","$268,71"
396,29,2025,Qtr 1,February,13,"$268,71","$268,71"
396,30,2025,Qtr 1,February,20,"$268,71","$268,71"
396,31,2025,Qtr 1,February,27,"$268,71","$268,71"
396,32,2025,Qtr 1,March,6,"$268,71","$268,71"
396,33,2025,Qtr 1,March,13,"$268,71","$268,71"
396,34,2025,Qtr 1,March,20,"$268,71","$268,71"
396,35,2025,Qtr 1,March,27,"$268,71","$268,86"
397,0,2024,Qtr 2,June,10,"$810,00","$810,00"
397,1,2024,Qtr 2,June,17,"$294,50","$294,50"
397,2,2024,Qtr 2,June,24,"$294,50","$294,50"
397,3,2024,Qtr 3,July,1,"$294,50","$294,50"
397,4,2024,Qtr 3,July,8,"$294,50","$294,50"
397,5,2024,Qtr 3,July,15,"$294,50","$294,50"
397,6,2024,Qtr 3,July,22,"$294,50","$294,50"
397,7,2024,Qtr 3,July,29,"$294,50","$294,50"
397,8,2024,Qtr 3,August,5,"$294,50","$294,50"
397,9,2024,Qtr 3,August,12,"$294,50","$294,50"
397,10,2024,Qtr 3,August,19,"$294,50","$294,50"
397,11,2024,Qtr 3,August,26,"$294,50","$294,50"
397,12,2024,Qtr 3,September,2,"$294,50","$294,50"
397,13,2024,Qtr 3,September,9,"$294,50","$294,50"
397,14,2024,Qtr 3,September,16,"$294,50","$294,50"
397,15,2024,Qtr 3,September,23,"$294,50","$294,50"
397,16,2024,Qtr 3,September,30,"$294,50","$294,50"
397,17,2024,Qtr 4,October,7,"$294,50","$294,50"
397,18,2024,Qtr 4,October,14,"$294,50","$294,50"
397,19,2024,Qtr 4,October,21,"$294,50","$294,50"
397,20,2024,Qtr 4,October,28,"$294,50","$294,50"
399,0,2024,Qtr 2,June,17,"$1499,00","$1499,00"
399,1,2024,Qtr 2,June,24,"$350,77","$350,77"
399,2,2024,Qtr 3,July,1,"$350,77","$350,77"
399,3,2024,Qtr 3,July,8,"$350,77","$350,77"
399,4,2024,Qtr 3,July,15,"$350,77","$350,77"
399,5,2024,Qtr 3,July,22,"$350,77","$350,77"
399,6,2024,Qtr 3,July,29,"$350,77","$350,77"
399,7,2024,Qtr 3,August,5,"$350,77","$350,77"
399,8,2024,Qtr 3,August,12,"$350,77","$350,77"
399,9,2024,Qtr 3,August,19,"$350,77","$350,77"
399,10,2024,Qtr 3,August,26,"$350,77","$350,77"
399,11,2024,Qtr 3,September,2,"$350,77","$350,77"
399,12,2024,Qtr 3,September,9,"$350,77","$350,77"
399,13,2024,Qtr 3,September,16,"$350,77","$350,77"
399,14,2024,Qtr 3,September,23,"$350,77","$350,77"
399,15,2024,Qtr 3,September,30,"$350,77","$350,77"
399,16,2024,Qtr 4,October,7,"$350,77","$350,77"
399,17,2024,Qtr 4,October,14,"$350,77","$350,77"
399,18,2024,Qtr 4,October,21,"$350,77","$350,77"
399,19,2024,Qtr 4,October,28,"$350,77","$350,77"
399,20,2024,Qtr 4,November,4,"$350,77","$350,77"
399,21,2024,Qtr 4,November,11,"$350,77","$350,77"
399,22,2024,Qtr 4,November,18,"$350,77","$350,77"
399,23,2024,Qtr 4,November,25,"$350,77","$350,77"
399,24,2024,Qtr 4,December,2,"$350,77","$350,77"
399,25,2024,Qtr 4,December,9,"$350,77","$350,77"
399,26,2024,Qtr 4,December,16,"$350,77","$350,75"
400,0,2024,Qtr 2,June,22,"$1000,00","$1000,00"
400,1,2024,Qtr 2,June,29,"$419,90","$419,90"
400,2,2024,Qtr 3,July,6,"$419,90","$419,90"
400,3,2024,Qtr 3,July,13,"$419,90","$419,90"
400,4,2024,Qtr 3,July,20,"$419,90","$419,90"
400,5,2024,Qtr 3,July,27,"$419,90","$419,90"
400,6,2024,Qtr 3,August,3,"$419,90","$419,90"
400,7,2024,Qtr 3,August,10,"$419,90","$419,90"
400,8,2024,Qtr 3,August,17,"$419,90","$419,90"
400,9,2024,Qtr 3,August,24,"$419,90","$419,90"
400,10,2024,Qtr 3,August,31,"$419,90","$419,90"
400,11,2024,Qtr 3,September,7,"$419,90","$419,90"
400,12,2024,Qtr 3,September,14,"$419,90","$419,90"
400,13,2024,Qtr 3,September,21,"$419,90","$419,90"
400,14,2024,Qtr 3,September,28,"$419,90","$419,90"
400,15,2024,Qtr 4,October,5,"$419,90","$419,90"
401,0,2024,Qtr 2,June,22,"$0,00","$0,00"
401,1,2024,Qtr 2,June,29,"$464,95","$464,95"
401,2,2024,Qtr 3,July,6,"$464,95","$464,95"
401,3,2024,Qtr 3,July,13,"$464,95","$464,95"
401,4,2024,Qtr 3,July,20,"$464,95","$464,95"
401,5,2024,Qtr 3,July,27,"$464,95","$464,95"
401,6,2024,Qtr 3,August,3,"$464,95","$464,95"
401,7,2024,Qtr 3,August,10,"$464,95","$464,95"
401,8,2024,Qtr 3,August,17,"$464,95","$464,95"
401,9,2024,Qtr 3,August,24,"$464,95","$464,95"
401,10,2024,Qtr 3,August,31,"$464,95","$464,95"
401,11,2024,Qtr 3,September,7,"$464,95","$464,95"
401,12,2024,Qtr 3,September,14,"$464,95","$464,95"
401,13,2024,Qtr 3,September,21,"$464,95","$464,95"
401,14,2024,Qtr 3,September,28,"$464,95","$464,95"
401,15,2024,Qtr 4,October,5,"$464,95","$464,95"
401,16,2024,Qtr 4,October,12,"$464,95","$464,95"
401,17,2024,Qtr 4,October,19,"$464,95","$464,95"
401,18,2024,Qtr 4,October,26,"$464,95","$464,95"
401,19,2024,Qtr 4,November,2,"$464,95","$464,95"
401,20,2024,Qtr 4,November,9,"$464,95","$464,95"
403,0,2024,Qtr 2,April,7,"$999,00","$999,00"
403,1,2024,Qtr 2,April,14,"$262,38","$262,38"
403,2,2024,Qtr 2,April,21,"$262,38","$262,38"
403,3,2024,Qtr 2,April,28,"$262,38","$262,38"
403,4,2024,Qtr 2,May,5,"$262,38","$262,38"
403,5,2024,Qtr 2,May,12,"$262,38","$262,38"
403,6,2024,Qtr 2,May,19,"$262,38","$262,38"
403,7,2024,Qtr 2,May,26,"$262,38","$262,38"
403,8,2024,Qtr 2,June,2,"$262,38","$262,38"
403,9,2024,Qtr 2,June,9,"$262,38","$262,38"
403,10,2024,Qtr 2,June,16,"$262,38","$262,38"
403,11,2024,Qtr 2,June,23,"$262,38","$262,38"
403,12,2024,Qtr 2,June,30,"$262,38","$262,38"
403,13,2024,Qtr 3,July,7,"$262,38","$262,38"
403,14,2024,Qtr 3,July,14,"$262,38","$262,38"
403,15,2024,Qtr 3,July,21,"$262,38","$262,38"
403,16,2024,Qtr 3,July,28,"$262,38","$262,38"
403,17,2024,Qtr 3,August,4,"$262,38","$262,38"
403,18,2024,Qtr 3,August,11,"$262,38","$262,38"
403,19,2024,Qtr 3,August,18,"$262,38","$262,38"
403,20,2024,Qtr 3,August,25,"$262,38","$262,38"
403,21,2024,Qtr 3,September,1,"$262,38","$262,38"
403,22,2024,Qtr 3,September,8,"$262,38","$262,38"
403,23,2024,Qtr 3,September,15,"$262,38","$262,38"
403,24,2024,Qtr 3,September,22,"$262,38","$262,38"
403,25,2024,Qtr 3,September,29,"$262,38","$262,38"
403,26,2024,Qtr 4,October,6,"$262,38","$262,38"
403,27,2024,Qtr 4,October,13,"$262,38","$262,38"
403,28,2024,Qtr 4,October,20,"$262,38","$262,38"
403,29,2024,Qtr 4,October,27,"$262,38","$262,38"
403,30,2024,Qtr 4,November,3,"$262,38","$262,38"
403,31,2024,Qtr 4,November,10,"$262,38","$262,38"
403,32,2024,Qtr 4,November,17,"$262,38","$262,38"
403,33,2024,Qtr 4,November,24,"$262,38","$262,38"
403,34,2024,Qtr 4,December,1,"$262,38","$262,38"
403,35,2024,Qtr 4,December,8,"$262,38","$262,38"
403,36,2024,Qtr 4,December,15,"$262,38","$262,38"
403,37,2024,Qtr 4,December,22,"$262,38","$262,38"
403,38,2024,Qtr 4,December,29,"$262,38","$262,38"
403,39,2025,Qtr 1,January,5,"$262,38","$262,38"
403,40,2025,Qtr 1,January,12,"$262,38","$262,38"
403,41,2025,Qtr 1,January,19,"$262,38","$262,38"
403,42,2025,Qtr 1,January,26,"$262,38","$262,42"
404,0,2024,Qtr 2,April,7,"$1499,00","$1499,00"
404,1,2024,Qtr 2,April,14,"$398,85","$398,85"
404,2,2024,Qtr 2,April,21,"$398,85","$398,85"
404,3,2024,Qtr 2,April,28,"$398,85","$398,85"
404,4,2024,Qtr 2,May,5,"$398,85","$398,85"
404,5,2024,Qtr 2,May,12,"$398,85","$398,85"
404,6,2024,Qtr 2,May,19,"$398,85","$398,85"
404,7,2024,Qtr 2,May,26,"$398,85","$398,85"
404,8,2024,Qtr 2,June,2,"$398,85","$398,85"
404,9,2024,Qtr 2,June,9,"$398,85","$398,85"
404,10,2024,Qtr 2,June,16,"$398,85","$398,85"
404,11,2024,Qtr 2,June,23,"$398,85","$398,85"
404,12,2024,Qtr 2,June,30,"$398,85","$398,85"
404,13,2024,Qtr 3,July,7,"$398,85","$398,85"
404,14,2024,Qtr 3,July,14,"$398,85","$398,85"
404,15,2024,Qtr 3,July,21,"$398,85","$398,85"
404,16,2024,Qtr 3,July,28,"$398,85","$398,85"
404,17,2024,Qtr 3,August,4,"$398,85","$398,85"
404,18,2024,Qtr 3,August,11,"$398,85","$398,85"
404,19,2024,Qtr 3,August,18,"$398,85","$398,85"
404,20,2024,Qtr 3,August,25,"$398,85","$398,85"
404,21,2024,Qtr 3,September,1,"$398,85","$398,85"
404,22,2024,Qtr 3,September,8,"$398,85","$398,85"
404,23,2024,Qtr 3,September,15,"$398,85","$398,85"
404,24,2024,Qtr 3,September,22,"$398,85","$398,85"
404,25,2024,Qtr 3,September,29,"$398,85","$398,85"
404,26,2024,Qtr 4,October,6,"$398,85","$398,75"
405,0,2024,Qtr 2,April,20,"$1500,00","$1500,00"
405,1,2024,Qtr 2,April,27,"$479,90","$479,90"
405,2,2024,Qtr 2,May,4,"$479,90","$479,90"
405,3,2024,Qtr 2,May,11,"$479,90","$479,90"
405,4,2024,Qtr 2,May,18,"$479,90","$479,90"
405,5,2024,Qtr 2,May,25,"$479,90","$479,90"
405,6,2024,Qtr 2,June,1,"$479,90","$479,90"
405,7,2024,Qtr 2,June,8,"$479,90","$479,90"
405,8,2024,Qtr 2,June,15,"$479,90","$479,90"
405,9,2024,Qtr 2,June,22,"$479,90","$479,90"
405,10,2024,Qtr 2,June,29,"$479,90","$479,90"
405,11,2024,Qtr 3,July,6,"$479,90","$479,90"
405,12,2024,Qtr 3,July,13,"$479,90","$479,90"
405,13,2024,Qtr 3,July,20,"$479,90","$479,90"
405,14,2024,Qtr 3,July,27,"$479,90","$479,90"
405,15,2024,Qtr 3,August,3,"$479,90","$479,90"
406,0,2024,Qtr 1,March,24,"$1249,00","$1249,00"
406,1,2024,Qtr 1,March,31,"$349,81","$349,81"
406,2,2024,Qtr 2,April,7,"$349,81","$349,81"
406,3,2024,Qtr 2,April,14,"$349,81","$349,81"
406,4,2024,Qtr 2,April,21,"$349,81","$349,81"
406,5,2024,Qtr 2,April,28,"$349,81","$349,81"
406,6,2024,Qtr 2,May,5,"$349,81","$349,81"
406,7,2024,Qtr 2,May,12,"$349,81","$349,81"
406,8,2024,Qtr 2,May,19,"$349,81","$349,81"
406,9,2024,Qtr 2,May,26,"$349,81","$349,81"
406,10,2024,Qtr 2,June,2,"$349,81","$349,81"
406,11,2024,Qtr 2,June,9,"$349,81","$349,81"
406,12,2024,Qtr 2,June,16,"$349,81","$349,81"
406,13,2024,Qtr 2,June,23,"$349,81","$349,81"
406,14,2024,Qtr 2,June,30,"$349,81","$349,81"
406,15,2024,Qtr 3,July,7,"$349,81","$349,81"
406,16,2024,Qtr 3,July,14,"$349,81","$349,81"
406,17,2024,Qtr 3,July,21,"$349,81","$349,81"
406,18,2024,Qtr 3,July,28,"$349,81","$349,81"
406,19,2024,Qtr 3,August,4,"$349,81","$349,81"
406,20,2024,Qtr 3,August,11,"$349,81","$349,81"
406,21,2024,Qtr 3,August,18,"$349,81","$349,81"
406,22,2024,Qtr 3,August,25,"$349,81","$349,81"
406,23,2024,Qtr 3,September,1,"$349,81","$349,81"
406,24,2024,Qtr 3,September,8,"$349,81","$349,81"
406,25,2024,Qtr 3,September,15,"$349,81","$349,81"
406,26,2024,Qtr 3,September,22,"$349,81","$349,75"
407,0,2024,Qtr 2,April,21,"$1000,00","$1000,00"
407,1,2024,Qtr 2,April,28,"$250,00","$250,00"
407,2,2024,Qtr 2,May,5,"$250,00","$250,00"
407,3,2024,Qtr 2,May,12,"$250,00","$250,00"
407,4,2024,Qtr 2,May,19,"$250,00","$250,00"
407,5,2024,Qtr 2,May,26,"$250,00","$250,00"
407,6,2024,Qtr 2,June,2,"$250,00","$250,00"
407,7,2024,Qtr 2,June,9,"$250,00","$250,00"
407,8,2024,Qtr 2,June,16,"$250,00","$250,00"
407,9,2024,Qtr 2,June,23,"$250,00","$250,00"
407,10,2024,Qtr 2,June,30,"$250,00","$250,00"
407,11,2024,Qtr 3,July,7,"$250,00","$250,00"
407,12,2024,Qtr 3,July,14,"$250,00","$250,00"
407,13,2024,Qtr 3,July,21,"$250,00","$250,00"
407,14,2024,Qtr 3,July,28,"$250,00","$250,00"
407,15,2024,Qtr 3,August,4,"$250,00","$250,00"
407,16,2024,Qtr 3,August,11,"$250,00","$250,00"
407,17,2024,Qtr 3,August,18,"$250,00","$250,00"
407,18,2024,Qtr 3,August,25,"$250,00","$250,00"
407,19,2024,Qtr 3,September,1,"$250,00","$250,00"
407,20,2024,Qtr 3,September,8,"$250,00","$250,00"
408,0,2024,Qtr 2,April,11,"$0,00","$0,00"
408,1,2024,Qtr 2,April,18,"$250,00","$250,00"
408,2,2024,Qtr 2,April,25,"$250,00","$250,00"
408,3,2024,Qtr 2,May,2,"$250,00","$250,00"
408,4,2024,Qtr 2,May,9,"$250,00","$250,00"
408,5,2024,Qtr 2,May,16,"$250,00","$250,00"
408,6,2024,Qtr 2,May,23,"$250,00","$250,00"
408,7,2024,Qtr 2,May,30,"$250,00","$250,00"
408,8,2024,Qtr 2,June,6,"$250,00","$250,00"
408,9,2024,Qtr 2,June,13,"$250,00","$250,00"
408,10,2024,Qtr 2,June,20,"$250,00","$250,00"
409,0,2024,Qtr 2,May,6,"$999,00","$999,00"
409,1,2024,Qtr 2,May,13,"$294,23","$294,23"
409,2,2024,Qtr 2,May,20,"$294,23","$294,23"
409,3,2024,Qtr 2,May,27,"$294,23","$294,23"
409,4,2024,Qtr 2,June,3,"$294,23","$294,23"
409,5,2024,Qtr 2,June,10,"$294,23","$294,23"
409,6,2024,Qtr 2,June,17,"$294,23","$294,23"
409,7,2024,Qtr 2,June,24,"$294,23","$294,23"
409,8,2024,Qtr 3,July,1,"$294,23","$294,23"
409,9,2024,Qtr 3,July,8,"$294,23","$294,23"
409,10,2024,Qtr 3,July,15,"$294,23","$294,23"
409,11,2024,Qtr 3,July,22,"$294,23","$294,23"
409,12,2024,Qtr 3,July,29,"$294,23","$294,23"
409,13,2024,Qtr 3,August,5,"$294,23","$294,23"
409,14,2024,Qtr 3,August,12,"$294,23","$294,23"
409,15,2024,Qtr 3,August,19,"$294,23","$294,23"
409,16,2024,Qtr 3,August,26,"$294,23","$294,23"
409,17,2024,Qtr 3,September,2,"$294,23","$294,23"
409,18,2024,Qtr 3,September,9,"$294,23","$294,23"
409,19,2024,Qtr 3,September,16,"$294,23","$294,23"
409,20,2024,Qtr 3,September,23,"$294,23","$294,23"
409,21,2024,Qtr 3,September,30,"$294,23","$294,23"
409,22,2024,Qtr 4,October,7,"$294,23","$294,23"
409,23,2024,Qtr 4,October,14,"$294,23","$294,23"
409,24,2024,Qtr 4,October,21,"$294,23","$294,23"
409,25,2024,Qtr 4,October,28,"$294,23","$294,23"
409,26,2024,Qtr 4,November,4,"$294,23","$294,25"
414,0,2024,Qtr 2,June,4,"$1800,00","$1800,00"
414,1,2024,Qtr 2,June,11,"$270,00","$270,00"
414,2,2024,Qtr 2,June,18,"$270,00","$270,00"
414,3,2024,Qtr 2,June,25,"$270,00","$270,00"
414,4,2024,Qtr 3,July,2,"$270,00","$270,00"
414,5,2024,Qtr 3,July,9,"$270,00","$270,00"
414,6,2024,Qtr 3,July,16,"$270,00","$270,00"
414,7,2024,Qtr 3,July,23,"$270,00","$270,00"
414,8,2024,Qtr 3,July,30,"$270,00","$270,00"
414,9,2024,Qtr 3,August,6,"$270,00","$270,00"
414,10,2024,Qtr 3,August,13,"$270,00","$270,00"
414,11,2024,Qtr 3,August,20,"$270,00","$270,00"
414,12,2024,Qtr 3,August,27,"$270,00","$270,00"
414,13,2024,Qtr 3,September,3,"$270,00","$270,00"
414,14,2024,Qtr 3,September,10,"$270,00","$270,00"
414,15,2024,Qtr 3,September,17,"$270,00","$270,00"
414,16,2024,Qtr 3,September,24,"$270,00","$270,00"
414,17,2024,Qtr 4,October,1,"$270,00","$270,00"
414,18,2024,Qtr 4,October,8,"$270,00","$270,00"
414,19,2024,Qtr 4,October,15,"$270,00","$270,00"
414,20,2024,Qtr 4,October,22,"$270,00","$270,00"
417,0,2024,Qtr 1,February,23,"$749,00","$749,00"
417,1,2024,Qtr 1,March,1,"$162,50","$162,50"
417,2,2024,Qtr 1,March,8,"$162,50","$162,50"
417,3,2024,Qtr 1,March,15,"$162,50","$162,50"
417,4,2024,Qtr 1,March,22,"$162,50","$162,50"
417,5,2024,Qtr 1,March,29,"$162,50","$162,50"
417,6,2024,Qtr 2,April,5,"$162,50","$162,50"
417,7,2024,Qtr 2,April,12,"$162,50","$162,50"
417,8,2024,Qtr 2,April,19,"$162,50","$162,50"
417,9,2024,Qtr 2,April,26,"$162,50","$162,50"
417,10,2024,Qtr 2,May,3,"$162,50","$162,50"
417,11,2024,Qtr 2,May,10,"$162,50","$162,50"
417,12,2024,Qtr 2,May,17,"$162,50","$162,50"
417,13,2024,Qtr 2,May,24,"$162,50","$162,50"
417,14,2024,Qtr 2,May,31,"$162,50","$162,50"
417,15,2024,Qtr 2,June,7,"$162,50","$162,50"
417,16,2024,Qtr 2,June,14,"$162,50","$162,50"
417,17,2024,Qtr 2,June,21,"$162,50","$162,50"
417,18,2024,Qtr 2,June,28,"$162,50","$162,50"
417,19,2024,Qtr 3,July,5,"$162,50","$162,50"
417,20,2024,Qtr 3,July,12,"$162,50","$162,50"
418,0,2024,Qtr 1,March,14,"$2499,00","$2499,00"
418,1,2024,Qtr 1,March,21,"$600,00","$600,00"
418,2,2024,Qtr 1,March,28,"$600,00","$600,00"
418,3,2024,Qtr 2,April,4,"$600,00","$600,00"
418,4,2024,Qtr 2,April,11,"$600,00","$600,00"
418,5,2024,Qtr 2,April,18,"$600,00","$600,00"
418,6,2024,Qtr 2,April,25,"$600,00","$600,00"
418,7,2024,Qtr 2,May,2,"$600,00","$600,00"
418,8,2024,Qtr 2,May,9,"$600,00","$600,00"
418,9,2024,Qtr 2,May,16,"$600,00","$600,00"
418,10,2024,Qtr 2,May,23,"$600,00","$600,00"
418,11,2024,Qtr 2,May,30,"$600,00","$600,00"
418,12,2024,Qtr 2,June,6,"$600,00","$600,00"
418,13,2024,Qtr 2,June,13,"$600,00","$600,00"
418,14,2024,Qtr 2,June,20,"$600,00","$600,00"
418,15,2024,Qtr 2,June,27,"$600,00","$600,00"
419,0,2024,Qtr 1,February,8,"$499,00","$499,00"
419,1,2024,Qtr 1,February,15,"$326,92","$326,92"
419,2,2024,Qtr 1,February,22,"$326,92","$326,92"
419,3,2024,Qtr 1,February,29,"$326,92","$326,92"
419,4,2024,Qtr 1,March,7,"$326,92","$326,92"
419,5,2024,Qtr 1,March,14,"$326,92","$326,92"
419,6,2024,Qtr 1,March,21,"$326,92","$326,92"
419,7,2024,Qtr 1,March,28,"$326,92","$326,92"
419,8,2024,Qtr 2,April,4,"$326,92","$326,92"
419,9,2024,Qtr 2,April,11,"$326,92","$326,92"
419,10,2024,Qtr 2,April,18,"$326,92","$326,92"
419,11,2024,Qtr 2,April,25,"$326,92","$326,92"
419,12,2024,Qtr 2,May,2,"$326,92","$326,92"
419,13,2024,Qtr 2,May,9,"$326,92","$326,92"
419,14,2024,Qtr 2,May,16,"$326,92","$326,92"
419,15,2024,Qtr 2,May,23,"$326,92","$326,92"
419,16,2024,Qtr 2,May,30,"$326,92","$326,92"
419,17,2024,Qtr 2,June,6,"$326,92","$326,92"
419,18,2024,Qtr 2,June,13,"$326,92","$326,92"
419,19,2024,Qtr 2,June,20,"$326,92","$326,92"
419,20,2024,Qtr 2,June,27,"$326,92","$326,92"
419,21,2024,Qtr 3,July,4,"$326,92","$326,92"
419,22,2024,Qtr 3,July,11,"$326,92","$326,92"
419,23,2024,Qtr 3,July,18,"$326,92","$326,92"
419,24,2024,Qtr 3,July,25,"$326,92","$326,92"
419,25,2024,Qtr 3,August,1,"$326,92","$326,92"
419,26,2024,Qtr 3,August,8,"$326,92","$327,00"
420,0,2024,Qtr 1,February,15,"$0,00","$0,00"
420,1,2024,Qtr 1,February,22,"$299,96","$299,96"
420,2,2024,Qtr 1,February,29,"$299,96","$299,96"
420,3,2024,Qtr 1,March,7,"$299,96","$299,96"
420,4,2024,Qtr 1,March,14,"$299,96","$299,96"
420,5,2024,Qtr 1,March,21,"$299,96","$299,96"
420,6,2024,Qtr 1,March,28,"$299,96","$299,96"
420,7,2024,Qtr 2,April,4,"$299,96","$299,96"
420,8,2024,Qtr 2,April,11,"$299,96","$299,96"
420,9,2024,Qtr 2,April,18,"$299,96","$299,96"
420,10,2024,Qtr 2,April,25,"$299,96","$299,96"
420,11,2024,Qtr 2,May,2,"$299,96","$299,96"
420,12,2024,Qtr 2,May,9,"$299,96","$299,96"
420,13,2024,Qtr 2,May,16,"$299,96","$299,96"
420,14,2024,Qtr 2,May,23,"$299,96","$299,96"
420,15,2024,Qtr 2,May,30,"$299,96","$299,96"
420,16,2024,Qtr 2,June,6,"$299,96","$299,96"
420,17,2024,Qtr 2,June,13,"$299,96","$299,96"
420,18,2024,Qtr 2,June,20,"$299,96","$299,96"
420,19,2024,Qtr 2,June,27,"$299,96","$299,96"
420,20,2024,Qtr 3,July,4,"$299,96","$299,96"
420,21,2024,Qtr 3,July,11,"$299,96","$299,96"
420,22,2024,Qtr 3,July,18,"$299,96","$299,96"
420,23,2024,Qtr 3,July,25,"$299,96","$299,96"
420,24,2024,Qtr 3,August,1,"$299,96","$299,96"
420,25,2024,Qtr 3,August,8,"$299,96","$299,96"
420,26,2024,Qtr 3,August,15,"$299,96","$299,96"
420,27,2024,Qtr 3,August,22,"$299,96","$299,96"
420,28,2024,Qtr 3,August,29,"$299,96","$299,96"
420,29,2024,Qtr 3,September,5,"$299,96","$299,96"
420,30,2024,Qtr 3,September,12,"$299,96","$299,96"
420,31,2024,Qtr 3,September,19,"$299,96","$299,96"
420,32,2024,Qtr 3,September,26,"$299,96","$299,96"
420,33,2024,Qtr 4,October,3,"$299,96","$299,96"
420,34,2024,Qtr 4,October,10,"$299,96","$299,96"
420,35,2024,Qtr 4,October,17,"$299,96","$299,86"
421,0,2024,Qtr 1,March,5,"$1999,00","$1999,00"
421,1,2024,Qtr 1,March,12,"$309,30","$309,30"
421,2,2024,Qtr 1,March,19,"$309,30","$309,30"
421,3,2024,Qtr 1,March,26,"$309,30","$309,30"
421,4,2024,Qtr 2,April,2,"$309,30","$309,30"
421,5,2024,Qtr 2,April,9,"$309,30","$309,30"
421,6,2024,Qtr 2,April,16,"$309,30","$309,30"
421,7,2024,Qtr 2,April,23,"$309,30","$309,30"
421,8,2024,Qtr 2,April,30,"$309,30","$309,30"
421,9,2024,Qtr 2,May,7,"$309,30","$309,30"
421,10,2024,Qtr 2,May,14,"$309,30","$309,30"
421,11,2024,Qtr 2,May,21,"$309,30","$309,30"
421,12,2024,Qtr 2,May,28,"$309,30","$309,30"
421,13,2024,Qtr 2,June,4,"$309,30","$309,30"
421,14,2024,Qtr 2,June,11,"$309,30","$309,30"
421,15,2024,Qtr 2,June,18,"$309,30","$309,30"
421,16,2024,Qtr 2,June,25,"$309,30","$309,30"
421,17,2024,Qtr 3,July,2,"$309,30","$309,30"
421,18,2024,Qtr 3,July,9,"$309,30","$309,30"
421,19,2024,Qtr 3,July,16,"$309,30","$309,30"
421,20,2024,Qtr 3,July,23,"$309,30","$309,30"
421,21,2024,Qtr 3,July,30,"$309,30","$309,30"
421,22,2024,Qtr 3,August,6,"$309,30","$309,30"
421,23,2024,Qtr 3,August,13,"$309,30","$309,30"
421,24,2024,Qtr 3,August,20,"$309,30","$309,30"
421,25,2024,Qtr 3,August,27,"$309,30","$309,30"
421,26,2024,Qtr 3,September,3,"$309,30","$309,30"
421,27,2024,Qtr 3,September,10,"$309,30","$309,30"
421,28,2024,Qtr 3,September,17,"$309,30","$309,30"
421,29,2024,Qtr 3,September,24,"$309,30","$309,30"
421,30,2024,Qtr 4,October,1,"$309,30","$309,30"
421,31,2024,Qtr 4,October,8,"$309,30","$309,30"
421,32,2024,Qtr 4,October,15,"$309,30","$309,30"
421,33,2024,Qtr 4,October,22,"$309,30","$309,30"
421,34,2024,Qtr 4,October,29,"$309,30","$309,30"
421,35,2024,Qtr 4,November,5,"$309,30","$309,30"
421,36,2024,Qtr 4,November,12,"$309,30","$309,30"
421,37,2024,Qtr 4,November,19,"$309,30","$309,30"
421,38,2024,Qtr 4,November,26,"$309,30","$309,30"
421,39,2024,Qtr 4,December,3,"$309,30","$309,30"
421,40,2024,Qtr 4,December,10,"$309,30","$309,30"
421,41,2024,Qtr 4,December,17,"$309,30","$309,30"
421,42,2024,Qtr 4,December,24,"$309,30","$309,30"
421,43,2024,Qtr 4,December,31,"$309,30","$309,40"
422,0,2024,Qtr 1,February,24,"$999,00","$999,00"
422,1,2024,Qtr 1,March,2,"$560,00","$560,00"
422,2,2024,Qtr 1,March,9,"$560,00","$560,00"
422,3,2024,Qtr 1,March,16,"$560,00","$560,00"
422,4,2024,Qtr 1,March,23,"$560,00","$560,00"
422,5,2024,Qtr 1,March,30,"$560,00","$560,00"
422,6,2024,Qtr 2,April,6,"$560,00","$560,00"
422,7,2024,Qtr 2,April,13,"$560,00","$560,00"
422,8,2024,Qtr 2,April,20,"$560,00","$560,00"
422,9,2024,Qtr 2,April,27,"$560,00","$560,00"
422,10,2024,Qtr 2,May,4,"$560,00","$560,00"
422,11,2024,Qtr 2,May,11,"$560,00","$560,00"
422,12,2024,Qtr 2,May,18,"$560,00","$560,00"
422,13,2024,Qtr 2,May,25,"$560,00","$560,00"
422,14,2024,Qtr 2,June,1,"$560,00","$560,00"
422,15,2024,Qtr 2,June,8,"$560,00","$560,00"
423,0,2024,Qtr 1,February,17,"$999,00","$999,00"
423,1,2024,Qtr 1,February,24,"$560,00","$560,00"
423,2,2024,Qtr 1,March,2,"$560,00","$560,00"
423,3,2024,Qtr 1,March,9,"$560,00","$560,00"
423,4,2024,Qtr 1,March,16,"$560,00","$560,00"
423,5,2024,Qtr 1,March,23,"$560,00","$560,00"
423,6,2024,Qtr 1,March,30,"$560,00","$560,00"
423,7,2024,Qtr 2,April,6,"$560,00","$560,00"
423,8,2024,Qtr 2,April,13,"$560,00","$560,00"
423,9,2024,Qtr 2,April,20,"$560,00","$560,00"
423,10,2024,Qtr 2,April,27,"$560,00","$560,00"
423,11,2024,Qtr 2,May,4,"$560,00","$560,00"
423,12,2024,Qtr 2,May,11,"$560,00","$560,00"
423,13,2024,Qtr 2,May,18,"$560,00","$560,00"
423,14,2024,Qtr 2,May,25,"$560,00","$560,00"
423,15,2024,Qtr 2,June,1,"$560,00","$560,00"
424,0,2024,Qtr 1,March,17,"$1249,00","$1249,00"
424,1,2024,Qtr 1,March,24,"$297,50","$297,50"
424,2,2024,Qtr 1,March,31,"$297,50","$297,50"
424,3,2024,Qtr 2,April,7,"$297,50","$297,50"
424,4,2024,Qtr 2,April,14,"$297,50","$297,50"
424,5,2024,Qtr 2,April,21,"$297,50","$297,50"
424,6,2024,Qtr 2,April,28,"$297,50","$297,50"
424,7,2024,Qtr 2,May,5,"$297,50","$297,50"
424,8,2024,Qtr 2,May,12,"$297,50","$297,50"
424,9,2024,Qtr 2,May,19,"$297,50","$297,50"
424,10,2024,Qtr 2,May,26,"$297,50","$297,50"
424,11,2024,Qtr 2,June,2,"$297,50","$297,50"
424,12,2024,Qtr 2,June,9,"$297,50","$297,50"
424,13,2024,Qtr 2,June,16,"$297,50","$297,50"
424,14,2024,Qtr 2,June,23,"$297,50","$297,50"
424,15,2024,Qtr 2,June,30,"$297,50","$297,50"
424,16,2024,Qtr 3,July,7,"$297,50","$297,50"
424,17,2024,Qtr 3,July,14,"$297,50","$297,50"
424,18,2024,Qtr 3,July,21,"$297,50","$297,50"
424,19,2024,Qtr 3,July,28,"$297,50","$297,50"
424,20,2024,Qtr 3,August,4,"$297,50","$297,50"
424,21,2024,Qtr 3,August,11,"$297,50","$297,50"
424,22,2024,Qtr 3,August,18,"$297,50","$297,50"
424,23,2024,Qtr 3,August,25,"$297,50","$297,50"
424,24,2024,Qtr 3,September,1,"$297,50","$297,50"
424,25,2024,Qtr 3,September,8,"$297,50","$297,50"
424,26,2024,Qtr 3,September,15,"$297,50","$297,50"
425,0,2023,Qtr 4,December,6,"$1500,00","$1500,00"
425,1,2023,Qtr 4,December,13,"$489,03","$489,03"
425,2,2023,Qtr 4,December,20,"$489,03","$489,03"
425,3,2023,Qtr 4,December,27,"$489,03","$489,03"
425,4,2024,Qtr 1,January,3,"$489,03","$489,03"
425,5,2024,Qtr 1,January,10,"$489,03","$489,03"
425,6,2024,Qtr 1,January,17,"$489,03","$489,03"
425,7,2024,Qtr 1,January,24,"$489,03","$489,03"
425,8,2024,Qtr 1,January,31,"$489,03","$489,03"
425,9,2024,Qtr 1,February,7,"$489,03","$489,03"
425,10,2024,Qtr 1,February,14,"$489,03","$489,03"
425,11,2024,Qtr 1,February,21,"$489,03","$489,03"
425,12,2024,Qtr 1,February,28,"$489,03","$489,03"
425,13,2024,Qtr 1,March,6,"$489,03","$489,03"
425,14,2024,Qtr 1,March,13,"$489,03","$489,03"
425,15,2024,Qtr 1,March,20,"$489,03","$489,03"
425,16,2024,Qtr 1,March,27,"$489,03","$489,03"
425,17,2024,Qtr 2,April,3,"$489,03","$489,03"
425,18,2024,Qtr 2,April,10,"$489,03","$489,03"
425,19,2024,Qtr 2,April,17,"$489,03","$489,03"
425,20,2024,Qtr 2,April,24,"$489,03","$489,03"
425,21,2024,Qtr 2,May,1,"$489,03","$489,03"
425,22,2024,Qtr 2,May,8,"$489,03","$489,03"
425,23,2024,Qtr 2,May,15,"$489,03","$489,03"
425,24,2024,Qtr 2,May,22,"$489,03","$489,03"
425,25,2024,Qtr 2,May,29,"$489,03","$489,03"
425,26,2024,Qtr 2,June,5,"$489,03","$489,11"
426,0,2023,Qtr 4,December,26,"$0,00","$0,00"
426,1,2024,Qtr 1,January,2,"$350,01","$350,01"
426,2,2024,Qtr 1,January,9,"$350,01","$350,01"
426,3,2024,Qtr 1,January,16,"$350,01","$350,01"
426,4,2024,Qtr 1,January,23,"$350,01","$350,01"
426,5,2024,Qtr 1,January,30,"$350,01","$350,01"
426,6,2024,Qtr 1,February,6,"$350,01","$350,01"
426,7,2024,Qtr 1,February,13,"$350,01","$350,01"
426,8,2024,Qtr 1,February,20,"$350,01","$350,01"
426,9,2024,Qtr 1,February,27,"$350,01","$350,01"
426,10,2024,Qtr 1,March,5,"$350,01","$350,01"
426,11,2024,Qtr 1,March,12,"$350,01","$350,01"
426,12,2024,Qtr 1,March,19,"$350,01","$350,01"
426,13,2024,Qtr 1,March,26,"$350,01","$350,01"
426,14,2024,Qtr 2,April,2,"$350,01","$350,01"
426,15,2024,Qtr 2,April,9,"$350,01","$350,01"
426,16,2024,Qtr 2,April,16,"$350,01","$350,01"
426,17,2024,Qtr 2,April,23,"$350,01","$350,01"
426,18,2024,Qtr 2,April,30,"$350,01","$350,01"
426,19,2024,Qtr 2,May,7,"$350,01","$350,01"
426,20,2024,Qtr 2,May,14,"$350,01","$350,01"
426,21,2024,Qtr 2,May,21,"$350,01","$350,01"
426,22,2024,Qtr 2,May,28,"$350,01","$350,01"
426,23,2024,Qtr 2,June,4,"$350,01","$350,01"
426,24,2024,Qtr 2,June,11,"$350,01","$350,01"
426,25,2024,Qtr 2,June,18,"$350,01","$350,01"
426,26,2024,Qtr 2,June,25,"$350,01","$349,97"
427,0,2026,Qtr 1,January,20,"$0,00","$0,00"
427,1,2026,Qtr 1,January,27,"$492,01","$0,00"
427,2,2026,Qtr 1,February,3,"$492,01","$0,00"
427,3,2026,Qtr 1,February,10,"$492,01","$0,00"
427,4,2026,Qtr 1,February,17,"$492,01","$0,00"
427,5,2026,Qtr 1,February,24,"$492,01","$0,00"
427,6,2026,Qtr 1,March,3,"$492,01","$0,00"
427,7,2026,Qtr 1,March,10,"$492,01","$0,00"
427,8,2026,Qtr 1,March,17,"$492,01","$0,00"
427,9,2026,Qtr 1,March,24,"$492,01","$0,00"
427,10,2026,Qtr 1,March,31,"$492,01","$0,00"
427,11,2026,Qtr 2,April,7,"$492,01","$0,00"
427,12,2026,Qtr 2,April,14,"$492,01","$0,00"
427,13,2026,Qtr 2,April,21,"$492,01","$0,00"
427,14,2026,Qtr 2,April,28,"$492,01","$0,00"
427,15,2026,Qtr 2,May,5,"$492,01","$0,00"
427,16,2026,Qtr 2,May,12,"$492,01","$0,00"
427,17,2026,Qtr 2,May,19,"$492,01","$0,00"
427,18,2026,Qtr 2,May,26,"$492,01","$0,00"
427,19,2026,Qtr 2,June,2,"$492,01","$0,00"
430,0,2026,Qtr 1,January,26,"$799,00","$799,00"
430,1,2026,Qtr 1,February,2,"$160,47","$160,47"
430,2,2026,Qtr 1,February,9,"$160,47","$161,75"
430,3,2026,Qtr 1,February,16,"$160,47","$160,47"
430,4,2026,Qtr 1,February,23,"$160,47","$160,47"
430,5,2026,Qtr 1,March,2,"$160,47","$160,47"
430,6,2026,Qtr 1,March,9,"$160,47","$160,47"
430,7,2026,Qtr 1,March,16,"$160,47","$160,47"
430,8,2026,Qtr 1,March,23,"$160,47","$160,47"
430,9,2026,Qtr 1,March,30,"$160,47","$160,47"
430,10,2026,Qtr 2,April,6,"$160,47","$160,47"
430,11,2026,Qtr 2,April,13,"$160,47","$160,50"
430,12,2026,Qtr 2,April,20,"$160,47","$160,47"
430,13,2026,Qtr 2,April,27,"$160,47","$160,50"
430,14,2026,Qtr 2,May,4,"$160,47","$0,00"
430,15,2026,Qtr 2,May,11,"$160,47","$0,00"
430,16,2026,Qtr 2,May,18,"$160,47","$0,00"
430,17,2026,Qtr 2,May,25,"$160,47","$0,00"
430,18,2026,Qtr 2,June,1,"$160,47","$0,00"
431,0,2026,Qtr 1,January,26,"$799,00","$799,00"
431,1,2026,Qtr 1,February,2,"$160,47","$160,47"
431,2,2026,Qtr 1,February,9,"$160,47","$160,47"
431,3,2026,Qtr 1,February,16,"$160,47","$160,47"
431,4,2026,Qtr 1,February,23,"$160,47","$160,47"
431,5,2026,Qtr 1,March,2,"$160,47","$160,47"
431,6,2026,Qtr 1,March,9,"$160,47","$160,47"
431,7,2026,Qtr 1,March,16,"$160,47","$160,53"
431,8,2026,Qtr 1,March,23,"$160,47","$160,53"
431,9,2026,Qtr 1,March,30,"$160,47","$160,47"
431,10,2026,Qtr 2,April,6,"$160,47","$160,50"
431,11,2026,Qtr 2,April,13,"$160,47","$160,47"
431,12,2026,Qtr 2,April,20,"$160,47","$160,50"
431,13,2026,Qtr 2,April,27,"$160,47","$0,00"
431,14,2026,Qtr 2,May,4,"$160,47","$0,00"
431,15,2026,Qtr 2,May,11,"$160,47","$0,00"
431,16,2026,Qtr 2,May,18,"$160,47","$0,00"
431,17,2026,Qtr 2,May,25,"$160,47","$0,00"
431,18,2026,Qtr 2,June,1,"$160,47","$0,00"
443,0,2026,Qtr 1,February,20,"$799,00","$799,00"
443,1,2026,Qtr 1,February,27,"$180,00","$180,00"
443,2,2026,Qtr 1,March,6,"$180,00","$180,00"
443,3,2026,Qtr 1,March,13,"$180,00","$180,00"
443,4,2026,Qtr 1,March,20,"$180,00","$180,00"
443,5,2026,Qtr 1,March,27,"$180,00","$180,00"
443,6,2026,Qtr 2,April,3,"$180,00","$180,00"
443,7,2026,Qtr 2,April,10,"$180,00","$180,00"
443,8,2026,Qtr 2,April,17,"$180,00","$180,00"
443,9,2026,Qtr 2,April,24,"$180,00","$180,00"
443,10,2026,Qtr 2,May,1,"$180,00","$180,00"
443,11,2026,Qtr 2,May,8,"$180,00","$0,00"
443,12,2026,Qtr 2,May,15,"$180,00","$0,00"
443,13,2026,Qtr 2,May,22,"$180,00","$0,00"
443,14,2026,Qtr 2,May,29,"$180,00","$0,00"
444,0,2026,Qtr 1,January,28,"$799,00","$799,00"
444,1,2026,Qtr 1,February,4,"$180,00","$180,00"
444,2,2026,Qtr 1,February,11,"$180,00","$180,00"
444,3,2026,Qtr 1,February,18,"$180,00","$0,00"
444,4,2026,Qtr 1,February,25,"$180,00","$0,00"
444,5,2026,Qtr 1,March,4,"$180,00","$0,00"
444,6,2026,Qtr 1,March,11,"$180,00","$0,00"
444,7,2026,Qtr 1,March,18,"$180,00","$0,00"
444,8,2026,Qtr 1,March,25,"$180,00","$0,00"
444,9,2026,Qtr 2,April,1,"$180,00","$0,00"
444,10,2026,Qtr 2,April,8,"$180,00","$0,00"
444,11,2026,Qtr 2,April,15,"$180,00","$0,00"
444,12,2026,Qtr 2,April,22,"$180,00","$0,00"
444,13,2026,Qtr 2,April,29,"$180,00","$0,00"
444,14,2026,Qtr 2,May,6,"$180,00","$0,00"
444,15,2026,Qtr 2,May,13,"$180,00","$0,00"
444,16,2026,Qtr 2,May,20,"$180,00","$0,00"
444,17,2026,Qtr 2,May,27,"$180,00","$0,00"
444,18,2026,Qtr 2,June,3,"$180,00","$0,00"
445,0,2026,Qtr 1,February,4,"$0,00","$356,86"
445,1,2026,Qtr 1,February,11,"$356,86","$0,00"
445,2,2026,Qtr 1,February,18,"$356,86","$356,86"
445,3,2026,Qtr 1,February,25,"$356,86","$356,86"
445,4,2026,Qtr 1,March,4,"$356,86","$356,86"
445,5,2026,Qtr 1,March,11,"$356,86","$356,86"
445,6,2026,Qtr 1,March,18,"$356,86","$356,86"
445,7,2026,Qtr 1,March,25,"$356,86","$356,86"
445,8,2026,Qtr 2,April,1,"$356,86","$356,86"
445,9,2026,Qtr 2,April,8,"$356,86","$356,86"
445,10,2026,Qtr 2,April,15,"$356,86","$356,86"
445,11,2026,Qtr 2,April,22,"$356,86","$356,86"
445,12,2026,Qtr 2,April,29,"$356,86","$0,00"
445,13,2026,Qtr 2,May,6,"$356,86","$0,00"
445,14,2026,Qtr 2,May,13,"$356,86","$0,00"
445,15,2026,Qtr 2,May,20,"$356,86","$0,00"
445,16,2026,Qtr 2,May,27,"$356,86","$0,00"
445,17,2026,Qtr 2,June,3,"$356,86","$0,00"
458,0,2024,Qtr 4,December,8,"$999,00","$999,00"
458,1,2024,Qtr 4,December,15,"$165,00","$165,00"
458,2,2024,Qtr 4,December,22,"$165,00","$0,00"
458,3,2024,Qtr 4,December,29,"$165,00","$0,00"
458,4,2025,Qtr 1,January,5,"$165,00","$0,00"
458,5,2025,Qtr 1,January,12,"$165,00","$0,00"
458,6,2025,Qtr 1,January,19,"$165,00","$0,00"
458,7,2025,Qtr 1,January,26,"$165,00","$0,00"
458,8,2025,Qtr 1,February,2,"$165,00","$0,00"
458,9,2025,Qtr 1,February,9,"$165,00","$0,00"
458,10,2025,Qtr 1,February,16,"$165,00","$0,00"
458,11,2025,Qtr 1,February,23,"$165,00","$0,00"
458,12,2025,Qtr 1,March,2,"$165,00","$0,00"
458,13,2025,Qtr 1,March,9,"$165,00","$0,00"
458,14,2025,Qtr 1,March,16,"$165,00","$0,00"
458,15,2025,Qtr 1,March,23,"$165,00","$0,00"
458,16,2025,Qtr 1,March,30,"$165,00","$0,00"
458,17,2025,Qtr 2,April,6,"$165,00","$0,00"
458,18,2025,Qtr 2,April,13,"$165,00","$0,00"
458,19,2025,Qtr 2,April,20,"$165,00","$0,00"
458,20,2025,Qtr 2,April,27,"$165,00","$0,00"
460,0,2024,Qtr 4,November,4,"$999,00","$999,00"
460,1,2024,Qtr 4,November,11,"$312,00","$312,00"
460,2,2024,Qtr 4,November,18,"$312,00","$0,00"
460,3,2024,Qtr 4,November,25,"$312,00","$0,00"
460,4,2024,Qtr 4,December,2,"$312,00","$0,00"
460,5,2024,Qtr 4,December,9,"$312,00","$0,00"
460,6,2024,Qtr 4,December,16,"$312,00","$0,00"
460,7,2024,Qtr 4,December,23,"$312,00","$0,00"
460,8,2024,Qtr 4,December,30,"$312,00","$0,00"
460,9,2025,Qtr 1,January,6,"$312,00","$0,00"
460,10,2025,Qtr 1,January,13,"$312,00","$0,00"
460,11,2025,Qtr 1,January,20,"$312,00","$0,00"
460,12,2025,Qtr 1,January,27,"$312,00","$0,00"
460,13,2025,Qtr 1,February,3,"$312,00","$0,00"
460,14,2025,Qtr 1,February,10,"$312,00","$0,00"
460,15,2025,Qtr 1,February,17,"$312,00","$0,00"
460,16,2025,Qtr 1,February,24,"$312,00","$0,00"
460,17,2025,Qtr 1,March,3,"$312,00","$0,00"
460,18,2025,Qtr 1,March,10,"$312,00","$0,00"
460,19,2025,Qtr 1,March,17,"$312,00","$0,00"
460,20,2025,Qtr 1,March,24,"$312,00","$0,00"
460,21,2025,Qtr 1,March,31,"$312,00","$0,00"
460,22,2025,Qtr 2,April,7,"$312,00","$0,00"
460,23,2025,Qtr 2,April,14,"$312,00","$0,00"
460,24,2025,Qtr 2,April,21,"$312,00","$0,00"
460,25,2025,Qtr 2,April,28,"$312,00","$0,00"
460,26,2025,Qtr 2,May,5,"$312,00","$0,00"
460,27,2025,Qtr 2,May,12,"$312,00","$0,00"
460,28,2025,Qtr 2,May,19,"$312,00","$0,00"
460,29,2025,Qtr 2,May,26,"$312,00","$0,00"
460,30,2025,Qtr 2,June,2,"$312,00","$0,00"
460,31,2025,Qtr 2,June,9,"$312,00","$0,00"
460,32,2025,Qtr 2,June,16,"$312,00","$0,00"
460,33,2025,Qtr 2,June,23,"$312,00","$0,00"
460,34,2025,Qtr 2,June,30,"$312,00","$0,00"
460,35,2025,Qtr 3,July,7,"$312,00","$0,00"
461,0,2024,Qtr 3,September,5,"$1000,00","$1000,00"
461,1,2024,Qtr 3,September,12,"$369,95","$370,00"
461,2,2024,Qtr 3,September,19,"$369,95","$370,00"
461,3,2024,Qtr 3,September,26,"$369,95","$370,00"
461,4,2024,Qtr 4,October,3,"$369,95","$370,00"
461,5,2024,Qtr 4,October,10,"$369,95","$370,00"
461,6,2024,Qtr 4,October,17,"$369,95","$370,00"
461,7,2024,Qtr 4,October,24,"$369,95","$0,00"
461,8,2024,Qtr 4,October,31,"$369,95","$0,00"
461,9,2024,Qtr 4,November,7,"$369,95","$0,00"
461,10,2024,Qtr 4,November,14,"$369,95","$0,00"
461,11,2024,Qtr 4,November,21,"$369,95","$0,00"
461,12,2024,Qtr 4,November,28,"$369,95","$0,00"
461,13,2024,Qtr 4,December,5,"$369,95","$0,00"
461,14,2024,Qtr 4,December,12,"$369,95","$0,00"
461,15,2024,Qtr 4,December,19,"$369,95","$0,00"
461,16,2024,Qtr 4,December,26,"$369,95","$0,00"
461,17,2025,Qtr 1,January,2,"$369,95","$0,00"
461,18,2025,Qtr 1,January,9,"$369,95","$0,00"
461,19,2025,Qtr 1,January,16,"$369,95","$0,00"
461,20,2025,Qtr 1,January,23,"$369,95","$0,00"
462,0,2024,Qtr 2,June,22,"$799,00","$799,00"
462,1,2024,Qtr 2,June,29,"$320,00","$320,00"
462,2,2024,Qtr 3,July,6,"$320,00","$0,00"
462,3,2024,Qtr 3,July,13,"$320,00","$0,00"
462,4,2024,Qtr 3,July,20,"$320,00","$0,00"
462,5,2024,Qtr 3,July,27,"$320,00","$0,00"
462,6,2024,Qtr 3,August,3,"$320,00","$0,00"
462,7,2024,Qtr 3,August,10,"$320,00","$0,00"
462,8,2024,Qtr 3,August,17,"$320,00","$0,00"
462,9,2024,Qtr 3,August,24,"$320,00","$0,00"
462,10,2024,Qtr 3,August,31,"$320,00","$0,00"
462,11,2024,Qtr 3,September,7,"$320,00","$0,00"
462,12,2024,Qtr 3,September,14,"$320,00","$0,00"
462,13,2024,Qtr 3,September,21,"$320,00","$0,00"
462,14,2024,Qtr 3,September,28,"$320,00","$0,00"
462,15,2024,Qtr 4,October,5,"$320,00","$0,00"
463,0,2024,Qtr 2,June,22,"$799,00","$799,00"
463,1,2024,Qtr 2,June,29,"$320,00","$320,00"
463,2,2024,Qtr 3,July,6,"$320,00","$320,00"
463,3,2024,Qtr 3,July,13,"$320,00","$320,00"
463,4,2024,Qtr 3,July,20,"$320,00","$320,00"
463,5,2024,Qtr 3,July,27,"$320,00","$320,00"
463,6,2024,Qtr 3,August,3,"$320,00","$320,00"
463,7,2024,Qtr 3,August,10,"$320,00","$320,00"
463,8,2024,Qtr 3,August,17,"$320,00","$320,00"
463,9,2024,Qtr 3,August,24,"$320,00","$320,00"
463,10,2024,Qtr 3,August,31,"$320,00","$0,00"
463,11,2024,Qtr 3,September,7,"$320,00","$0,00"
463,12,2024,Qtr 3,September,14,"$320,00","$0,00"
463,13,2024,Qtr 3,September,21,"$320,00","$0,00"
463,14,2024,Qtr 3,September,28,"$320,00","$0,00"
463,15,2024,Qtr 4,October,5,"$320,00","$0,00"
464,0,2024,Qtr 2,June,19,"$1249,00","$1249,00"
464,1,2024,Qtr 2,June,26,"$243,37","$243,00"
464,2,2024,Qtr 3,July,3,"$243,37","$243,00"
464,3,2024,Qtr 3,July,10,"$243,37","$243,00"
464,4,2024,Qtr 3,July,17,"$243,37","$243,00"
464,5,2024,Qtr 3,July,24,"$243,37","$243,00"
464,6,2024,Qtr 3,July,31,"$243,37","$243,00"
464,7,2024,Qtr 3,August,7,"$243,37","$243,00"
464,8,2024,Qtr 3,August,14,"$243,37","$0,00"
464,9,2024,Qtr 3,August,21,"$243,37","$0,00"
464,10,2024,Qtr 3,August,28,"$243,37","$0,00"
464,11,2024,Qtr 3,September,4,"$243,37","$0,00"
464,12,2024,Qtr 3,September,11,"$243,37","$0,00"
464,13,2024,Qtr 3,September,18,"$243,37","$0,00"
464,14,2024,Qtr 3,September,25,"$243,37","$0,00"
464,15,2024,Qtr 4,October,2,"$243,37","$0,00"
464,16,2024,Qtr 4,October,9,"$243,37","$0,00"
464,17,2024,Qtr 4,October,16,"$243,37","$0,00"
464,18,2024,Qtr 4,October,23,"$243,37","$0,00"
464,19,2024,Qtr 4,October,30,"$243,37","$0,00"
464,20,2024,Qtr 4,November,6,"$243,37","$0,00"
464,21,2024,Qtr 4,November,13,"$243,37","$0,00"
464,22,2024,Qtr 4,November,20,"$243,37","$0,00"
464,23,2024,Qtr 4,November,27,"$243,37","$0,00"
464,24,2024,Qtr 4,December,4,"$243,37","$0,00"
464,25,2024,Qtr 4,December,11,"$243,37","$0,00"
464,26,2024,Qtr 4,December,18,"$243,37","$0,00"
464,27,2024,Qtr 4,December,25,"$243,37","$0,00"
464,28,2025,Qtr 1,January,1,"$243,37","$0,00"
464,29,2025,Qtr 1,January,8,"$243,37","$0,00"
464,30,2025,Qtr 1,January,15,"$243,37","$0,00"
464,31,2025,Qtr 1,January,22,"$243,37","$0,00"
464,32,2025,Qtr 1,January,29,"$243,37","$0,00"
464,33,2025,Qtr 1,February,5,"$243,37","$0,00"
464,34,2025,Qtr 1,February,12,"$243,37","$0,00"
464,35,2025,Qtr 1,February,19,"$243,37","$0,00"
464,36,2025,Qtr 1,February,26,"$243,37","$0,00"
464,37,2025,Qtr 1,March,5,"$243,37","$0,00"
464,38,2025,Qtr 1,March,12,"$243,37","$0,00"
464,39,2025,Qtr 1,March,19,"$243,37","$0,00"
464,40,2025,Qtr 1,March,26,"$243,37","$0,00"
464,41,2025,Qtr 2,April,2,"$243,37","$0,00"
464,42,2025,Qtr 2,April,9,"$243,37","$0,00"
464,43,2025,Qtr 2,April,16,"$243,37","$0,00"
465,0,2024,Qtr 2,May,31,"$1200,00","$1200,00"
465,1,2024,Qtr 2,June,7,"$569,90","$569,90"
465,2,2024,Qtr 2,June,14,"$569,90","$569,90"
465,3,2024,Qtr 2,June,21,"$569,90","$0,00"
465,4,2024,Qtr 2,June,28,"$569,90","$0,00"
465,5,2024,Qtr 3,July,5,"$569,90","$0,00"
465,6,2024,Qtr 3,July,12,"$569,90","$0,00"
465,7,2024,Qtr 3,July,19,"$569,90","$0,00"
465,8,2024,Qtr 3,July,26,"$569,90","$0,00"
465,9,2024,Qtr 3,August,2,"$569,90","$0,00"
465,10,2024,Qtr 3,August,9,"$569,90","$0,00"
465,11,2024,Qtr 3,August,16,"$569,90","$0,00"
465,12,2024,Qtr 3,August,23,"$569,90","$0,00"
465,13,2024,Qtr 3,August,30,"$569,90","$0,00"
465,14,2024,Qtr 3,September,6,"$569,90","$0,00"
465,15,2024,Qtr 3,September,13,"$569,90","$0,00"
466,0,2024,Qtr 2,May,29,"$800,00","$800,00"
466,1,2024,Qtr 2,June,5,"$319,90","$320,00"
466,2,2024,Qtr 2,June,12,"$319,90","$320,00"
466,3,2024,Qtr 2,June,19,"$319,90","$320,00"
466,4,2024,Qtr 2,June,26,"$319,90","$320,00"
466,5,2024,Qtr 3,July,3,"$319,90","$320,00"
466,6,2024,Qtr 3,July,10,"$319,90","$0,00"
466,7,2024,Qtr 3,July,17,"$319,90","$0,00"
466,8,2024,Qtr 3,July,24,"$319,90","$0,00"
466,9,2024,Qtr 3,July,31,"$319,90","$0,00"
466,10,2024,Qtr 3,August,7,"$319,90","$0,00"
466,11,2024,Qtr 3,August,14,"$319,90","$0,00"
466,12,2024,Qtr 3,August,21,"$319,90","$0,00"
466,13,2024,Qtr 3,August,28,"$319,90","$0,00"
466,14,2024,Qtr 3,September,4,"$319,90","$0,00"
466,15,2024,Qtr 3,September,11,"$319,90","$0,00"
467,0,2024,Qtr 2,May,28,"$250,00","$250,00"
467,1,2024,Qtr 2,June,4,"$228,81","$229,00"
467,2,2024,Qtr 2,June,11,"$228,81","$229,00"
467,3,2024,Qtr 2,June,18,"$228,81","$229,00"
467,4,2024,Qtr 2,June,25,"$228,81","$229,00"
467,5,2024,Qtr 3,July,2,"$228,81","$229,00"
467,6,2024,Qtr 3,July,9,"$228,81","$229,00"
467,7,2024,Qtr 3,July,16,"$228,81","$229,00"
467,8,2024,Qtr 3,July,23,"$228,81","$229,00"
467,9,2024,Qtr 3,July,30,"$228,81","$229,00"
467,10,2024,Qtr 3,August,6,"$228,81","$229,00"
467,11,2024,Qtr 3,August,13,"$228,81","$229,00"
467,12,2024,Qtr 3,August,20,"$228,81","$229,00"
467,13,2024,Qtr 3,August,27,"$228,81","$229,00"
467,14,2024,Qtr 3,September,3,"$228,81","$229,00"
467,15,2024,Qtr 3,September,10,"$228,81","$229,00"
467,16,2024,Qtr 3,September,17,"$228,81","$229,00"
467,17,2024,Qtr 3,September,24,"$228,81","$0,00"
467,18,2024,Qtr 4,October,1,"$228,81","$0,00"
467,19,2024,Qtr 4,October,8,"$228,81","$0,00"
467,20,2024,Qtr 4,October,15,"$228,81","$0,00"
467,21,2024,Qtr 4,October,22,"$228,81","$0,00"
467,22,2024,Qtr 4,October,29,"$228,81","$0,00"
467,23,2024,Qtr 4,November,5,"$228,81","$0,00"
467,24,2024,Qtr 4,November,12,"$228,81","$0,00"
467,25,2024,Qtr 4,November,19,"$228,81","$0,00"
467,26,2024,Qtr 4,November,26,"$228,81","$0,00"
467,27,2024,Qtr 4,December,3,"$228,81","$0,00"
467,28,2024,Qtr 4,December,10,"$228,81","$0,00"
467,29,2024,Qtr 4,December,17,"$228,81","$0,00"
467,30,2024,Qtr 4,December,24,"$228,81","$0,00"
467,31,2024,Qtr 4,December,31,"$228,81","$0,00"
467,32,2025,Qtr 1,January,7,"$228,81","$0,00"
467,33,2025,Qtr 1,January,14,"$228,81","$0,00"
467,34,2025,Qtr 1,January,21,"$228,81","$0,00"
467,35,2025,Qtr 1,January,28,"$228,81","$0,00"
468,0,2024,Qtr 2,May,28,"$250,00","$250,00"
468,1,2024,Qtr 2,June,4,"$228,81","$229,00"
468,2,2024,Qtr 2,June,11,"$228,81","$229,00"
468,3,2024,Qtr 2,June,18,"$228,81","$229,00"
468,4,2024,Qtr 2,June,25,"$228,81","$229,00"
468,5,2024,Qtr 3,July,2,"$228,81","$229,00"
468,6,2024,Qtr 3,July,9,"$228,81","$229,00"
468,7,2024,Qtr 3,July,16,"$228,81","$229,00"
468,8,2024,Qtr 3,July,23,"$228,81","$229,00"
468,9,2024,Qtr 3,July,30,"$228,81","$229,00"
468,10,2024,Qtr 3,August,6,"$228,81","$229,00"
468,11,2024,Qtr 3,August,13,"$228,81","$229,00"
468,12,2024,Qtr 3,August,20,"$228,81","$229,00"
468,13,2024,Qtr 3,August,27,"$228,81","$229,00"
468,14,2024,Qtr 3,September,3,"$228,81","$229,00"
468,15,2024,Qtr 3,September,10,"$228,81","$229,00"
468,16,2024,Qtr 3,September,17,"$228,81","$229,00"
468,17,2024,Qtr 3,September,24,"$228,81","$0,00"
468,18,2024,Qtr 4,October,1,"$228,81","$0,00"
468,19,2024,Qtr 4,October,8,"$228,81","$0,00"
468,20,2024,Qtr 4,October,15,"$228,81","$0,00"
468,21,2024,Qtr 4,October,22,"$228,81","$0,00"
468,22,2024,Qtr 4,October,29,"$228,81","$0,00"
468,23,2024,Qtr 4,November,5,"$228,81","$0,00"
468,24,2024,Qtr 4,November,12,"$228,81","$0,00"
468,25,2024,Qtr 4,November,19,"$228,81","$0,00"
468,26,2024,Qtr 4,November,26,"$228,81","$0,00"
468,27,2024,Qtr 4,December,3,"$228,81","$0,00"
468,28,2024,Qtr 4,December,10,"$228,81","$0,00"
468,29,2024,Qtr 4,December,17,"$228,81","$0,00"
468,30,2024,Qtr 4,December,24,"$228,81","$0,00"
468,31,2024,Qtr 4,December,31,"$228,81","$0,00"
468,32,2025,Qtr 1,January,7,"$228,81","$0,00"
468,33,2025,Qtr 1,January,14,"$228,81","$0,00"
468,34,2025,Qtr 1,January,21,"$228,81","$0,00"
468,35,2025,Qtr 1,January,28,"$228,81","$0,00"
469,0,2024,Qtr 2,May,13,"$0,00","$0,00"
469,1,2024,Qtr 2,May,20,"$525,00","$525,00"
469,2,2024,Qtr 2,May,27,"$525,00","$525,00"
469,3,2024,Qtr 2,June,3,"$525,00","$525,00"
469,4,2024,Qtr 2,June,10,"$525,00","$525,00"
469,5,2024,Qtr 2,June,17,"$525,00","$525,00"
469,6,2024,Qtr 2,June,24,"$525,00","$0,00"
469,7,2024,Qtr 3,July,1,"$525,00","$0,00"
469,8,2024,Qtr 3,July,8,"$525,00","$0,00"
469,9,2024,Qtr 3,July,15,"$525,00","$0,00"
469,10,2024,Qtr 3,July,22,"$525,00","$0,00"
469,11,2024,Qtr 3,July,29,"$525,00","$0,00"
469,12,2024,Qtr 3,August,5,"$525,00","$0,00"
469,13,2024,Qtr 3,August,12,"$525,00","$0,00"
469,14,2024,Qtr 3,August,19,"$525,00","$0,00"
469,15,2024,Qtr 3,August,26,"$525,00","$0,00"
469,16,2024,Qtr 3,September,2,"$525,00","$0,00"
469,17,2024,Qtr 3,September,9,"$525,00","$0,00"
469,18,2024,Qtr 3,September,16,"$525,00","$0,00"
469,19,2024,Qtr 3,September,23,"$525,00","$0,00"
469,20,2024,Qtr 3,September,30,"$525,00","$0,00"
470,0,2024,Qtr 2,May,10,"$799,00","$799,00"
470,1,2024,Qtr 2,May,17,"$320,00","$320,00"
470,2,2024,Qtr 2,May,24,"$320,00","$320,00"
470,3,2024,Qtr 2,May,31,"$320,00","$320,00"
470,4,2024,Qtr 2,June,7,"$320,00","$320,00"
470,5,2024,Qtr 2,June,14,"$320,00","$0,00"
470,6,2024,Qtr 2,June,21,"$320,00","$0,00"
470,7,2024,Qtr 2,June,28,"$320,00","$0,00"
470,8,2024,Qtr 3,July,5,"$320,00","$0,00"
470,9,2024,Qtr 3,July,12,"$320,00","$0,00"
470,10,2024,Qtr 3,July,19,"$320,00","$0,00"
470,11,2024,Qtr 3,July,26,"$320,00","$0,00"
470,12,2024,Qtr 3,August,2,"$320,00","$0,00"
470,13,2024,Qtr 3,August,9,"$320,00","$0,00"
470,14,2024,Qtr 3,August,16,"$320,00","$0,00"
470,15,2024,Qtr 3,August,23,"$320,00","$0,00"
472,0,2024,Qtr 3,September,4,"$499,00","$499,00"
472,1,2024,Qtr 3,September,11,"$198,00","$200,00"
472,2,2024,Qtr 3,September,18,"$198,00","$200,00"
472,3,2024,Qtr 3,September,25,"$198,00","$200,00"
472,4,2024,Qtr 4,October,2,"$198,00","$200,00"
472,5,2024,Qtr 4,October,9,"$198,00","$0,00"
472,6,2024,Qtr 4,October,16,"$198,00","$0,00"
472,7,2024,Qtr 4,October,23,"$198,00","$0,00"
472,8,2024,Qtr 4,October,30,"$198,00","$0,00"
472,9,2024,Qtr 4,November,6,"$198,00","$0,00"
472,10,2024,Qtr 4,November,13,"$198,00","$0,00"
472,11,2024,Qtr 4,November,20,"$198,00","$0,00"
472,12,2024,Qtr 4,November,27,"$198,00","$0,00"
472,13,2024,Qtr 4,December,4,"$198,00","$0,00"
472,14,2024,Qtr 4,December,11,"$198,00","$0,00"
472,15,2024,Qtr 4,December,18,"$198,00","$0,00"
472,16,2024,Qtr 4,December,25,"$198,00","$0,00"
472,17,2025,Qtr 1,January,1,"$198,00","$0,00"
472,18,2025,Qtr 1,January,8,"$198,00","$0,00"
472,19,2025,Qtr 1,January,15,"$198,00","$0,00"
472,20,2025,Qtr 1,January,22,"$198,00","$0,00"
472,21,2025,Qtr 1,January,29,"$198,00","$0,00"
472,22,2025,Qtr 1,February,5,"$198,00","$0,00"
472,23,2025,Qtr 1,February,12,"$198,00","$0,00"
472,24,2025,Qtr 1,February,19,"$198,00","$0,00"
472,25,2025,Qtr 1,February,26,"$198,00","$0,00"
472,26,2025,Qtr 1,March,5,"$198,00","$0,00"
472,27,2025,Qtr 1,March,12,"$198,00","$0,00"
472,28,2025,Qtr 1,March,19,"$198,00","$0,00"
472,29,2025,Qtr 1,March,26,"$198,00","$0,00"
472,30,2025,Qtr 2,April,2,"$198,00","$0,00"
472,31,2025,Qtr 2,April,9,"$198,00","$0,00"
472,32,2025,Qtr 2,April,16,"$198,00","$0,00"
472,33,2025,Qtr 2,April,23,"$198,00","$0,00"
472,34,2025,Qtr 2,April,30,"$198,00","$0,00"
472,35,2025,Qtr 2,May,7,"$198,00","$0,00"
473,0,2024,Qtr 3,September,4,"$499,00","$499,00"
473,1,2024,Qtr 3,September,11,"$198,00","$200,00"
473,2,2024,Qtr 3,September,18,"$198,00","$200,00"
473,3,2024,Qtr 3,September,25,"$198,00","$200,00"
473,4,2024,Qtr 4,October,2,"$198,00","$0,00"
473,5,2024,Qtr 4,October,9,"$198,00","$0,00"
473,6,2024,Qtr 4,October,16,"$198,00","$0,00"
473,7,2024,Qtr 4,October,23,"$198,00","$0,00"
473,8,2024,Qtr 4,October,30,"$198,00","$0,00"
473,9,2024,Qtr 4,November,6,"$198,00","$0,00"
473,10,2024,Qtr 4,November,13,"$198,00","$0,00"
473,11,2024,Qtr 4,November,20,"$198,00","$0,00"
473,12,2024,Qtr 4,November,27,"$198,00","$0,00"
473,13,2024,Qtr 4,December,4,"$198,00","$0,00"
473,14,2024,Qtr 4,December,11,"$198,00","$0,00"
473,15,2024,Qtr 4,December,18,"$198,00","$0,00"
473,16,2024,Qtr 4,December,25,"$198,00","$0,00"
473,17,2025,Qtr 1,January,1,"$198,00","$0,00"
473,18,2025,Qtr 1,January,8,"$198,00","$0,00"
473,19,2025,Qtr 1,January,15,"$198,00","$0,00"
473,20,2025,Qtr 1,January,22,"$198,00","$0,00"
473,21,2025,Qtr 1,January,29,"$198,00","$0,00"
473,22,2025,Qtr 1,February,5,"$198,00","$0,00"
473,23,2025,Qtr 1,February,12,"$198,00","$0,00"
473,24,2025,Qtr 1,February,19,"$198,00","$0,00"
473,25,2025,Qtr 1,February,26,"$198,00","$0,00"
473,26,2025,Qtr 1,March,5,"$198,00","$0,00"
473,27,2025,Qtr 1,March,12,"$198,00","$0,00"
473,28,2025,Qtr 1,March,19,"$198,00","$0,00"
473,29,2025,Qtr 1,March,26,"$198,00","$0,00"
473,30,2025,Qtr 2,April,2,"$198,00","$0,00"
473,31,2025,Qtr 2,April,9,"$198,00","$0,00"
473,32,2025,Qtr 2,April,16,"$198,00","$0,00"
473,33,2025,Qtr 2,April,23,"$198,00","$0,00"
473,34,2025,Qtr 2,April,30,"$198,00","$0,00"
473,35,2025,Qtr 2,May,7,"$198,00","$0,00"
474,0,2024,Qtr 3,September,1,"$1000,00","$1000,00"
474,1,2024,Qtr 3,September,8,"$309,95","$310,00"
474,2,2024,Qtr 3,September,15,"$309,95","$310,00"
474,3,2024,Qtr 3,September,22,"$309,95","$310,00"
474,4,2024,Qtr 3,September,29,"$309,95","$310,00"
474,5,2024,Qtr 4,October,6,"$309,95","$0,00"
474,6,2024,Qtr 4,October,13,"$309,95","$0,00"
474,7,2024,Qtr 4,October,20,"$309,95","$0,00"
474,8,2024,Qtr 4,October,27,"$309,95","$0,00"
474,9,2024,Qtr 4,November,3,"$309,95","$0,00"
474,10,2024,Qtr 4,November,10,"$309,95","$0,00"
474,11,2024,Qtr 4,November,17,"$309,95","$0,00"
474,12,2024,Qtr 4,November,24,"$309,95","$0,00"
474,13,2024,Qtr 4,December,1,"$309,95","$0,00"
474,14,2024,Qtr 4,December,8,"$309,95","$0,00"
474,15,2024,Qtr 4,December,15,"$309,95","$0,00"
474,16,2024,Qtr 4,December,22,"$309,95","$0,00"
474,17,2024,Qtr 4,December,29,"$309,95","$0,00"
474,18,2025,Qtr 1,January,5,"$309,95","$0,00"
474,19,2025,Qtr 1,January,12,"$309,95","$0,00"
474,20,2025,Qtr 1,January,19,"$309,95","$0,00"
475,0,2024,Qtr 3,August,27,"$748,00","$748,00"
475,1,2024,Qtr 3,September,3,"$270,12","$270,00"
475,2,2024,Qtr 3,September,10,"$270,12","$270,00"
475,3,2024,Qtr 3,September,17,"$270,12","$270,00"
475,4,2024,Qtr 3,September,24,"$270,12","$270,00"
475,5,2024,Qtr 4,October,1,"$270,12","$270,00"
475,6,2024,Qtr 4,October,8,"$270,12","$270,00"
475,7,2024,Qtr 4,October,15,"$270,12","$270,00"
475,8,2024,Qtr 4,October,22,"$270,12","$270,00"
475,9,2024,Qtr 4,October,29,"$270,12","$270,00"
475,10,2024,Qtr 4,November,5,"$270,12","$270,00"
475,11,2024,Qtr 4,November,12,"$270,12","$270,00"
475,12,2024,Qtr 4,November,19,"$270,12","$270,00"
475,13,2024,Qtr 4,November,26,"$270,12","$270,00"
475,14,2024,Qtr 4,December,3,"$270,12","$0,00"
475,15,2024,Qtr 4,December,10,"$270,12","$0,00"
475,16,2024,Qtr 4,December,17,"$270,12","$0,00"
475,17,2024,Qtr 4,December,24,"$270,12","$0,00"
475,18,2024,Qtr 4,December,31,"$270,12","$0,00"
475,19,2025,Qtr 1,January,7,"$270,12","$0,00"
475,20,2025,Qtr 1,January,14,"$270,12","$0,00"
475,21,2025,Qtr 1,January,21,"$270,12","$0,00"
475,22,2025,Qtr 1,January,28,"$270,12","$0,00"
475,23,2025,Qtr 1,February,4,"$270,12","$0,00"
475,24,2025,Qtr 1,February,11,"$270,12","$0,00"
475,25,2025,Qtr 1,February,18,"$270,12","$0,00"
475,26,2025,Qtr 1,February,25,"$270,12","$0,00"
475,27,2025,Qtr 1,March,4,"$270,12","$0,00"
475,28,2025,Qtr 1,March,11,"$270,12","$0,00"
475,29,2025,Qtr 1,March,18,"$270,12","$0,00"
475,30,2025,Qtr 1,March,25,"$270,12","$0,00"
475,31,2025,Qtr 2,April,1,"$270,12","$0,00"
475,32,2025,Qtr 2,April,8,"$270,12","$0,00"
475,33,2025,Qtr 2,April,15,"$270,12","$0,00"
475,34,2025,Qtr 2,April,22,"$270,12","$0,00"
475,35,2025,Qtr 2,April,29,"$270,12","$0,00"
475,36,2025,Qtr 2,May,6,"$270,12","$0,00"
475,37,2025,Qtr 2,May,13,"$270,12","$0,00"
475,38,2025,Qtr 2,May,20,"$270,12","$0,00"
475,39,2025,Qtr 2,May,27,"$270,12","$0,00"
475,40,2025,Qtr 2,June,3,"$270,12","$0,00"
475,41,2025,Qtr 2,June,10,"$270,12","$0,00"
475,42,2025,Qtr 2,June,17,"$270,12","$0,00"
475,43,2025,Qtr 2,June,24,"$270,12","$0,00"
476,0,2024,Qtr 3,August,17,"$999,00","$999,00"
476,1,2024,Qtr 3,August,24,"$224,65","$224,65"
476,2,2024,Qtr 3,August,31,"$224,65","$225,00"
476,3,2024,Qtr 3,September,7,"$224,65","$225,00"
476,4,2024,Qtr 3,September,14,"$224,65","$225,00"
476,5,2024,Qtr 3,September,21,"$224,65","$225,00"
476,6,2024,Qtr 3,September,28,"$224,65","$225,00"
476,7,2024,Qtr 4,October,5,"$224,65","$225,00"
476,8,2024,Qtr 4,October,12,"$224,65","$225,00"
476,9,2024,Qtr 4,October,19,"$224,65","$225,00"
476,10,2024,Qtr 4,October,26,"$224,65","$0,00"
476,11,2024,Qtr 4,November,2,"$224,65","$0,00"
476,12,2024,Qtr 4,November,9,"$224,65","$0,00"
476,13,2024,Qtr 4,November,16,"$224,65","$0,00"
476,14,2024,Qtr 4,November,23,"$224,65","$0,00"
476,15,2024,Qtr 4,November,30,"$224,65","$0,00"
476,16,2024,Qtr 4,December,7,"$224,65","$0,00"
476,17,2024,Qtr 4,December,14,"$224,65","$0,00"
476,18,2024,Qtr 4,December,21,"$224,65","$0,00"
476,19,2024,Qtr 4,December,28,"$224,65","$0,00"
476,20,2025,Qtr 1,January,4,"$224,65","$0,00"
476,21,2025,Qtr 1,January,11,"$224,65","$0,00"
476,22,2025,Qtr 1,January,18,"$224,65","$0,00"
476,23,2025,Qtr 1,January,25,"$224,65","$0,00"
476,24,2025,Qtr 1,February,1,"$224,65","$0,00"
476,25,2025,Qtr 1,February,8,"$224,65","$0,00"
476,26,2025,Qtr 1,February,15,"$224,65","$0,00"
476,27,2025,Qtr 1,February,22,"$224,65","$0,00"
476,28,2025,Qtr 1,March,1,"$224,65","$0,00"
476,29,2025,Qtr 1,March,8,"$224,65","$0,00"
476,30,2025,Qtr 1,March,15,"$224,65","$0,00"
476,31,2025,Qtr 1,March,22,"$224,65","$0,00"
476,32,2025,Qtr 1,March,29,"$224,65","$0,00"
476,33,2025,Qtr 2,April,5,"$224,65","$0,00"
476,34,2025,Qtr 2,April,12,"$224,65","$0,00"
476,35,2025,Qtr 2,April,19,"$224,65","$0,00"
476,36,2025,Qtr 2,April,26,"$224,65","$0,00"
476,37,2025,Qtr 2,May,3,"$224,65","$0,00"
476,38,2025,Qtr 2,May,10,"$224,65","$0,00"
476,39,2025,Qtr 2,May,17,"$224,65","$0,00"
476,40,2025,Qtr 2,May,24,"$224,65","$0,00"
476,41,2025,Qtr 2,May,31,"$224,65","$0,00"
476,42,2025,Qtr 2,June,7,"$224,65","$0,00"
476,43,2025,Qtr 2,June,14,"$224,65","$0,00"
477,0,2024,Qtr 3,August,12,"$799,00","$799,00"
477,1,2024,Qtr 3,August,19,"$233,85","$233,00"
477,2,2024,Qtr 3,August,26,"$233,85","$233,00"
477,3,2024,Qtr 3,September,2,"$233,85","$233,00"
477,4,2024,Qtr 3,September,9,"$233,85","$233,00"
477,5,2024,Qtr 3,September,16,"$233,85","$233,00"
477,6,2024,Qtr 3,September,23,"$233,85","$233,00"
477,7,2024,Qtr 3,September,30,"$233,85","$233,00"
477,8,2024,Qtr 4,October,7,"$233,85","$0,00"
477,9,2024,Qtr 4,October,14,"$233,85","$0,00"
477,10,2024,Qtr 4,October,21,"$233,85","$0,00"
477,11,2024,Qtr 4,October,28,"$233,85","$0,00"
477,12,2024,Qtr 4,November,4,"$233,85","$0,00"
477,13,2024,Qtr 4,November,11,"$233,85","$0,00"
477,14,2024,Qtr 4,November,18,"$233,85","$0,00"
477,15,2024,Qtr 4,November,25,"$233,85","$0,00"
477,16,2024,Qtr 4,December,2,"$233,85","$0,00"
477,17,2024,Qtr 4,December,9,"$233,85","$0,00"
477,18,2024,Qtr 4,December,16,"$233,85","$0,00"
477,19,2024,Qtr 4,December,23,"$233,85","$0,00"
477,20,2024,Qtr 4,December,30,"$233,85","$0,00"
477,21,2025,Qtr 1,January,6,"$233,85","$0,00"
477,22,2025,Qtr 1,January,13,"$233,85","$0,00"
477,23,2025,Qtr 1,January,20,"$233,85","$0,00"
477,24,2025,Qtr 1,January,27,"$233,85","$0,00"
477,25,2025,Qtr 1,February,3,"$233,85","$0,00"
477,26,2025,Qtr 1,February,10,"$233,85","$0,00"
478,0,2024,Qtr 3,August,10,"$1499,00","$1499,00"
478,1,2024,Qtr 3,August,17,"$304,88","$304,88"
478,2,2024,Qtr 3,August,24,"$304,88","$304,88"
478,3,2024,Qtr 3,August,31,"$304,88","$304,88"
478,4,2024,Qtr 3,September,7,"$304,88","$305,00"
478,5,2024,Qtr 3,September,14,"$304,88","$305,00"
478,6,2024,Qtr 3,September,21,"$304,88","$305,00"
478,7,2024,Qtr 3,September,28,"$304,88","$305,00"
478,8,2024,Qtr 4,October,5,"$304,88","$305,00"
478,9,2024,Qtr 4,October,12,"$304,88","$0,00"
478,10,2024,Qtr 4,October,19,"$304,88","$0,00"
478,11,2024,Qtr 4,October,26,"$304,88","$0,00"
478,12,2024,Qtr 4,November,2,"$304,88","$0,00"
478,13,2024,Qtr 4,November,9,"$304,88","$0,00"
478,14,2024,Qtr 4,November,16,"$304,88","$0,00"
478,15,2024,Qtr 4,November,23,"$304,88","$0,00"
478,16,2024,Qtr 4,November,30,"$304,88","$0,00"
478,17,2024,Qtr 4,December,7,"$304,88","$0,00"
478,18,2024,Qtr 4,December,14,"$304,88","$0,00"
478,19,2024,Qtr 4,December,21,"$304,88","$0,00"
478,20,2024,Qtr 4,December,28,"$304,88","$0,00"
478,21,2025,Qtr 1,January,4,"$304,88","$0,00"
478,22,2025,Qtr 1,January,11,"$304,88","$0,00"
478,23,2025,Qtr 1,January,18,"$304,88","$0,00"
478,24,2025,Qtr 1,January,25,"$304,88","$0,00"
478,25,2025,Qtr 1,February,1,"$304,88","$0,00"
478,26,2025,Qtr 1,February,8,"$304,88","$0,00"
478,27,2025,Qtr 1,February,15,"$304,88","$0,00"
478,28,2025,Qtr 1,February,22,"$304,88","$0,00"
478,29,2025,Qtr 1,March,1,"$304,88","$0,00"
478,30,2025,Qtr 1,March,8,"$304,88","$0,00"
478,31,2025,Qtr 1,March,15,"$304,88","$0,00"
478,32,2025,Qtr 1,March,22,"$304,88","$0,00"
478,33,2025,Qtr 1,March,29,"$304,88","$0,00"
478,34,2025,Qtr 2,April,5,"$304,88","$0,00"
478,35,2025,Qtr 2,April,12,"$304,88","$0,00"
478,36,2025,Qtr 2,April,19,"$304,88","$0,00"
478,37,2025,Qtr 2,April,26,"$304,88","$0,00"
478,38,2025,Qtr 2,May,3,"$304,88","$0,00"
478,39,2025,Qtr 2,May,10,"$304,88","$0,00"
478,40,2025,Qtr 2,May,17,"$304,88","$0,00"
478,41,2025,Qtr 2,May,24,"$304,88","$0,00"
478,42,2025,Qtr 2,May,31,"$304,88","$0,00"
478,43,2025,Qtr 2,June,7,"$304,88","$0,00"
479,0,2024,Qtr 3,August,9,"$799,00","$799,00"
479,1,2024,Qtr 3,August,16,"$320,00","$320,00"
479,2,2024,Qtr 3,August,23,"$320,00","$320,00"
479,3,2024,Qtr 3,August,30,"$320,00","$320,00"
479,4,2024,Qtr 3,September,6,"$320,00","$320,00"
479,5,2024,Qtr 3,September,13,"$320,00","$320,00"
479,6,2024,Qtr 3,September,20,"$320,00","$320,00"
479,7,2024,Qtr 3,September,27,"$320,00","$320,00"
479,8,2024,Qtr 4,October,4,"$320,00","$320,00"
479,9,2024,Qtr 4,October,11,"$320,00","$0,00"
479,10,2024,Qtr 4,October,18,"$320,00","$0,00"
479,11,2024,Qtr 4,October,25,"$320,00","$0,00"
479,12,2024,Qtr 4,November,1,"$320,00","$0,00"
479,13,2024,Qtr 4,November,8,"$320,00","$0,00"
479,14,2024,Qtr 4,November,15,"$320,00","$0,00"
479,15,2024,Qtr 4,November,22,"$320,00","$0,00"
480,0,2024,Qtr 3,August,9,"$799,00","$799,00"
480,1,2024,Qtr 3,August,16,"$233,85","$250,00"
480,2,2024,Qtr 3,August,23,"$233,85","$250,00"
480,3,2024,Qtr 3,August,30,"$233,85","$250,00"
480,4,2024,Qtr 3,September,6,"$233,85","$250,00"
480,5,2024,Qtr 3,September,13,"$233,85","$0,00"
480,6,2024,Qtr 3,September,20,"$233,85","$0,00"
480,7,2024,Qtr 3,September,27,"$233,85","$0,00"
480,8,2024,Qtr 4,October,4,"$233,85","$0,00"
480,9,2024,Qtr 4,October,11,"$233,85","$0,00"
480,10,2024,Qtr 4,October,18,"$233,85","$0,00"
480,11,2024,Qtr 4,October,25,"$233,85","$0,00"
480,12,2024,Qtr 4,November,1,"$233,85","$0,00"
480,13,2024,Qtr 4,November,8,"$233,85","$0,00"
480,14,2024,Qtr 4,November,15,"$233,85","$0,00"
480,15,2024,Qtr 4,November,22,"$233,85","$0,00"
480,16,2024,Qtr 4,November,29,"$233,85","$0,00"
480,17,2024,Qtr 4,December,6,"$233,85","$0,00"
480,18,2024,Qtr 4,December,13,"$233,85","$0,00"
480,19,2024,Qtr 4,December,20,"$233,85","$0,00"
480,20,2024,Qtr 4,December,27,"$233,85","$0,00"
480,21,2025,Qtr 1,January,3,"$233,85","$0,00"
480,22,2025,Qtr 1,January,10,"$233,85","$0,00"
480,23,2025,Qtr 1,January,17,"$233,85","$0,00"
480,24,2025,Qtr 1,January,24,"$233,85","$0,00"
480,25,2025,Qtr 1,January,31,"$233,85","$0,00"
480,26,2025,Qtr 1,February,7,"$233,85","$0,00"
481,0,2024,Qtr 3,August,8,"$799,00","$799,00"
481,1,2024,Qtr 3,August,15,"$171,16","$172,00"
481,2,2024,Qtr 3,August,22,"$171,16","$172,00"
481,3,2024,Qtr 3,August,29,"$171,16","$172,00"
481,4,2024,Qtr 3,September,5,"$171,16","$172,00"
481,5,2024,Qtr 3,September,12,"$171,16","$172,00"
481,6,2024,Qtr 3,September,19,"$171,16","$172,00"
481,7,2024,Qtr 3,September,26,"$171,16","$172,00"
481,8,2024,Qtr 4,October,3,"$171,16","$172,00"
481,9,2024,Qtr 4,October,10,"$171,16","$172,00"
481,10,2024,Qtr 4,October,17,"$171,16","$172,00"
481,11,2024,Qtr 4,October,24,"$171,16","$172,00"
481,12,2024,Qtr 4,October,31,"$171,16","$172,00"
481,13,2024,Qtr 4,November,7,"$171,16","$172,00"
481,14,2024,Qtr 4,November,14,"$171,16","$172,00"
481,15,2024,Qtr 4,November,21,"$171,16","$172,00"
481,16,2024,Qtr 4,November,28,"$171,16","$0,00"
481,17,2024,Qtr 4,December,5,"$171,16","$0,00"
481,18,2024,Qtr 4,December,12,"$171,16","$0,00"
481,19,2024,Qtr 4,December,19,"$171,16","$0,00"
481,20,2024,Qtr 4,December,26,"$171,16","$0,00"
481,21,2025,Qtr 1,January,2,"$171,16","$0,00"
481,22,2025,Qtr 1,January,9,"$171,16","$0,00"
481,23,2025,Qtr 1,January,16,"$171,16","$0,00"
481,24,2025,Qtr 1,January,23,"$171,16","$0,00"
481,25,2025,Qtr 1,January,30,"$171,16","$0,00"
481,26,2025,Qtr 1,February,6,"$171,16","$0,00"
481,27,2025,Qtr 1,February,13,"$171,16","$0,00"
481,28,2025,Qtr 1,February,20,"$171,16","$0,00"
481,29,2025,Qtr 1,February,27,"$171,16","$0,00"
481,30,2025,Qtr 1,March,6,"$171,16","$0,00"
481,31,2025,Qtr 1,March,13,"$171,16","$0,00"
481,32,2025,Qtr 1,March,20,"$171,16","$0,00"
481,33,2025,Qtr 1,March,27,"$171,16","$0,00"
481,34,2025,Qtr 2,April,3,"$171,16","$0,00"
481,35,2025,Qtr 2,April,10,"$171,16","$0,00"
481,36,2025,Qtr 2,April,17,"$171,16","$0,00"
481,37,2025,Qtr 2,April,24,"$171,16","$0,00"
481,38,2025,Qtr 2,May,1,"$171,16","$0,00"
481,39,2025,Qtr 2,May,8,"$171,16","$0,00"
481,40,2025,Qtr 2,May,15,"$171,16","$0,00"
481,41,2025,Qtr 2,May,22,"$171,16","$0,00"
481,42,2025,Qtr 2,May,29,"$171,16","$0,00"
481,43,2025,Qtr 2,June,5,"$171,16","$0,00"
482,0,2024,Qtr 3,August,3,"$568,00","$568,00"
482,1,2024,Qtr 3,August,10,"$301,19","$302,00"
482,2,2024,Qtr 3,August,17,"$301,19","$302,00"
482,3,2024,Qtr 3,August,24,"$301,19","$302,00"
482,4,2024,Qtr 3,August,31,"$301,19","$302,00"
482,5,2024,Qtr 3,September,7,"$301,19","$302,00"
482,6,2024,Qtr 3,September,14,"$301,19","$302,00"
482,7,2024,Qtr 3,September,21,"$301,19","$302,00"
482,8,2024,Qtr 3,September,28,"$301,19","$302,00"
482,9,2024,Qtr 4,October,5,"$301,19","$302,00"
482,10,2024,Qtr 4,October,12,"$301,19","$302,00"
482,11,2024,Qtr 4,October,19,"$301,19","$302,00"
482,12,2024,Qtr 4,October,26,"$301,19","$302,00"
482,13,2024,Qtr 4,November,2,"$301,19","$302,00"
482,14,2024,Qtr 4,November,9,"$301,19","$302,00"
482,15,2024,Qtr 4,November,16,"$301,19","$302,00"
482,16,2024,Qtr 4,November,23,"$301,19","$302,00"
482,17,2024,Qtr 4,November,30,"$301,19","$302,00"
482,18,2024,Qtr 4,December,7,"$301,19","$302,00"
482,19,2024,Qtr 4,December,14,"$301,19","$302,00"
482,20,2024,Qtr 4,December,21,"$301,19","$302,00"
482,21,2024,Qtr 4,December,28,"$301,19","$302,00"
482,22,2025,Qtr 1,January,4,"$301,19","$302,00"
482,23,2025,Qtr 1,January,11,"$301,19","$302,00"
482,24,2025,Qtr 1,January,18,"$301,19","$302,00"
482,25,2025,Qtr 1,January,25,"$301,19","$0,00"
482,26,2025,Qtr 1,February,1,"$301,19","$0,00"
482,27,2025,Qtr 1,February,8,"$301,19","$0,00"
482,28,2025,Qtr 1,February,15,"$301,19","$0,00"
482,29,2025,Qtr 1,February,22,"$301,19","$0,00"
482,30,2025,Qtr 1,March,1,"$301,19","$0,00"
482,31,2025,Qtr 1,March,8,"$301,19","$0,00"
482,32,2025,Qtr 1,March,15,"$301,19","$0,00"
482,33,2025,Qtr 1,March,22,"$301,19","$0,00"
482,34,2025,Qtr 1,March,29,"$301,19","$0,00"
482,35,2025,Qtr 2,April,5,"$301,19","$0,00"
482,36,2025,Qtr 2,April,12,"$301,19","$0,00"
482,37,2025,Qtr 2,April,19,"$301,19","$0,00"
482,38,2025,Qtr 2,April,26,"$301,19","$0,00"
482,39,2025,Qtr 2,May,3,"$301,19","$0,00"
482,40,2025,Qtr 2,May,10,"$301,19","$0,00"
482,41,2025,Qtr 2,May,17,"$301,19","$0,00"
482,42,2025,Qtr 2,May,24,"$301,19","$0,00"
482,43,2025,Qtr 2,May,31,"$301,19","$0,00"
484,0,2025,Qtr 1,January,2,"$1250,00","$1250,00"
484,1,2025,Qtr 1,January,9,"$317,81","$318,00"
484,2,2025,Qtr 1,January,16,"$317,81","$318,00"
484,3,2025,Qtr 1,January,23,"$317,81","$318,00"
484,4,2025,Qtr 1,January,30,"$317,81","$318,00"
484,5,2025,Qtr 1,February,6,"$317,81","$318,00"
484,6,2025,Qtr 1,February,13,"$317,81","$318,00"
484,7,2025,Qtr 1,February,20,"$317,81","$318,00"
484,8,2025,Qtr 1,February,27,"$317,81","$318,00"
484,9,2025,Qtr 1,March,6,"$317,81","$318,00"
484,10,2025,Qtr 1,March,13,"$317,81","$318,00"
484,11,2025,Qtr 1,March,20,"$317,81","$318,00"
484,12,2025,Qtr 1,March,27,"$317,81","$318,00"
484,13,2025,Qtr 2,April,3,"$317,81","$0,00"
484,14,2025,Qtr 2,April,10,"$317,81","$0,00"
484,15,2025,Qtr 2,April,17,"$317,81","$0,00"
484,16,2025,Qtr 2,April,24,"$317,81","$0,00"
484,17,2025,Qtr 2,May,1,"$317,81","$0,00"
484,18,2025,Qtr 2,May,8,"$317,81","$0,00"
484,19,2025,Qtr 2,May,15,"$317,81","$0,00"
484,20,2025,Qtr 2,May,22,"$317,81","$0,00"
484,21,2025,Qtr 2,May,29,"$317,81","$0,00"
484,22,2025,Qtr 2,June,5,"$317,81","$0,00"
484,23,2025,Qtr 2,June,12,"$317,81","$0,00"
484,24,2025,Qtr 2,June,19,"$317,81","$0,00"
484,25,2025,Qtr 2,June,26,"$317,81","$0,00"
484,26,2025,Qtr 3,July,3,"$317,81","$0,00"
487,0,2025,Qtr 1,January,3,"$799,00","$799,00"
487,1,2025,Qtr 1,January,10,"$192,00","$192,00"
487,2,2025,Qtr 1,January,17,"$192,00","$192,00"
487,3,2025,Qtr 1,January,24,"$192,00","$192,00"
487,4,2025,Qtr 1,January,31,"$192,00","$192,00"
487,5,2025,Qtr 1,February,7,"$192,00","$192,00"
487,6,2025,Qtr 1,February,14,"$192,00","$192,00"
487,7,2025,Qtr 1,February,21,"$192,00","$192,00"
487,8,2025,Qtr 1,February,28,"$192,00","$192,00"
487,9,2025,Qtr 1,March,7,"$192,00","$192,00"
487,10,2025,Qtr 1,March,14,"$192,00","$0,00"
487,11,2025,Qtr 1,March,21,"$192,00","$0,00"
487,12,2025,Qtr 1,March,28,"$192,00","$0,00"
487,13,2025,Qtr 2,April,4,"$192,00","$0,00"
487,14,2025,Qtr 2,April,11,"$192,00","$0,00"
487,15,2025,Qtr 2,April,18,"$192,00","$0,00"
487,16,2025,Qtr 2,April,25,"$192,00","$0,00"
487,17,2025,Qtr 2,May,2,"$192,00","$0,00"
487,18,2025,Qtr 2,May,9,"$192,00","$0,00"
487,19,2025,Qtr 2,May,16,"$192,00","$0,00"
487,20,2025,Qtr 2,May,23,"$192,00","$0,00"
487,21,2025,Qtr 2,May,30,"$192,00","$0,00"
487,22,2025,Qtr 2,June,6,"$192,00","$0,00"
487,23,2025,Qtr 2,June,13,"$192,00","$0,00"
487,24,2025,Qtr 2,June,20,"$192,00","$0,00"
487,25,2025,Qtr 2,June,27,"$192,00","$0,00"
487,26,2025,Qtr 3,July,4,"$192,00","$0,00"
487,27,2025,Qtr 3,July,11,"$192,00","$0,00"
487,28,2025,Qtr 3,July,18,"$192,00","$0,00"
487,29,2025,Qtr 3,July,25,"$192,00","$0,00"
487,30,2025,Qtr 3,August,1,"$192,00","$0,00"
487,31,2025,Qtr 3,August,8,"$192,00","$0,00"
487,32,2025,Qtr 3,August,15,"$192,00","$0,00"
487,33,2025,Qtr 3,August,22,"$192,00","$0,00"
487,34,2025,Qtr 3,August,29,"$192,00","$0,00"
487,35,2025,Qtr 3,September,5,"$192,00","$0,00"
489,0,2025,Qtr 1,January,4,"$499,00","$499,00"
489,1,2025,Qtr 1,January,11,"$174,43","$174,43"
489,2,2025,Qtr 1,January,18,"$174,43","$174,43"
489,3,2025,Qtr 1,January,25,"$174,43","$174,43"
489,4,2025,Qtr 1,February,1,"$174,43","$174,43"
489,5,2025,Qtr 1,February,8,"$174,43","$174,43"
489,6,2025,Qtr 1,February,15,"$174,43","$174,43"
489,7,2025,Qtr 1,February,22,"$174,43","$174,43"
489,8,2025,Qtr 1,March,1,"$174,43","$0,00"
489,9,2025,Qtr 1,March,8,"$174,43","$0,00"
489,10,2025,Qtr 1,March,15,"$174,43","$0,00"
489,11,2025,Qtr 1,March,22,"$174,43","$0,00"
489,12,2025,Qtr 1,March,29,"$174,43","$0,00"
489,13,2025,Qtr 2,April,5,"$174,43","$0,00"
489,14,2025,Qtr 2,April,12,"$174,43","$0,00"
489,15,2025,Qtr 2,April,19,"$174,43","$0,00"
489,16,2025,Qtr 2,April,26,"$174,43","$0,00"
489,17,2025,Qtr 2,May,3,"$174,43","$0,00"
489,18,2025,Qtr 2,May,10,"$174,43","$0,00"
489,19,2025,Qtr 2,May,17,"$174,43","$0,00"
489,20,2025,Qtr 2,May,24,"$174,43","$0,00"
489,21,2025,Qtr 2,May,31,"$174,43","$0,00"
489,22,2025,Qtr 2,June,7,"$174,43","$0,00"
489,23,2025,Qtr 2,June,14,"$174,43","$0,00"
489,24,2025,Qtr 2,June,21,"$174,43","$0,00"
489,25,2025,Qtr 2,June,28,"$174,43","$0,00"
489,26,2025,Qtr 3,July,5,"$174,43","$0,00"
489,27,2025,Qtr 3,July,12,"$174,43","$0,00"
489,28,2025,Qtr 3,July,19,"$174,43","$0,00"
489,29,2025,Qtr 3,July,26,"$174,43","$0,00"
489,30,2025,Qtr 3,August,2,"$174,43","$0,00"
489,31,2025,Qtr 3,August,9,"$174,43","$0,00"
489,32,2025,Qtr 3,August,16,"$174,43","$0,00"
489,33,2025,Qtr 3,August,23,"$174,43","$0,00"
489,34,2025,Qtr 3,August,30,"$174,43","$0,00"
489,35,2025,Qtr 3,September,6,"$174,43","$0,00"
490,0,2025,Qtr 1,January,4,"$1500,00","$1500,00"
490,1,2025,Qtr 1,January,11,"$274,95","$274,00"
490,2,2025,Qtr 1,January,18,"$274,95","$274,00"
490,3,2025,Qtr 1,January,25,"$274,95","$274,00"
490,4,2025,Qtr 1,February,1,"$274,95","$274,00"
490,5,2025,Qtr 1,February,8,"$274,95","$274,00"
490,6,2025,Qtr 1,February,15,"$274,95","$274,00"
490,7,2025,Qtr 1,February,22,"$274,95","$274,00"
490,8,2025,Qtr 1,March,1,"$274,95","$274,00"
490,9,2025,Qtr 1,March,8,"$274,95","$274,00"
490,10,2025,Qtr 1,March,15,"$274,95","$0,00"
490,11,2025,Qtr 1,March,22,"$274,95","$0,00"
490,12,2025,Qtr 1,March,29,"$274,95","$0,00"
490,13,2025,Qtr 2,April,5,"$274,95","$0,00"
490,14,2025,Qtr 2,April,12,"$274,95","$0,00"
490,15,2025,Qtr 2,April,19,"$274,95","$0,00"
490,16,2025,Qtr 2,April,26,"$274,95","$0,00"
490,17,2025,Qtr 2,May,3,"$274,95","$0,00"
490,18,2025,Qtr 2,May,10,"$274,95","$0,00"
490,19,2025,Qtr 2,May,17,"$274,95","$0,00"
490,20,2025,Qtr 2,May,24,"$274,95","$0,00"
491,0,2025,Qtr 1,January,4,"$499,00","$499,00"
491,1,2025,Qtr 1,January,11,"$240,70","$241,00"
491,2,2025,Qtr 1,January,18,"$240,70","$241,00"
491,3,2025,Qtr 1,January,25,"$240,70","$241,00"
491,4,2025,Qtr 1,February,1,"$240,70","$0,00"
491,5,2025,Qtr 1,February,8,"$240,70","$0,00"
491,6,2025,Qtr 1,February,15,"$240,70","$0,00"
491,7,2025,Qtr 1,February,22,"$240,70","$0,00"
491,8,2025,Qtr 1,March,1,"$240,70","$0,00"
491,9,2025,Qtr 1,March,8,"$240,70","$0,00"
491,10,2025,Qtr 1,March,15,"$240,70","$0,00"
491,11,2025,Qtr 1,March,22,"$240,70","$0,00"
491,12,2025,Qtr 1,March,29,"$240,70","$0,00"
491,13,2025,Qtr 2,April,5,"$240,70","$0,00"
491,14,2025,Qtr 2,April,12,"$240,70","$0,00"
491,15,2025,Qtr 2,April,19,"$240,70","$0,00"
491,16,2025,Qtr 2,April,26,"$240,70","$0,00"
491,17,2025,Qtr 2,May,3,"$240,70","$0,00"
491,18,2025,Qtr 2,May,10,"$240,70","$0,00"
491,19,2025,Qtr 2,May,17,"$240,70","$0,00"
491,20,2025,Qtr 2,May,24,"$240,70","$0,00"
491,21,2025,Qtr 2,May,31,"$240,70","$0,00"
491,22,2025,Qtr 2,June,7,"$240,70","$0,00"
491,23,2025,Qtr 2,June,14,"$240,70","$0,00"
491,24,2025,Qtr 2,June,21,"$240,70","$0,00"
491,25,2025,Qtr 2,June,28,"$240,70","$0,00"
491,26,2025,Qtr 3,July,5,"$240,70","$0,00"
491,27,2025,Qtr 3,July,12,"$240,70","$0,00"
491,28,2025,Qtr 3,July,19,"$240,70","$0,00"
491,29,2025,Qtr 3,July,26,"$240,70","$0,00"
491,30,2025,Qtr 3,August,2,"$240,70","$0,00"
491,31,2025,Qtr 3,August,9,"$240,70","$0,00"
491,32,2025,Qtr 3,August,16,"$240,70","$0,00"
491,33,2025,Qtr 3,August,23,"$240,70","$0,00"
491,34,2025,Qtr 3,August,30,"$240,70","$0,00"
491,35,2025,Qtr 3,September,6,"$240,70","$0,00"
491,36,2025,Qtr 3,September,13,"$240,70","$0,00"
491,37,2025,Qtr 3,September,20,"$240,70","$0,00"
491,38,2025,Qtr 3,September,27,"$240,70","$0,00"
491,39,2025,Qtr 4,October,4,"$240,70","$0,00"
491,40,2025,Qtr 4,October,11,"$240,70","$0,00"
491,41,2025,Qtr 4,October,18,"$240,70","$0,00"
491,42,2025,Qtr 4,October,25,"$240,70","$0,00"
491,43,2025,Qtr 4,November,1,"$240,70","$0,00"
492,0,2025,Qtr 1,January,4,"$499,00","$499,00"
492,1,2025,Qtr 1,January,11,"$240,70","$241,00"
492,2,2025,Qtr 1,January,18,"$240,70","$241,00"
492,3,2025,Qtr 1,January,25,"$240,70","$241,00"
492,4,2025,Qtr 1,February,1,"$240,70","$0,00"
492,5,2025,Qtr 1,February,8,"$240,70","$0,00"
492,6,2025,Qtr 1,February,15,"$240,70","$0,00"
492,7,2025,Qtr 1,February,22,"$240,70","$0,00"
492,8,2025,Qtr 1,March,1,"$240,70","$0,00"
492,9,2025,Qtr 1,March,8,"$240,70","$0,00"
492,10,2025,Qtr 1,March,15,"$240,70","$0,00"
492,11,2025,Qtr 1,March,22,"$240,70","$0,00"
492,12,2025,Qtr 1,March,29,"$240,70","$0,00"
492,13,2025,Qtr 2,April,5,"$240,70","$0,00"
492,14,2025,Qtr 2,April,12,"$240,70","$0,00"
492,15,2025,Qtr 2,April,19,"$240,70","$0,00"
492,16,2025,Qtr 2,April,26,"$240,70","$0,00"
492,17,2025,Qtr 2,May,3,"$240,70","$0,00"
492,18,2025,Qtr 2,May,10,"$240,70","$0,00"
492,19,2025,Qtr 2,May,17,"$240,70","$0,00"
492,20,2025,Qtr 2,May,24,"$240,70","$0,00"
492,21,2025,Qtr 2,May,31,"$240,70","$0,00"
492,22,2025,Qtr 2,June,7,"$240,70","$0,00"
492,23,2025,Qtr 2,June,14,"$240,70","$0,00"
492,24,2025,Qtr 2,June,21,"$240,70","$0,00"
492,25,2025,Qtr 2,June,28,"$240,70","$0,00"
492,26,2025,Qtr 3,July,5,"$240,70","$0,00"
492,27,2025,Qtr 3,July,12,"$240,70","$0,00"
492,28,2025,Qtr 3,July,19,"$240,70","$0,00"
492,29,2025,Qtr 3,July,26,"$240,70","$0,00"
492,30,2025,Qtr 3,August,2,"$240,70","$0,00"
492,31,2025,Qtr 3,August,9,"$240,70","$0,00"
492,32,2025,Qtr 3,August,16,"$240,70","$0,00"
492,33,2025,Qtr 3,August,23,"$240,70","$0,00"
492,34,2025,Qtr 3,August,30,"$240,70","$0,00"
492,35,2025,Qtr 3,September,6,"$240,70","$0,00"
492,36,2025,Qtr 3,September,13,"$240,70","$0,00"
492,37,2025,Qtr 3,September,20,"$240,70","$0,00"
492,38,2025,Qtr 3,September,27,"$240,70","$0,00"
492,39,2025,Qtr 4,October,4,"$240,70","$0,00"
492,40,2025,Qtr 4,October,11,"$240,70","$0,00"
492,41,2025,Qtr 4,October,18,"$240,70","$0,00"
492,42,2025,Qtr 4,October,25,"$240,70","$0,00"
492,43,2025,Qtr 4,November,1,"$240,70","$0,00"
493,0,2025,Qtr 1,February,7,"$1300,00","$1300,00"
493,1,2025,Qtr 1,February,14,"$489,90","$500,00"
493,2,2025,Qtr 1,February,21,"$489,90","$500,00"
493,3,2025,Qtr 1,February,28,"$489,90","$500,00"
493,4,2025,Qtr 1,March,7,"$489,90","$500,00"
493,5,2025,Qtr 1,March,14,"$489,90","$500,00"
493,6,2025,Qtr 1,March,21,"$489,90","$500,00"
493,7,2025,Qtr 1,March,28,"$489,90","$490,00"
493,8,2025,Qtr 2,April,4,"$489,90","$500,00"
493,9,2025,Qtr 2,April,11,"$489,90","$0,00"
493,10,2025,Qtr 2,April,18,"$489,90","$0,00"
493,11,2025,Qtr 2,April,25,"$489,90","$0,00"
493,12,2025,Qtr 2,May,2,"$489,90","$0,00"
493,13,2025,Qtr 2,May,9,"$489,90","$0,00"
493,14,2025,Qtr 2,May,16,"$489,90","$0,00"
493,15,2025,Qtr 2,May,23,"$489,90","$0,00"
495,0,2025,Qtr 1,February,15,"$1000,00","$1000,00"
495,1,2025,Qtr 1,February,22,"$299,95","$299,95"
495,2,2025,Qtr 1,March,1,"$299,95","$299,95"
495,3,2025,Qtr 1,March,8,"$299,95","$299,95"
495,4,2025,Qtr 1,March,15,"$299,95","$299,95"
495,5,2025,Qtr 1,March,22,"$299,95","$299,95"
495,6,2025,Qtr 1,March,29,"$299,95","$299,95"
495,7,2025,Qtr 2,April,5,"$299,95","$299,95"
495,8,2025,Qtr 2,April,12,"$299,95","$299,95"
495,9,2025,Qtr 2,April,19,"$299,95","$299,95"
495,10,2025,Qtr 2,April,26,"$299,95","$299,95"
495,11,2025,Qtr 2,May,3,"$299,95","$299,95"
495,12,2025,Qtr 2,May,10,"$299,95","$0,00"
495,13,2025,Qtr 2,May,17,"$299,95","$0,00"
495,14,2025,Qtr 2,May,24,"$299,95","$0,00"
495,15,2025,Qtr 2,May,31,"$299,95","$0,00"
495,16,2025,Qtr 2,June,7,"$299,95","$0,00"
495,17,2025,Qtr 2,June,14,"$299,95","$0,00"
495,18,2025,Qtr 2,June,21,"$299,95","$0,00"
495,19,2025,Qtr 2,June,28,"$299,95","$0,00"
495,20,2025,Qtr 3,July,5,"$299,95","$0,00"
496,0,2025,Qtr 1,February,25,"$500,00","$500,00"
496,1,2025,Qtr 1,March,4,"$349,90","$350,00"
496,2,2025,Qtr 1,March,11,"$349,90","$350,00"
496,3,2025,Qtr 1,March,18,"$349,90","$350,00"
496,4,2025,Qtr 1,March,25,"$349,90","$350,00"
496,5,2025,Qtr 2,April,1,"$349,90","$350,00"
496,6,2025,Qtr 2,April,8,"$349,90","$0,00"
496,7,2025,Qtr 2,April,15,"$349,90","$0,00"
496,8,2025,Qtr 2,April,22,"$349,90","$0,00"
496,9,2025,Qtr 2,April,29,"$349,90","$0,00"
496,10,2025,Qtr 2,May,6,"$349,90","$0,00"
496,11,2025,Qtr 2,May,13,"$349,90","$0,00"
496,12,2025,Qtr 2,May,20,"$349,90","$0,00"
496,13,2025,Qtr 2,May,27,"$349,90","$0,00"
496,14,2025,Qtr 2,June,3,"$349,90","$0,00"
496,15,2025,Qtr 2,June,10,"$349,90","$0,00"
497,0,2025,Qtr 1,March,2,"$799,00","$799,00"
497,1,2025,Qtr 1,March,9,"$192,00","$192,00"
497,2,2025,Qtr 1,March,16,"$192,00","$192,00"
497,3,2025,Qtr 1,March,23,"$192,00","$0,00"
497,4,2025,Qtr 1,March,30,"$192,00","$0,00"
497,5,2025,Qtr 2,April,6,"$192,00","$0,00"
497,6,2025,Qtr 2,April,13,"$192,00","$0,00"
497,7,2025,Qtr 2,April,20,"$192,00","$0,00"
497,8,2025,Qtr 2,April,27,"$192,00","$0,00"
497,9,2025,Qtr 2,May,4,"$192,00","$0,00"
497,10,2025,Qtr 2,May,11,"$192,00","$0,00"
497,11,2025,Qtr 2,May,18,"$192,00","$0,00"
497,12,2025,Qtr 2,May,25,"$192,00","$0,00"
497,13,2025,Qtr 2,June,1,"$192,00","$0,00"
497,14,2025,Qtr 2,June,8,"$192,00","$0,00"
497,15,2025,Qtr 2,June,15,"$192,00","$0,00"
497,16,2025,Qtr 2,June,22,"$192,00","$0,00"
497,17,2025,Qtr 2,June,29,"$192,00","$0,00"
497,18,2025,Qtr 3,July,6,"$192,00","$0,00"
497,19,2025,Qtr 3,July,13,"$192,00","$0,00"
497,20,2025,Qtr 3,July,20,"$192,00","$0,00"
497,21,2025,Qtr 3,July,27,"$192,00","$0,00"
497,22,2025,Qtr 3,August,3,"$192,00","$0,00"
497,23,2025,Qtr 3,August,10,"$192,00","$0,00"
497,24,2025,Qtr 3,August,17,"$192,00","$0,00"
497,25,2025,Qtr 3,August,24,"$192,00","$0,00"
497,26,2025,Qtr 3,August,31,"$192,00","$0,00"
497,27,2025,Qtr 3,September,7,"$192,00","$0,00"
497,28,2025,Qtr 3,September,14,"$192,00","$0,00"
497,29,2025,Qtr 3,September,21,"$192,00","$0,00"
497,30,2025,Qtr 3,September,28,"$192,00","$0,00"
497,31,2025,Qtr 4,October,5,"$192,00","$0,00"
497,32,2025,Qtr 4,October,12,"$192,00","$0,00"
497,33,2025,Qtr 4,October,19,"$192,00","$0,00"
497,34,2025,Qtr 4,October,26,"$192,00","$0,00"
497,35,2025,Qtr 4,November,2,"$192,00","$0,00"
499,0,2025,Qtr 1,March,14,"$799,00","$799,00"
499,1,2025,Qtr 1,March,21,"$254,57","$255,00"
499,2,2025,Qtr 1,March,28,"$254,57","$255,00"
499,3,2025,Qtr 2,April,4,"$254,57","$0,00"
499,4,2025,Qtr 2,April,11,"$254,57","$0,00"
499,5,2025,Qtr 2,April,18,"$254,57","$0,00"
499,6,2025,Qtr 2,April,25,"$254,57","$0,00"
499,7,2025,Qtr 2,May,2,"$254,57","$0,00"
499,8,2025,Qtr 2,May,9,"$254,57","$0,00"
499,9,2025,Qtr 2,May,16,"$254,57","$0,00"
499,10,2025,Qtr 2,May,23,"$254,57","$0,00"
499,11,2025,Qtr 2,May,30,"$254,57","$0,00"
499,12,2025,Qtr 2,June,6,"$254,57","$0,00"
499,13,2025,Qtr 2,June,13,"$254,57","$0,00"
499,14,2025,Qtr 2,June,20,"$254,57","$0,00"
499,15,2025,Qtr 2,June,27,"$254,57","$0,00"
499,16,2025,Qtr 3,July,4,"$254,57","$0,00"
499,17,2025,Qtr 3,July,11,"$254,57","$0,00"
499,18,2025,Qtr 3,July,18,"$254,57","$0,00"
499,19,2025,Qtr 3,July,25,"$254,57","$0,00"
499,20,2025,Qtr 3,August,1,"$254,57","$0,00"
499,21,2025,Qtr 3,August,8,"$254,57","$0,00"
499,22,2025,Qtr 3,August,15,"$254,57","$0,00"
499,23,2025,Qtr 3,August,22,"$254,57","$0,00"
499,24,2025,Qtr 3,August,29,"$254,57","$0,00"
499,25,2025,Qtr 3,September,5,"$254,57","$0,00"
499,26,2025,Qtr 3,September,12,"$254,57","$0,00"
499,27,2025,Qtr 3,September,19,"$254,57","$0,00"
499,28,2025,Qtr 3,September,26,"$254,57","$0,00"
499,29,2025,Qtr 4,October,3,"$254,57","$0,00"
499,30,2025,Qtr 4,October,10,"$254,57","$0,00"
499,31,2025,Qtr 4,October,17,"$254,57","$0,00"
499,32,2025,Qtr 4,October,24,"$254,57","$0,00"
499,33,2025,Qtr 4,October,31,"$254,57","$0,00"
499,34,2025,Qtr 4,November,7,"$254,57","$0,00"
499,35,2025,Qtr 4,November,14,"$254,57","$0,00"
500,0,2025,Qtr 1,March,26,"$1499,00","$1499,00"
500,1,2025,Qtr 2,April,2,"$325,00","$325,00"
500,2,2025,Qtr 2,April,9,"$325,00","$325,00"
500,3,2025,Qtr 2,April,16,"$325,00","$325,00"
500,4,2025,Qtr 2,April,23,"$325,00","$325,00"
500,5,2025,Qtr 2,April,30,"$325,00","$325,00"
500,6,2025,Qtr 2,May,7,"$325,00","$0,00"
500,7,2025,Qtr 2,May,14,"$325,00","$0,00"
500,8,2025,Qtr 2,May,21,"$325,00","$0,00"
500,9,2025,Qtr 2,May,28,"$325,00","$0,00"
500,10,2025,Qtr 2,June,4,"$325,00","$0,00"
500,11,2025,Qtr 2,June,11,"$325,00","$0,00"
500,12,2025,Qtr 2,June,18,"$325,00","$0,00"
500,13,2025,Qtr 2,June,25,"$325,00","$0,00"
500,14,2025,Qtr 3,July,2,"$325,00","$0,00"
500,15,2025,Qtr 3,July,9,"$325,00","$0,00"
500,16,2025,Qtr 3,July,16,"$325,00","$0,00"
500,17,2025,Qtr 3,July,23,"$325,00","$0,00"
500,18,2025,Qtr 3,July,30,"$325,00","$0,00"
500,19,2025,Qtr 3,August,6,"$325,00","$0,00"
500,20,2025,Qtr 3,August,13,"$325,00","$0,00"
501,0,2025,Qtr 1,March,27,"$1300,00","$1300,00"
501,1,2025,Qtr 2,April,3,"$328,77","$0,00"
501,2,2025,Qtr 2,April,10,"$328,77","$0,00"
501,3,2025,Qtr 2,April,17,"$328,77","$0,00"
501,4,2025,Qtr 2,April,24,"$328,77","$0,00"
501,5,2025,Qtr 2,May,1,"$328,77","$0,00"
501,6,2025,Qtr 2,May,8,"$328,77","$0,00"
501,7,2025,Qtr 2,May,15,"$328,77","$0,00"
501,8,2025,Qtr 2,May,22,"$328,77","$0,00"
501,9,2025,Qtr 2,May,29,"$328,77","$0,00"
501,10,2025,Qtr 2,June,5,"$328,77","$0,00"
501,11,2025,Qtr 2,June,12,"$328,77","$0,00"
501,12,2025,Qtr 2,June,19,"$328,77","$0,00"
501,13,2025,Qtr 2,June,26,"$328,77","$0,00"
501,14,2025,Qtr 3,July,3,"$328,77","$0,00"
501,15,2025,Qtr 3,July,10,"$328,77","$0,00"
501,16,2025,Qtr 3,July,17,"$328,77","$0,00"
501,17,2025,Qtr 3,July,24,"$328,77","$0,00"
501,18,2025,Qtr 3,July,31,"$328,77","$0,00"
501,19,2025,Qtr 3,August,7,"$328,77","$0,00"
501,20,2025,Qtr 3,August,14,"$328,77","$0,00"
501,21,2025,Qtr 3,August,21,"$328,77","$0,00"
501,22,2025,Qtr 3,August,28,"$328,77","$0,00"
501,23,2025,Qtr 3,September,4,"$328,77","$0,00"
501,24,2025,Qtr 3,September,11,"$328,77","$0,00"
501,25,2025,Qtr 3,September,18,"$328,77","$0,00"
501,26,2025,Qtr 3,September,25,"$328,77","$0,00"
503,0,2025,Qtr 1,March,30,"$999,00","$999,00"
503,1,2025,Qtr 2,April,6,"$280,12","$0,00"
503,2,2025,Qtr 2,April,13,"$280,12","$0,00"
503,3,2025,Qtr 2,April,20,"$280,12","$0,00"
503,4,2025,Qtr 2,April,27,"$280,12","$0,00"
503,5,2025,Qtr 2,May,4,"$280,12","$0,00"
503,6,2025,Qtr 2,May,11,"$280,12","$0,00"
503,7,2025,Qtr 2,May,18,"$280,12","$0,00"
503,8,2025,Qtr 2,May,25,"$280,12","$0,00"
503,9,2025,Qtr 2,June,1,"$280,12","$0,00"
503,10,2025,Qtr 2,June,8,"$280,12","$0,00"
503,11,2025,Qtr 2,June,15,"$280,12","$0,00"
503,12,2025,Qtr 2,June,22,"$280,12","$0,00"
503,13,2025,Qtr 2,June,29,"$280,12","$0,00"
503,14,2025,Qtr 3,July,6,"$280,12","$0,00"
503,15,2025,Qtr 3,July,13,"$280,12","$0,00"
503,16,2025,Qtr 3,July,20,"$280,12","$0,00"
503,17,2025,Qtr 3,July,27,"$280,12","$0,00"
503,18,2025,Qtr 3,August,3,"$280,12","$0,00"
503,19,2025,Qtr 3,August,10,"$280,12","$0,00"
503,20,2025,Qtr 3,August,17,"$280,12","$0,00"
503,21,2025,Qtr 3,August,24,"$280,12","$0,00"
503,22,2025,Qtr 3,August,31,"$280,12","$0,00"
503,23,2025,Qtr 3,September,7,"$280,12","$0,00"
503,24,2025,Qtr 3,September,14,"$280,12","$0,00"
503,25,2025,Qtr 3,September,21,"$280,12","$0,00"
503,26,2025,Qtr 3,September,28,"$280,12","$0,00"
503,27,2025,Qtr 4,October,5,"$280,12","$0,00"
503,28,2025,Qtr 4,October,12,"$280,12","$0,00"
503,29,2025,Qtr 4,October,19,"$280,12","$0,00"
503,30,2025,Qtr 4,October,26,"$280,12","$0,00"
503,31,2025,Qtr 4,November,2,"$280,12","$0,00"
503,32,2025,Qtr 4,November,9,"$280,12","$0,00"
503,33,2025,Qtr 4,November,16,"$280,12","$0,00"
503,34,2025,Qtr 4,November,23,"$280,12","$0,00"
503,35,2025,Qtr 4,November,30,"$280,12","$0,00"
503,36,2025,Qtr 4,December,7,"$280,12","$0,00"
503,37,2025,Qtr 4,December,14,"$280,12","$0,00"
503,38,2025,Qtr 4,December,21,"$280,12","$0,00"
503,39,2025,Qtr 4,December,28,"$280,12","$0,00"
503,40,2026,Qtr 1,January,4,"$280,12","$0,00"
503,41,2026,Qtr 1,January,11,"$280,12","$0,00"
503,42,2026,Qtr 1,January,18,"$280,12","$0,00"
503,43,2026,Qtr 1,January,25,"$280,12","$0,00"
504,0,2025,Qtr 2,April,1,"$1249,00","$1249,00"
504,1,2025,Qtr 2,April,8,"$280,81","$280,00"
504,2,2025,Qtr 2,April,15,"$280,81","$280,00"
504,3,2025,Qtr 2,April,22,"$280,81","$280,00"
504,4,2025,Qtr 2,April,29,"$280,81","$0,00"
504,5,2025,Qtr 2,May,6,"$280,81","$0,00"
504,6,2025,Qtr 2,May,13,"$280,81","$0,00"
504,7,2025,Qtr 2,May,20,"$280,81","$0,00"
504,8,2025,Qtr 2,May,27,"$280,81","$0,00"
504,9,2025,Qtr 2,June,3,"$280,81","$0,00"
504,10,2025,Qtr 2,June,10,"$280,81","$0,00"
504,11,2025,Qtr 2,June,17,"$280,81","$0,00"
504,12,2025,Qtr 2,June,24,"$280,81","$0,00"
504,13,2025,Qtr 3,July,1,"$280,81","$0,00"
504,14,2025,Qtr 3,July,8,"$280,81","$0,00"
504,15,2025,Qtr 3,July,15,"$280,81","$0,00"
504,16,2025,Qtr 3,July,22,"$280,81","$0,00"
504,17,2025,Qtr 3,July,29,"$280,81","$0,00"
504,18,2025,Qtr 3,August,5,"$280,81","$0,00"
504,19,2025,Qtr 3,August,12,"$280,81","$0,00"
504,20,2025,Qtr 3,August,19,"$280,81","$0,00"
504,21,2025,Qtr 3,August,26,"$280,81","$0,00"
504,22,2025,Qtr 3,September,2,"$280,81","$0,00"
504,23,2025,Qtr 3,September,9,"$280,81","$0,00"
504,24,2025,Qtr 3,September,16,"$280,81","$0,00"
504,25,2025,Qtr 3,September,23,"$280,81","$0,00"
504,26,2025,Qtr 3,September,30,"$280,81","$0,00"
504,27,2025,Qtr 4,October,7,"$280,81","$0,00"
504,28,2025,Qtr 4,October,14,"$280,81","$0,00"
504,29,2025,Qtr 4,October,21,"$280,81","$0,00"
504,30,2025,Qtr 4,October,28,"$280,81","$0,00"
504,31,2025,Qtr 4,November,4,"$280,81","$0,00"
504,32,2025,Qtr 4,November,11,"$280,81","$0,00"
504,33,2025,Qtr 4,November,18,"$280,81","$0,00"
504,34,2025,Qtr 4,November,25,"$280,81","$0,00"
504,35,2025,Qtr 4,December,2,"$280,81","$0,00"
504,36,2025,Qtr 4,December,9,"$280,81","$0,00"
504,37,2025,Qtr 4,December,16,"$280,81","$0,00"
504,38,2025,Qtr 4,December,23,"$280,81","$0,00"
504,39,2025,Qtr 4,December,30,"$280,81","$0,00"
504,40,2026,Qtr 1,January,6,"$280,81","$0,00"
504,41,2026,Qtr 1,January,13,"$280,81","$0,00"
504,42,2026,Qtr 1,January,20,"$280,81","$0,00"
504,43,2026,Qtr 1,January,27,"$280,81","$0,00"
505,0,2025,Qtr 2,April,2,"$999,00","$999,00"
505,1,2025,Qtr 2,April,9,"$230,00","$230,00"
505,2,2025,Qtr 2,April,16,"$230,00","$0,00"
505,3,2025,Qtr 2,April,23,"$230,00","$0,00"
505,4,2025,Qtr 2,April,30,"$230,00","$0,00"
505,5,2025,Qtr 2,May,7,"$230,00","$0,00"
505,6,2025,Qtr 2,May,14,"$230,00","$0,00"
505,7,2025,Qtr 2,May,21,"$230,00","$0,00"
505,8,2025,Qtr 2,May,28,"$230,00","$0,00"
505,9,2025,Qtr 2,June,4,"$230,00","$0,00"
505,10,2025,Qtr 2,June,11,"$230,00","$0,00"
505,11,2025,Qtr 2,June,18,"$230,00","$0,00"
505,12,2025,Qtr 2,June,25,"$230,00","$0,00"
505,13,2025,Qtr 3,July,2,"$230,00","$0,00"
505,14,2025,Qtr 3,July,9,"$230,00","$0,00"
505,15,2025,Qtr 3,July,16,"$230,00","$0,00"
505,16,2025,Qtr 3,July,23,"$230,00","$0,00"
505,17,2025,Qtr 3,July,30,"$230,00","$0,00"
505,18,2025,Qtr 3,August,6,"$230,00","$0,00"
505,19,2025,Qtr 3,August,13,"$230,00","$0,00"
505,20,2025,Qtr 3,August,20,"$230,00","$0,00"
505,21,2025,Qtr 3,August,27,"$230,00","$0,00"
505,22,2025,Qtr 3,September,3,"$230,00","$0,00"
505,23,2025,Qtr 3,September,10,"$230,00","$0,00"
505,24,2025,Qtr 3,September,17,"$230,00","$0,00"
505,25,2025,Qtr 3,September,24,"$230,00","$0,00"
505,26,2025,Qtr 4,October,1,"$230,00","$0,00"
505,27,2025,Qtr 4,October,8,"$230,00","$0,00"
505,28,2025,Qtr 4,October,15,"$230,00","$0,00"
505,29,2025,Qtr 4,October,22,"$230,00","$0,00"
505,30,2025,Qtr 4,October,29,"$230,00","$0,00"
505,31,2025,Qtr 4,November,5,"$230,00","$0,00"
505,32,2025,Qtr 4,November,12,"$230,00","$0,00"
505,33,2025,Qtr 4,November,19,"$230,00","$0,00"
505,34,2025,Qtr 4,November,26,"$230,00","$0,00"
505,35,2025,Qtr 4,December,3,"$230,00","$0,00"
505,36,2025,Qtr 4,December,10,"$230,00","$0,00"
505,37,2025,Qtr 4,December,17,"$230,00","$0,00"
505,38,2025,Qtr 4,December,24,"$230,00","$0,00"
505,39,2025,Qtr 4,December,31,"$230,00","$0,00"
505,40,2026,Qtr 1,January,7,"$230,00","$0,00"
505,41,2026,Qtr 1,January,14,"$230,00","$0,00"
505,42,2026,Qtr 1,January,21,"$230,00","$0,00"
505,43,2026,Qtr 1,January,28,"$230,00","$0,00"
506,0,2025,Qtr 2,April,4,"$1249,00","$1249,00"
506,1,2025,Qtr 2,April,11,"$280,81","$280,00"
506,2,2025,Qtr 2,April,18,"$280,81","$280,00"
506,3,2025,Qtr 2,April,25,"$280,81","$280,00"
506,4,2025,Qtr 2,May,2,"$280,81","$280,00"
506,5,2025,Qtr 2,May,9,"$280,81","$280,00"
506,6,2025,Qtr 2,May,16,"$280,81","$280,00"
506,7,2025,Qtr 2,May,23,"$280,81","$280,00"
506,8,2025,Qtr 2,May,30,"$280,81","$280,00"
506,9,2025,Qtr 2,June,6,"$280,81","$280,00"
506,10,2025,Qtr 2,June,13,"$280,81","$280,00"
506,11,2025,Qtr 2,June,20,"$280,81","$280,00"
506,12,2025,Qtr 2,June,27,"$280,81","$280,00"
506,13,2025,Qtr 3,July,4,"$280,81","$280,00"
506,14,2025,Qtr 3,July,11,"$280,81","$280,00"
506,15,2025,Qtr 3,July,18,"$280,81","$280,00"
506,16,2025,Qtr 3,July,25,"$280,81","$280,00"
506,17,2025,Qtr 3,August,1,"$280,81","$280,81"
506,18,2025,Qtr 3,August,8,"$280,81","$280,00"
506,19,2025,Qtr 3,August,15,"$280,81","$280,00"
506,20,2025,Qtr 3,August,22,"$280,81","$280,00"
506,21,2025,Qtr 3,August,29,"$280,81","$280,00"
506,22,2025,Qtr 3,September,5,"$280,81","$280,00"
506,23,2025,Qtr 3,September,12,"$280,81","$280,00"
506,24,2025,Qtr 3,September,19,"$280,81","$280,00"
506,25,2025,Qtr 3,September,26,"$280,81","$280,00"
506,26,2025,Qtr 4,October,3,"$280,81","$280,00"
506,27,2025,Qtr 4,October,10,"$280,81","$280,00"
506,28,2025,Qtr 4,October,17,"$280,81","$280,00"
506,29,2025,Qtr 4,October,24,"$280,81","$280,00"
506,30,2025,Qtr 4,October,31,"$280,81","$289,00"
506,31,2025,Qtr 4,November,7,"$280,81","$280,00"
506,32,2025,Qtr 4,November,14,"$280,81","$280,00"
506,33,2025,Qtr 4,November,21,"$280,81","$280,00"
506,34,2025,Qtr 4,November,28,"$280,81","$280,00"
506,35,2025,Qtr 4,December,5,"$280,81","$280,00"
506,36,2025,Qtr 4,December,12,"$280,81","$280,00"
506,37,2025,Qtr 4,December,19,"$280,81","$280,00"
506,38,2025,Qtr 4,December,26,"$280,81","$280,00"
506,39,2026,Qtr 1,January,2,"$280,81","$280,00"
506,40,2026,Qtr 1,January,9,"$280,81","$280,00"
506,41,2026,Qtr 1,January,16,"$280,81","$280,00"
506,42,2026,Qtr 1,January,23,"$280,81","$280,00"
506,43,2026,Qtr 1,January,30,"$280,81","$305,19"
507,0,2025,Qtr 2,April,5,"$750,00","$750,00"
507,1,2025,Qtr 2,April,12,"$312,45","$312,00"
507,2,2025,Qtr 2,April,19,"$312,45","$312,00"
507,3,2025,Qtr 2,April,26,"$312,45","$0,00"
507,4,2025,Qtr 2,May,3,"$312,45","$0,00"
507,5,2025,Qtr 2,May,10,"$312,45","$0,00"
507,6,2025,Qtr 2,May,17,"$312,45","$0,00"
507,7,2025,Qtr 2,May,24,"$312,45","$0,00"
507,8,2025,Qtr 2,May,31,"$312,45","$0,00"
507,9,2025,Qtr 2,June,7,"$312,45","$0,00"
507,10,2025,Qtr 2,June,14,"$312,45","$0,00"
507,11,2025,Qtr 2,June,21,"$312,45","$0,00"
507,12,2025,Qtr 2,June,28,"$312,45","$0,00"
507,13,2025,Qtr 3,July,5,"$312,45","$0,00"
507,14,2025,Qtr 3,July,12,"$312,45","$0,00"
507,15,2025,Qtr 3,July,19,"$312,45","$0,00"
507,16,2025,Qtr 3,July,26,"$312,45","$0,00"
507,17,2025,Qtr 3,August,2,"$312,45","$0,00"
507,18,2025,Qtr 3,August,9,"$312,45","$0,00"
507,19,2025,Qtr 3,August,16,"$312,45","$0,00"
507,20,2025,Qtr 3,August,23,"$312,45","$0,00"
509,0,2025,Qtr 2,April,9,"$1249,00","$1249,00"
509,1,2025,Qtr 2,April,16,"$264,77","$265,00"
509,2,2025,Qtr 2,April,23,"$264,77","$265,00"
509,3,2025,Qtr 2,April,30,"$264,77","$265,00"
509,4,2025,Qtr 2,May,7,"$264,77","$265,00"
509,5,2025,Qtr 2,May,14,"$264,77","$265,00"
509,6,2025,Qtr 2,May,21,"$264,77","$0,00"
509,7,2025,Qtr 2,May,28,"$264,77","$0,00"
509,8,2025,Qtr 2,June,4,"$264,77","$0,00"
509,9,2025,Qtr 2,June,11,"$264,77","$0,00"
509,10,2025,Qtr 2,June,18,"$264,77","$0,00"
509,11,2025,Qtr 2,June,25,"$264,77","$0,00"
509,12,2025,Qtr 3,July,2,"$264,77","$0,00"
509,13,2025,Qtr 3,July,9,"$264,77","$0,00"
509,14,2025,Qtr 3,July,16,"$264,77","$0,00"
509,15,2025,Qtr 3,July,23,"$264,77","$0,00"
509,16,2025,Qtr 3,July,30,"$264,77","$0,00"
509,17,2025,Qtr 3,August,6,"$264,77","$0,00"
509,18,2025,Qtr 3,August,13,"$264,77","$0,00"
509,19,2025,Qtr 3,August,20,"$264,77","$0,00"
509,20,2025,Qtr 3,August,27,"$264,77","$0,00"
509,21,2025,Qtr 3,September,3,"$264,77","$0,00"
509,22,2025,Qtr 3,September,10,"$264,77","$0,00"
509,23,2025,Qtr 3,September,17,"$264,77","$0,00"
509,24,2025,Qtr 3,September,24,"$264,77","$0,00"
509,25,2025,Qtr 4,October,1,"$264,77","$0,00"
509,26,2025,Qtr 4,October,8,"$264,77","$0,00"
509,27,2025,Qtr 4,October,15,"$264,77","$0,00"
509,28,2025,Qtr 4,October,22,"$264,77","$0,00"
509,29,2025,Qtr 4,October,29,"$264,77","$0,00"
509,30,2025,Qtr 4,November,5,"$264,77","$0,00"
509,31,2025,Qtr 4,November,12,"$264,77","$0,00"
509,32,2025,Qtr 4,November,19,"$264,77","$0,00"
509,33,2025,Qtr 4,November,26,"$264,77","$0,00"
509,34,2025,Qtr 4,December,3,"$264,77","$0,00"
509,35,2025,Qtr 4,December,10,"$264,77","$0,00"
509,36,2025,Qtr 4,December,17,"$264,77","$0,00"
509,37,2025,Qtr 4,December,24,"$264,77","$0,00"
509,38,2025,Qtr 4,December,31,"$264,77","$0,00"
509,39,2026,Qtr 1,January,7,"$264,77","$0,00"
509,40,2026,Qtr 1,January,14,"$264,77","$0,00"
509,41,2026,Qtr 1,January,21,"$264,77","$0,00"
509,42,2026,Qtr 1,January,28,"$264,77","$0,00"
509,43,2026,Qtr 1,February,4,"$264,77","$0,00"
511,0,2025,Qtr 2,April,13,"$799,00","$799,00"
511,1,2025,Qtr 2,April,20,"$160,47","$160,47"
511,2,2025,Qtr 2,April,27,"$160,47","$160,47"
511,3,2025,Qtr 2,May,4,"$160,47","$160,47"
511,4,2025,Qtr 2,May,11,"$160,47","$160,47"
511,5,2025,Qtr 2,May,18,"$160,47","$160,47"
511,6,2025,Qtr 2,May,25,"$160,47","$160,47"
511,7,2025,Qtr 2,June,1,"$160,47","$160,47"
511,8,2025,Qtr 2,June,8,"$160,47","$160,47"
511,9,2025,Qtr 2,June,15,"$160,47","$160,47"
511,10,2025,Qtr 2,June,22,"$160,47","$160,47"
511,11,2025,Qtr 2,June,29,"$160,47","$160,47"
511,12,2025,Qtr 3,July,6,"$160,47","$160,47"
511,13,2025,Qtr 3,July,13,"$160,47","$160,47"
511,14,2025,Qtr 3,July,20,"$160,47","$160,47"
511,15,2025,Qtr 3,July,27,"$160,47","$160,47"
511,16,2025,Qtr 3,August,3,"$160,47","$160,47"
511,17,2025,Qtr 3,August,10,"$160,47","$160,47"
511,18,2025,Qtr 3,August,17,"$160,47","$160,47"
511,19,2025,Qtr 3,August,24,"$160,47","$160,47"
511,20,2025,Qtr 3,August,31,"$160,47","$0,00"
511,21,2025,Qtr 3,September,7,"$160,47","$0,00"
511,22,2025,Qtr 3,September,14,"$160,47","$0,00"
511,23,2025,Qtr 3,September,21,"$160,47","$0,00"
511,24,2025,Qtr 3,September,28,"$160,47","$0,00"
511,25,2025,Qtr 4,October,5,"$160,47","$0,00"
511,26,2025,Qtr 4,October,12,"$160,47","$0,00"
511,27,2025,Qtr 4,October,19,"$160,47","$0,00"
511,28,2025,Qtr 4,October,26,"$160,47","$0,00"
511,29,2025,Qtr 4,November,2,"$160,47","$0,00"
511,30,2025,Qtr 4,November,9,"$160,47","$0,00"
511,31,2025,Qtr 4,November,16,"$160,47","$0,00"
511,32,2025,Qtr 4,November,23,"$160,47","$0,00"
511,33,2025,Qtr 4,November,30,"$160,47","$0,00"
511,34,2025,Qtr 4,December,7,"$160,47","$0,00"
511,35,2025,Qtr 4,December,14,"$160,47","$0,00"
511,36,2025,Qtr 4,December,21,"$160,47","$0,00"
511,37,2025,Qtr 4,December,28,"$160,47","$0,00"
511,38,2026,Qtr 1,January,4,"$160,47","$0,00"
511,39,2026,Qtr 1,January,11,"$160,47","$0,00"
511,40,2026,Qtr 1,January,18,"$160,47","$0,00"
511,41,2026,Qtr 1,January,25,"$160,47","$0,00"
511,42,2026,Qtr 1,February,1,"$160,47","$0,00"
511,43,2026,Qtr 1,February,8,"$160,47","$0,00"
513,0,2025,Qtr 2,April,18,"$1249,00","$1249,00"
513,1,2025,Qtr 2,April,25,"$297,00","$297,00"
513,2,2025,Qtr 2,May,2,"$297,00","$297,00"
513,3,2025,Qtr 2,May,9,"$297,00","$297,00"
513,4,2025,Qtr 2,May,16,"$297,00","$297,00"
513,5,2025,Qtr 2,May,23,"$297,00","$297,00"
513,6,2025,Qtr 2,May,30,"$297,00","$297,00"
513,7,2025,Qtr 2,June,6,"$297,00","$297,00"
513,8,2025,Qtr 2,June,13,"$297,00","$297,00"
513,9,2025,Qtr 2,June,20,"$297,00","$297,00"
513,10,2025,Qtr 2,June,27,"$297,00","$297,00"
513,11,2025,Qtr 3,July,4,"$297,00","$297,00"
513,12,2025,Qtr 3,July,11,"$297,00","$297,00"
513,13,2025,Qtr 3,July,18,"$297,00","$297,00"
513,14,2025,Qtr 3,July,25,"$297,00","$297,00"
513,15,2025,Qtr 3,August,1,"$297,00","$297,00"
513,16,2025,Qtr 3,August,8,"$297,00","$297,00"
513,17,2025,Qtr 3,August,15,"$297,00","$297,00"
513,18,2025,Qtr 3,August,22,"$297,00","$0,00"
513,19,2025,Qtr 3,August,29,"$297,00","$0,00"
513,20,2025,Qtr 3,September,5,"$297,00","$0,00"
513,21,2025,Qtr 3,September,12,"$297,00","$0,00"
513,22,2025,Qtr 3,September,19,"$297,00","$0,00"
513,23,2025,Qtr 3,September,26,"$297,00","$0,00"
513,24,2025,Qtr 4,October,3,"$297,00","$0,00"
513,25,2025,Qtr 4,October,10,"$297,00","$0,00"
513,26,2025,Qtr 4,October,17,"$297,00","$0,00"
513,27,2025,Qtr 4,October,24,"$297,00","$0,00"
513,28,2025,Qtr 4,October,31,"$297,00","$0,00"
513,29,2025,Qtr 4,November,7,"$297,00","$0,00"
513,30,2025,Qtr 4,November,14,"$297,00","$0,00"
513,31,2025,Qtr 4,November,21,"$297,00","$0,00"
513,32,2025,Qtr 4,November,28,"$297,00","$0,00"
513,33,2025,Qtr 4,December,5,"$297,00","$0,00"
513,34,2025,Qtr 4,December,12,"$297,00","$0,00"
513,35,2025,Qtr 4,December,19,"$297,00","$0,00"
515,0,2025,Qtr 2,April,22,"$999,00","$999,00"
515,1,2025,Qtr 2,April,29,"$230,00","$0,00"
515,2,2025,Qtr 2,May,6,"$230,00","$0,00"
515,3,2025,Qtr 2,May,13,"$230,00","$0,00"
515,4,2025,Qtr 2,May,20,"$230,00","$0,00"
515,5,2025,Qtr 2,May,27,"$230,00","$0,00"
515,6,2025,Qtr 2,June,3,"$230,00","$0,00"
515,7,2025,Qtr 2,June,10,"$230,00","$0,00"
515,8,2025,Qtr 2,June,17,"$230,00","$0,00"
515,9,2025,Qtr 2,June,24,"$230,00","$0,00"
515,10,2025,Qtr 3,July,1,"$230,00","$0,00"
515,11,2025,Qtr 3,July,8,"$230,00","$0,00"
515,12,2025,Qtr 3,July,15,"$230,00","$0,00"
515,13,2025,Qtr 3,July,22,"$230,00","$0,00"
515,14,2025,Qtr 3,July,29,"$230,00","$0,00"
515,15,2025,Qtr 3,August,5,"$230,00","$0,00"
515,16,2025,Qtr 3,August,12,"$230,00","$0,00"
515,17,2025,Qtr 3,August,19,"$230,00","$0,00"
515,18,2025,Qtr 3,August,26,"$230,00","$0,00"
515,19,2025,Qtr 3,September,2,"$230,00","$0,00"
515,20,2025,Qtr 3,September,9,"$230,00","$0,00"
515,21,2025,Qtr 3,September,16,"$230,00","$0,00"
515,22,2025,Qtr 3,September,23,"$230,00","$0,00"
515,23,2025,Qtr 3,September,30,"$230,00","$0,00"
515,24,2025,Qtr 4,October,7,"$230,00","$0,00"
515,25,2025,Qtr 4,October,14,"$230,00","$0,00"
515,26,2025,Qtr 4,October,21,"$230,00","$0,00"
515,27,2025,Qtr 4,October,28,"$230,00","$0,00"
515,28,2025,Qtr 4,November,4,"$230,00","$0,00"
515,29,2025,Qtr 4,November,11,"$230,00","$0,00"
515,30,2025,Qtr 4,November,18,"$230,00","$0,00"
515,31,2025,Qtr 4,November,25,"$230,00","$0,00"
515,32,2025,Qtr 4,December,2,"$230,00","$0,00"
515,33,2025,Qtr 4,December,9,"$230,00","$0,00"
515,34,2025,Qtr 4,December,16,"$230,00","$0,00"
515,35,2025,Qtr 4,December,23,"$230,00","$0,00"
515,36,2025,Qtr 4,December,30,"$230,00","$0,00"
515,37,2026,Qtr 1,January,6,"$230,00","$0,00"
515,38,2026,Qtr 1,January,13,"$230,00","$0,00"
515,39,2026,Qtr 1,January,20,"$230,00","$0,00"
515,40,2026,Qtr 1,January,27,"$230,00","$0,00"
515,41,2026,Qtr 1,February,3,"$230,00","$0,00"
515,42,2026,Qtr 1,February,10,"$230,00","$0,00"
515,43,2026,Qtr 1,February,17,"$230,00","$0,00"
517,0,2025,Qtr 2,April,6,"$999,00","$999,00"
517,1,2025,Qtr 2,April,13,"$449,23","$450,00"
517,2,2025,Qtr 2,April,20,"$449,23","$0,00"
517,3,2025,Qtr 2,April,27,"$449,23","$0,00"
517,4,2025,Qtr 2,May,4,"$449,23","$0,00"
517,5,2025,Qtr 2,May,11,"$449,23","$0,00"
517,6,2025,Qtr 2,May,18,"$449,23","$0,00"
517,7,2025,Qtr 2,May,25,"$449,23","$0,00"
517,8,2025,Qtr 2,June,1,"$449,23","$0,00"
517,9,2025,Qtr 2,June,8,"$449,23","$0,00"
517,10,2025,Qtr 2,June,15,"$449,23","$0,00"
517,11,2025,Qtr 2,June,22,"$449,23","$0,00"
517,12,2025,Qtr 2,June,29,"$449,23","$0,00"
517,13,2025,Qtr 3,July,6,"$449,23","$0,00"
517,14,2025,Qtr 3,July,13,"$449,23","$0,00"
517,15,2025,Qtr 3,July,20,"$449,23","$0,00"
517,16,2025,Qtr 3,July,27,"$449,23","$0,00"
517,17,2025,Qtr 3,August,3,"$449,23","$0,00"
517,18,2025,Qtr 3,August,10,"$449,23","$0,00"
517,19,2025,Qtr 3,August,17,"$449,23","$0,00"
517,20,2025,Qtr 3,August,24,"$449,23","$0,00"
517,21,2025,Qtr 3,August,31,"$449,23","$0,00"
517,22,2025,Qtr 3,September,7,"$449,23","$0,00"
517,23,2025,Qtr 3,September,14,"$449,23","$0,00"
517,24,2025,Qtr 3,September,21,"$449,23","$0,00"
517,25,2025,Qtr 3,September,28,"$449,23","$0,00"
517,26,2025,Qtr 4,October,5,"$449,23","$0,00"
518,0,2025,Qtr 2,April,20,"$999,00","$999,00"
518,1,2025,Qtr 2,April,27,"$670,00","$670,00"
518,2,2025,Qtr 2,May,4,"$670,00","$670,00"
518,3,2025,Qtr 2,May,11,"$670,00","$670,00"
518,4,2025,Qtr 2,May,18,"$670,00","$0,00"
518,5,2025,Qtr 2,May,25,"$670,00","$0,00"
518,6,2025,Qtr 2,June,1,"$670,00","$0,00"
518,7,2025,Qtr 2,June,8,"$670,00","$0,00"
518,8,2025,Qtr 2,June,15,"$670,00","$0,00"
518,9,2025,Qtr 2,June,22,"$670,00","$0,00"
518,10,2025,Qtr 2,June,29,"$670,00","$0,00"
518,11,2025,Qtr 3,July,6,"$670,00","$0,00"
518,12,2025,Qtr 3,July,13,"$670,00","$0,00"
518,13,2025,Qtr 3,July,20,"$670,00","$0,00"
518,14,2025,Qtr 3,July,27,"$670,00","$0,00"
518,15,2025,Qtr 3,August,3,"$670,00","$0,00"
518,16,2025,Qtr 3,August,10,"$670,00","$0,00"
518,17,2025,Qtr 3,August,17,"$670,00","$0,00"
518,18,2025,Qtr 3,August,24,"$670,00","$0,00"
518,19,2025,Qtr 3,August,31,"$670,00","$0,00"
518,20,2025,Qtr 3,September,7,"$670,00","$0,00"
518,21,2025,Qtr 3,September,14,"$670,00","$0,00"
518,22,2025,Qtr 3,September,21,"$670,00","$0,00"
518,23,2025,Qtr 3,September,28,"$670,00","$0,00"
518,24,2025,Qtr 4,October,5,"$670,00","$0,00"
518,25,2025,Qtr 4,October,12,"$670,00","$0,00"
518,26,2025,Qtr 4,October,19,"$670,00","$0,00"
522,0,2026,Qtr 1,February,1,"$799,00","$799,00"
522,1,2026,Qtr 1,February,8,"$233,85","$233,85"
522,2,2026,Qtr 1,February,15,"$233,85","$233,85"
522,3,2026,Qtr 1,February,22,"$233,85","$250,00"
522,4,2026,Qtr 1,March,1,"$233,85","$233,85"
522,5,2026,Qtr 1,March,8,"$233,85","$0,00"
522,6,2026,Qtr 1,March,15,"$233,85","$0,00"
522,7,2026,Qtr 1,March,22,"$233,85","$0,00"
522,8,2026,Qtr 1,March,29,"$233,85","$0,00"
522,9,2026,Qtr 2,April,5,"$233,85","$0,00"
522,10,2026,Qtr 2,April,12,"$233,85","$0,00"
522,11,2026,Qtr 2,April,19,"$233,85","$0,00"
522,12,2026,Qtr 2,April,26,"$233,85","$0,00"
522,13,2026,Qtr 2,May,3,"$233,85","$0,00"
522,14,2026,Qtr 2,May,10,"$233,85","$0,00"
522,15,2026,Qtr 2,May,17,"$233,85","$0,00"
522,16,2026,Qtr 2,May,24,"$233,85","$0,00"
522,17,2026,Qtr 2,May,31,"$233,85","$0,00"
527,0,2025,Qtr 4,October,6,"$1249,00","$1249,00"
527,1,2025,Qtr 4,October,13,"$309,00","$309,00"
527,2,2025,Qtr 4,October,20,"$309,00","$309,00"
527,3,2025,Qtr 4,October,27,"$309,00","$309,00"
527,4,2025,Qtr 4,November,3,"$309,00","$309,00"
527,5,2025,Qtr 4,November,10,"$309,00","$309,00"
527,6,2025,Qtr 4,November,17,"$309,00","$309,00"
527,7,2025,Qtr 4,November,24,"$309,00","$309,00"
527,8,2025,Qtr 4,December,1,"$309,00","$309,00"
527,9,2025,Qtr 4,December,8,"$309,00","$309,00"
527,10,2025,Qtr 4,December,15,"$309,00","$309,00"
527,11,2025,Qtr 4,December,22,"$309,00","$309,00"
527,12,2025,Qtr 4,December,29,"$309,00","$309,00"
527,13,2026,Qtr 1,January,5,"$309,00","$309,00"
527,14,2026,Qtr 1,January,12,"$309,00","$309,00"
527,15,2026,Qtr 1,January,19,"$309,00","$309,00"
527,16,2026,Qtr 1,January,26,"$309,00","$309,00"
527,17,2026,Qtr 1,February,2,"$309,00","$309,00"
527,18,2026,Qtr 1,February,9,"$309,00","$309,00"
527,19,2026,Qtr 1,February,16,"$309,00","$309,00"
527,20,2026,Qtr 1,February,23,"$309,00","$309,00"
527,21,2026,Qtr 1,March,2,"$309,00","$309,00"
527,22,2026,Qtr 1,March,9,"$309,00","$309,00"
527,23,2026,Qtr 1,March,16,"$309,00","$309,00"
527,24,2026,Qtr 1,March,23,"$309,00","$309,00"
527,25,2026,Qtr 1,March,30,"$309,00","$309,00"
527,26,2026,Qtr 2,April,6,"$309,00","$309,00"
527,27,2026,Qtr 2,April,13,"$309,00","$309,00"
527,28,2026,Qtr 2,April,20,"$309,00","$309,00"
527,29,2026,Qtr 2,April,27,"$309,00","$0,00"
527,30,2026,Qtr 2,May,4,"$309,00","$0,00"
527,31,2026,Qtr 2,May,11,"$309,00","$0,00"
527,32,2026,Qtr 2,May,18,"$309,00","$0,00"
527,33,2026,Qtr 2,May,25,"$309,00","$0,00"
527,34,2026,Qtr 2,June,1,"$309,00","$0,00"
528,0,2025,Qtr 4,November,25,"$1249,00","$1249,00"
528,1,2025,Qtr 4,December,2,"$376,35","$376,00"
528,2,2025,Qtr 4,December,9,"$376,35","$376,00"
528,3,2025,Qtr 4,December,16,"$376,35","$376,00"
528,4,2025,Qtr 4,December,23,"$376,35","$376,00"
528,5,2025,Qtr 4,December,30,"$376,35","$376,00"
528,6,2026,Qtr 1,January,6,"$376,35","$376,35"
528,7,2026,Qtr 1,January,13,"$376,35","$376,00"
528,8,2026,Qtr 1,January,20,"$376,35","$376,00"
528,9,2026,Qtr 1,January,27,"$376,35","$376,35"
528,10,2026,Qtr 1,February,3,"$376,35","$376,35"
528,11,2026,Qtr 1,February,10,"$376,35","$376,35"
528,12,2026,Qtr 1,February,17,"$376,35","$376,35"
528,13,2026,Qtr 1,February,24,"$376,35","$376,35"
528,14,2026,Qtr 1,March,3,"$376,35","$376,35"
528,15,2026,Qtr 1,March,10,"$376,35","$376,35"
528,16,2026,Qtr 1,March,17,"$376,35","$376,35"
528,17,2026,Qtr 1,March,24,"$376,35","$376,35"
528,18,2026,Qtr 1,March,31,"$376,35","$376,35"
528,19,2026,Qtr 2,April,7,"$376,35","$376,35"
528,20,2026,Qtr 2,April,14,"$376,35","$376,35"
528,21,2026,Qtr 2,April,21,"$376,35","$376,35"
528,22,2026,Qtr 2,April,28,"$376,35","$376,35"
528,23,2026,Qtr 2,May,5,"$376,35","$376,35"
528,24,2026,Qtr 2,May,12,"$376,35","$376,35"
528,25,2026,Qtr 2,May,19,"$376,35","$376,35"
528,26,2026,Qtr 2,May,26,"$376,35","$378,70"
529,0,2025,Qtr 4,December,2,"$799,00","$799,00"
529,1,2025,Qtr 4,December,9,"$233,85","$234,00"
529,2,2025,Qtr 4,December,16,"$233,85","$234,00"
529,3,2025,Qtr 4,December,23,"$233,85","$234,00"
529,4,2025,Qtr 4,December,30,"$233,85","$234,00"
529,5,2026,Qtr 1,January,6,"$233,85","$234,00"
529,6,2026,Qtr 1,January,13,"$233,85","$233,85"
529,7,2026,Qtr 1,January,20,"$233,85","$0,00"
529,8,2026,Qtr 1,January,27,"$233,85","$0,00"
529,9,2026,Qtr 1,February,3,"$233,85","$0,00"
529,10,2026,Qtr 1,February,10,"$233,85","$0,00"
529,11,2026,Qtr 1,February,17,"$233,85","$0,00"
529,12,2026,Qtr 1,February,24,"$233,85","$0,00"
529,13,2026,Qtr 1,March,3,"$233,85","$0,00"
529,14,2026,Qtr 1,March,10,"$233,85","$0,00"
529,15,2026,Qtr 1,March,17,"$233,85","$0,00"
529,16,2026,Qtr 1,March,24,"$233,85","$0,00"
529,17,2026,Qtr 1,March,31,"$233,85","$0,00"
529,18,2026,Qtr 2,April,7,"$233,85","$0,00"
529,19,2026,Qtr 2,April,14,"$233,85","$0,00"
529,20,2026,Qtr 2,April,21,"$233,85","$0,00"
529,21,2026,Qtr 2,April,28,"$233,85","$0,00"
529,22,2026,Qtr 2,May,5,"$233,85","$0,00"
529,23,2026,Qtr 2,May,12,"$233,85","$0,00"
529,24,2026,Qtr 2,May,19,"$233,85","$0,00"
529,25,2026,Qtr 2,May,26,"$233,85","$0,00"
529,26,2026,Qtr 2,June,2,"$233,85","$0,00"
530,0,2025,Qtr 4,December,15,"$600,00","$600,00"
530,1,2025,Qtr 4,December,22,"$490,24","$492,00"
530,2,2025,Qtr 4,December,29,"$490,24","$492,00"
530,3,2026,Qtr 1,January,5,"$490,24","$492,00"
530,4,2026,Qtr 1,January,12,"$490,24","$490,24"
530,5,2026,Qtr 1,January,19,"$490,24","$492,00"
530,6,2026,Qtr 1,January,26,"$490,24","$492,00"
530,7,2026,Qtr 1,February,2,"$490,24","$492,00"
530,8,2026,Qtr 1,February,9,"$490,24","$492,00"
530,9,2026,Qtr 1,February,16,"$490,24","$492,00"
530,10,2026,Qtr 1,February,23,"$490,24","$490,24"
530,11,2026,Qtr 1,March,2,"$490,24","$0,00"
530,12,2026,Qtr 1,March,9,"$490,24","$0,00"
530,13,2026,Qtr 1,March,16,"$490,24","$0,00"
530,14,2026,Qtr 1,March,23,"$490,24","$0,00"
530,15,2026,Qtr 1,March,30,"$490,24","$0,00"
530,16,2026,Qtr 2,April,6,"$490,24","$0,00"
530,17,2026,Qtr 2,April,13,"$490,24","$0,00"
530,18,2026,Qtr 2,April,20,"$490,24","$0,00"
530,19,2026,Qtr 2,April,27,"$490,24","$0,00"
530,20,2026,Qtr 2,May,4,"$490,24","$0,00"
530,21,2026,Qtr 2,May,11,"$490,24","$0,00"
530,22,2026,Qtr 2,May,18,"$490,24","$0,00"
530,23,2026,Qtr 2,May,25,"$490,24","$0,00"
530,24,2026,Qtr 2,June,1,"$490,24","$0,00"
531,0,2025,Qtr 2,June,13,"$1249,00","$1249,00"
531,1,2025,Qtr 2,June,20,"$227,33","$227,00"
531,2,2025,Qtr 2,June,27,"$227,33","$227,00"
531,3,2025,Qtr 3,July,4,"$227,33","$227,00"
531,4,2025,Qtr 3,July,11,"$227,33","$227,00"
531,5,2025,Qtr 3,July,18,"$227,33","$227,00"
531,6,2025,Qtr 3,July,25,"$227,33","$227,00"
531,7,2025,Qtr 3,August,1,"$227,33","$227,00"
531,8,2025,Qtr 3,August,8,"$227,33","$227,00"
531,9,2025,Qtr 3,August,15,"$227,33","$227,00"
531,10,2025,Qtr 3,August,22,"$227,33","$227,00"
531,11,2025,Qtr 3,August,29,"$227,33","$227,00"
531,12,2025,Qtr 3,September,5,"$227,33","$227,00"
531,13,2025,Qtr 3,September,12,"$227,33","$227,33"
531,14,2025,Qtr 3,September,19,"$227,33","$227,00"
531,15,2025,Qtr 3,September,26,"$227,33","$227,00"
531,16,2025,Qtr 4,October,3,"$227,33","$227,00"
531,17,2025,Qtr 4,October,10,"$227,33","$227,00"
531,18,2025,Qtr 4,October,17,"$227,33","$227,00"
531,19,2025,Qtr 4,October,24,"$227,33","$227,00"
531,20,2025,Qtr 4,October,31,"$227,33","$227,00"
531,21,2025,Qtr 4,November,7,"$227,33","$227,00"
531,22,2025,Qtr 4,November,14,"$227,33","$227,00"
531,23,2025,Qtr 4,November,21,"$227,33","$227,00"
531,24,2025,Qtr 4,November,28,"$227,33","$224,00"
531,25,2025,Qtr 4,December,5,"$227,33","$224,00"
531,26,2025,Qtr 4,December,12,"$227,33","$227,00"
531,27,2025,Qtr 4,December,19,"$227,33","$277,00"
531,28,2025,Qtr 4,December,26,"$227,33","$227,00"
531,29,2026,Qtr 1,January,2,"$227,33","$227,00"
531,30,2026,Qtr 1,January,9,"$227,33","$227,00"
531,31,2026,Qtr 1,January,16,"$227,33","$227,00"
531,32,2026,Qtr 1,January,23,"$227,33","$227,33"
531,33,2026,Qtr 1,January,30,"$227,33","$227,33"
531,34,2026,Qtr 1,February,6,"$227,33","$227,33"
531,35,2026,Qtr 1,February,13,"$227,33","$227,33"
531,36,2026,Qtr 1,February,20,"$227,33","$227,33"
531,37,2026,Qtr 1,February,27,"$227,33","$227,33"
531,38,2026,Qtr 1,March,6,"$227,33","$1330,00"
531,39,2026,Qtr 1,March,13,"$227,33","$0,00"
531,40,2026,Qtr 1,March,20,"$227,33","$0,00"
531,41,2026,Qtr 1,March,27,"$227,33","$0,00"
531,42,2026,Qtr 2,April,3,"$227,33","$0,00"
531,43,2026,Qtr 2,April,10,"$227,33","$0,00"
532,0,2025,Qtr 4,October,6,"$799,00","$799,00"
532,1,2025,Qtr 4,October,13,"$219,23","$223,00"
532,2,2025,Qtr 4,October,20,"$219,23","$233,00"
532,3,2025,Qtr 4,October,27,"$219,23","$233,00"
532,4,2025,Qtr 4,November,3,"$219,23","$233,00"
532,5,2025,Qtr 4,November,10,"$219,23","$223,00"
532,6,2025,Qtr 4,November,17,"$219,23","$233,00"
532,7,2025,Qtr 4,November,24,"$219,23","$233,00"
532,8,2025,Qtr 4,December,1,"$219,23","$233,00"
532,9,2025,Qtr 4,December,8,"$219,23","$233,00"
532,10,2025,Qtr 4,December,15,"$219,23","$233,00"
532,11,2025,Qtr 4,December,22,"$219,23","$233,00"
532,12,2025,Qtr 4,December,29,"$219,23","$233,00"
532,13,2026,Qtr 1,January,5,"$219,23","$233,00"
532,14,2026,Qtr 1,January,12,"$219,23","$233,00"
532,15,2026,Qtr 1,January,19,"$219,23","$233,00"
532,16,2026,Qtr 1,January,26,"$219,23","$219,23"
532,17,2026,Qtr 1,February,2,"$219,23","$219,23"
532,18,2026,Qtr 1,February,9,"$219,23","$219,23"
532,19,2026,Qtr 1,February,16,"$219,23","$219,23"
532,20,2026,Qtr 1,February,23,"$219,23","$219,23"
532,21,2026,Qtr 1,March,2,"$219,23","$438,46"
532,22,2026,Qtr 1,March,9,"$219,23","$690,00"
532,23,2026,Qtr 1,March,16,"$219,23","$660,00"
532,24,2026,Qtr 1,March,23,"$219,23","$0,00"
532,25,2026,Qtr 1,March,30,"$219,23","$0,00"
532,26,2026,Qtr 2,April,6,"$219,23","$0,00"
533,0,2025,Qtr 4,November,18,"$640,00","$639,90"
533,1,2025,Qtr 4,November,25,"$308,05","$308,00"
533,2,2025,Qtr 4,December,2,"$308,05","$308,05"
533,3,2025,Qtr 4,December,9,"$308,05","$0,00"
533,4,2025,Qtr 4,December,16,"$308,05","$0,00"
533,5,2025,Qtr 4,December,23,"$308,05","$0,00"
533,6,2025,Qtr 4,December,30,"$308,05","$0,00"
533,7,2026,Qtr 1,January,6,"$308,05","$0,00"
533,8,2026,Qtr 1,January,13,"$308,05","$0,00"
533,9,2026,Qtr 1,January,20,"$308,05","$0,00"
533,10,2026,Qtr 1,January,27,"$308,05","$0,00"
533,11,2026,Qtr 1,February,3,"$308,05","$0,00"
533,12,2026,Qtr 1,February,10,"$308,05","$0,00"
533,13,2026,Qtr 1,February,17,"$308,05","$0,00"
533,14,2026,Qtr 1,February,24,"$308,05","$0,00"
533,15,2026,Qtr 1,March,3,"$308,05","$0,00"
533,16,2026,Qtr 1,March,10,"$308,05","$0,00"
533,17,2026,Qtr 1,March,17,"$308,05","$0,00"
533,18,2026,Qtr 1,March,24,"$308,05","$0,00"
533,19,2026,Qtr 1,March,31,"$308,05","$0,00"
533,20,2026,Qtr 2,April,7,"$308,05","$0,00"
533,21,2026,Qtr 2,April,14,"$308,05","$0,00"
533,22,2026,Qtr 2,April,21,"$308,05","$0,00"
533,23,2026,Qtr 2,April,28,"$308,05","$0,00"
533,24,2026,Qtr 2,May,5,"$308,05","$0,00"
533,25,2026,Qtr 2,May,12,"$308,05","$0,00"
533,26,2026,Qtr 2,May,19,"$308,05","$0,00"
533,27,2026,Qtr 2,May,26,"$308,05","$0,00"
533,28,2026,Qtr 2,June,2,"$308,05","$0,00"
534,0,2025,Qtr 3,September,27,"$1250,00","$1250,00"
534,1,2025,Qtr 4,October,4,"$384,00","$384,00"
534,2,2025,Qtr 4,October,11,"$384,00","$384,00"
534,3,2025,Qtr 4,October,18,"$384,00","$384,00"
534,4,2025,Qtr 4,October,25,"$384,00","$384,00"
534,5,2025,Qtr 4,November,1,"$384,00","$384,00"
534,6,2025,Qtr 4,November,8,"$384,00","$384,00"
534,7,2025,Qtr 4,November,15,"$384,00","$384,00"
534,8,2025,Qtr 4,November,22,"$384,00","$384,00"
534,9,2025,Qtr 4,November,29,"$384,00","$384,00"
534,10,2025,Qtr 4,December,6,"$384,00","$384,00"
534,11,2025,Qtr 4,December,13,"$384,00","$384,00"
534,12,2025,Qtr 4,December,20,"$384,00","$384,00"
534,13,2025,Qtr 4,December,27,"$384,00","$384,00"
534,14,2026,Qtr 1,January,3,"$384,00","$384,00"
534,15,2026,Qtr 1,January,10,"$384,00","$384,00"
534,16,2026,Qtr 1,January,17,"$384,00","$384,00"
534,17,2026,Qtr 1,January,24,"$384,00","$383,58"
534,18,2026,Qtr 1,January,31,"$384,00","$384,00"
534,19,2026,Qtr 1,February,7,"$384,00","$384,00"
534,20,2026,Qtr 1,February,14,"$384,00","$384,00"
534,21,2026,Qtr 1,February,21,"$384,00","$384,00"
534,22,2026,Qtr 1,February,28,"$384,00","$384,00"
534,23,2026,Qtr 1,March,7,"$384,00","$384,00"
534,24,2026,Qtr 1,March,14,"$384,00","$384,00"
534,25,2026,Qtr 1,March,21,"$384,00","$384,00"
534,26,2026,Qtr 1,March,28,"$384,00","$384,00"
535,0,2025,Qtr 4,October,6,"$1999,00","$1999,00"
535,1,2025,Qtr 4,October,13,"$390,00","$390,00"
535,2,2025,Qtr 4,October,20,"$390,00","$390,00"
535,3,2025,Qtr 4,October,27,"$390,00","$390,00"
535,4,2025,Qtr 4,November,3,"$390,00","$390,00"
535,5,2025,Qtr 4,November,10,"$390,00","$400,00"
535,6,2025,Qtr 4,November,17,"$390,00","$390,00"
535,7,2025,Qtr 4,November,24,"$390,00","$390,00"
535,8,2025,Qtr 4,December,1,"$390,00","$390,00"
535,9,2025,Qtr 4,December,8,"$390,00","$390,00"
535,10,2025,Qtr 4,December,15,"$390,00","$390,00"
535,11,2025,Qtr 4,December,22,"$390,00","$390,00"
535,12,2025,Qtr 4,December,29,"$390,00","$390,00"
535,13,2026,Qtr 1,January,5,"$390,00","$390,00"
535,14,2026,Qtr 1,January,12,"$390,00","$390,00"
535,15,2026,Qtr 1,January,19,"$390,00","$390,00"
535,16,2026,Qtr 1,January,26,"$390,00","$390,00"
535,17,2026,Qtr 1,February,2,"$390,00","$390,00"
535,18,2026,Qtr 1,February,9,"$390,00","$390,00"
535,19,2026,Qtr 1,February,16,"$390,00","$390,00"
535,20,2026,Qtr 1,February,23,"$390,00","$0,00"
535,21,2026,Qtr 1,March,2,"$390,00","$0,00"
535,22,2026,Qtr 1,March,9,"$390,00","$0,00"
535,23,2026,Qtr 1,March,16,"$390,00","$0,00"
535,24,2026,Qtr 1,March,23,"$390,00","$0,00"
535,25,2026,Qtr 1,March,30,"$390,00","$0,00"
535,26,2026,Qtr 2,April,6,"$390,00","$0,00"
535,27,2026,Qtr 2,April,13,"$390,00","$0,00"
535,28,2026,Qtr 2,April,20,"$390,00","$0,00"
535,29,2026,Qtr 2,April,27,"$390,00","$0,00"
535,30,2026,Qtr 2,May,4,"$390,00","$0,00"
535,31,2026,Qtr 2,May,11,"$390,00","$0,00"
535,32,2026,Qtr 2,May,18,"$390,00","$0,00"
535,33,2026,Qtr 2,May,25,"$390,00","$0,00"
535,34,2026,Qtr 2,June,1,"$390,00","$0,00"
536,0,2025,Qtr 2,April,18,"$799,00","$799,00"
536,1,2025,Qtr 2,April,25,"$160,00","$160,47"
536,2,2025,Qtr 2,May,2,"$160,00","$160,47"
536,3,2025,Qtr 2,May,9,"$160,00","$160,00"
536,4,2025,Qtr 2,May,16,"$160,00","$160,00"
536,5,2025,Qtr 2,May,23,"$160,00","$160,00"
536,6,2025,Qtr 2,May,30,"$160,00","$160,00"
536,7,2025,Qtr 2,June,6,"$160,00","$160,00"
536,8,2025,Qtr 2,June,13,"$160,00","$160,00"
536,9,2025,Qtr 2,June,20,"$160,00","$160,00"
536,10,2025,Qtr 2,June,27,"$160,00","$160,00"
536,11,2025,Qtr 3,July,4,"$160,00","$160,00"
536,12,2025,Qtr 3,July,11,"$160,00","$160,00"
536,13,2025,Qtr 3,July,18,"$160,00","$160,00"
536,14,2025,Qtr 3,July,25,"$160,00","$160,00"
536,15,2025,Qtr 3,August,1,"$160,00","$160,00"
536,16,2025,Qtr 3,August,8,"$160,00","$160,00"
536,17,2025,Qtr 3,August,15,"$160,00","$160,00"
536,18,2025,Qtr 3,August,22,"$160,00","$160,00"
536,19,2025,Qtr 3,August,29,"$160,00","$160,00"
536,20,2025,Qtr 3,September,5,"$160,00","$160,00"
536,21,2025,Qtr 3,September,12,"$160,00","$160,00"
536,22,2025,Qtr 3,September,19,"$160,00","$160,00"
536,23,2025,Qtr 3,September,26,"$160,00","$160,00"
536,24,2025,Qtr 4,October,3,"$160,00","$160,00"
536,25,2025,Qtr 4,October,10,"$160,00","$160,00"
536,26,2025,Qtr 4,October,17,"$160,00","$160,00"
536,27,2025,Qtr 4,October,24,"$160,00","$160,00"
536,28,2025,Qtr 4,October,31,"$160,00","$160,00"
536,29,2025,Qtr 4,November,7,"$160,00","$160,00"
536,30,2025,Qtr 4,November,14,"$160,00","$160,00"
536,31,2025,Qtr 4,November,21,"$160,00","$160,00"
536,32,2025,Qtr 4,November,28,"$160,00","$160,00"
536,33,2025,Qtr 4,December,5,"$160,00","$160,00"
536,34,2025,Qtr 4,December,12,"$160,00","$160,00"
536,35,2025,Qtr 4,December,19,"$160,00","$160,00"
536,36,2025,Qtr 4,December,26,"$160,00","$160,00"
536,37,2026,Qtr 1,January,2,"$160,00","$160,00"
536,38,2026,Qtr 1,January,9,"$160,00","$160,00"
536,39,2026,Qtr 1,January,16,"$160,00","$160,00"
536,40,2026,Qtr 1,January,23,"$160,00","$160,00"
536,41,2026,Qtr 1,January,30,"$160,00","$160,00"
536,42,2026,Qtr 1,February,6,"$160,00","$160,00"
536,43,2026,Qtr 1,February,13,"$160,00","$180,00"
537,0,2025,Qtr 4,December,16,"$400,00","$399,50"
537,1,2025,Qtr 4,December,23,"$359,95","$300,00"
537,2,2025,Qtr 4,December,30,"$359,95","$300,00"
537,3,2026,Qtr 1,January,6,"$359,95","$300,00"
537,4,2026,Qtr 1,January,13,"$359,95","$300,00"
537,5,2026,Qtr 1,January,20,"$359,95","$300,00"
537,6,2026,Qtr 1,January,27,"$359,95","$359,95"
537,7,2026,Qtr 1,February,3,"$359,95","$0,00"
537,8,2026,Qtr 1,February,10,"$359,95","$0,00"
537,9,2026,Qtr 1,February,17,"$359,95","$0,00"
537,10,2026,Qtr 1,February,24,"$359,95","$0,00"
537,11,2026,Qtr 1,March,3,"$359,95","$0,00"
537,12,2026,Qtr 1,March,10,"$359,95","$0,00"
537,13,2026,Qtr 1,March,17,"$359,95","$0,00"
537,14,2026,Qtr 1,March,24,"$359,95","$0,00"
537,15,2026,Qtr 1,March,31,"$359,95","$0,00"
539,0,2025,Qtr 4,November,15,"$380,00","$379,90"
539,1,2025,Qtr 4,November,22,"$181,81","$181,00"
539,2,2025,Qtr 4,November,29,"$181,81","$181,00"
539,3,2025,Qtr 4,December,6,"$181,81","$181,00"
539,4,2025,Qtr 4,December,13,"$181,81","$181,00"
539,5,2025,Qtr 4,December,20,"$181,81","$181,00"
539,6,2025,Qtr 4,December,27,"$181,81","$181,00"
539,7,2026,Qtr 1,January,3,"$181,81","$180,00"
539,8,2026,Qtr 1,January,10,"$181,81","$181,00"
539,9,2026,Qtr 1,January,17,"$181,81","$181,81"
539,10,2026,Qtr 1,January,24,"$181,81","$181,81"
539,11,2026,Qtr 1,January,31,"$181,81","$181,81"
539,12,2026,Qtr 1,February,7,"$181,81","$181,81"
539,13,2026,Qtr 1,February,14,"$181,81","$181,81"
539,14,2026,Qtr 1,February,21,"$181,81","$181,81"
539,15,2026,Qtr 1,February,28,"$181,81","$181,81"
539,16,2026,Qtr 1,March,7,"$181,81","$181,81"
539,17,2026,Qtr 1,March,14,"$181,81","$181,81"
539,18,2026,Qtr 1,March,21,"$181,81","$181,81"
539,19,2026,Qtr 1,March,28,"$181,81","$181,81"
539,20,2026,Qtr 2,April,4,"$181,81","$181,81"
539,21,2026,Qtr 2,April,11,"$181,81","$181,81"
539,22,2026,Qtr 2,April,18,"$181,81","$0,00"
539,23,2026,Qtr 2,April,25,"$181,81","$0,00"
539,24,2026,Qtr 2,May,2,"$181,81","$0,00"
539,25,2026,Qtr 2,May,9,"$181,81","$0,00"
539,26,2026,Qtr 2,May,16,"$181,81","$0,00"
539,27,2026,Qtr 2,May,23,"$181,81","$0,00"
539,28,2026,Qtr 2,May,30,"$181,81","$0,00"
540,0,2025,Qtr 4,November,19,"$400,00","$399,90"
540,1,2025,Qtr 4,November,26,"$192,51","$192,51"
540,2,2025,Qtr 4,December,3,"$192,51","$192,51"
540,3,2025,Qtr 4,December,10,"$192,51","$192,51"
540,4,2025,Qtr 4,December,17,"$192,51","$192,51"
540,5,2025,Qtr 4,December,24,"$192,51","$192,51"
540,6,2025,Qtr 4,December,31,"$192,51","$192,51"
540,7,2026,Qtr 1,January,7,"$192,51","$193,00"
540,8,2026,Qtr 1,January,14,"$192,51","$193,00"
540,9,2026,Qtr 1,January,21,"$192,51","$192,51"
540,10,2026,Qtr 1,January,28,"$192,51","$193,00"
540,11,2026,Qtr 1,February,4,"$192,51","$193,00"
540,12,2026,Qtr 1,February,11,"$192,51","$192,51"
540,13,2026,Qtr 1,February,18,"$192,51","$193,00"
540,14,2026,Qtr 1,February,25,"$192,51","$193,00"
540,15,2026,Qtr 1,March,4,"$192,51","$193,00"
540,16,2026,Qtr 1,March,11,"$192,51","$193,00"
540,17,2026,Qtr 1,March,18,"$192,51","$193,00"
540,18,2026,Qtr 1,March,25,"$192,51","$192,51"
540,19,2026,Qtr 2,April,1,"$192,51","$192,51"
540,20,2026,Qtr 2,April,8,"$192,51","$192,51"
540,21,2026,Qtr 2,April,15,"$192,51","$0,00"
540,22,2026,Qtr 2,April,22,"$192,51","$0,00"
540,23,2026,Qtr 2,April,29,"$192,51","$0,00"
540,24,2026,Qtr 2,May,6,"$192,51","$0,00"
540,25,2026,Qtr 2,May,13,"$192,51","$0,00"
540,26,2026,Qtr 2,May,20,"$192,51","$0,00"
540,27,2026,Qtr 2,May,27,"$192,51","$0,00"
540,28,2026,Qtr 2,June,3,"$192,51","$0,00"
541,0,2025,Qtr 2,April,24,"$999,00","$999,00"
541,1,2025,Qtr 2,May,1,"$230,00","$230,00"
541,2,2025,Qtr 2,May,8,"$230,00","$230,00"
541,3,2025,Qtr 2,May,15,"$230,00","$230,00"
541,4,2025,Qtr 2,May,22,"$230,00","$230,00"
541,5,2025,Qtr 2,May,29,"$230,00","$230,00"
541,6,2025,Qtr 2,June,5,"$230,00","$230,00"
541,7,2025,Qtr 2,June,12,"$230,00","$230,00"
541,8,2025,Qtr 2,June,19,"$230,00","$230,00"
541,9,2025,Qtr 2,June,26,"$230,00","$230,00"
541,10,2025,Qtr 3,July,3,"$230,00","$230,00"
541,11,2025,Qtr 3,July,10,"$230,00","$230,00"
541,12,2025,Qtr 3,July,17,"$230,00","$230,00"
541,13,2025,Qtr 3,July,24,"$230,00","$230,00"
541,14,2025,Qtr 3,July,31,"$230,00","$230,00"
541,15,2025,Qtr 3,August,7,"$230,00","$230,00"
541,16,2025,Qtr 3,August,14,"$230,00","$230,00"
541,17,2025,Qtr 3,August,21,"$230,00","$230,00"
541,18,2025,Qtr 3,August,28,"$230,00","$230,00"
541,19,2025,Qtr 3,September,4,"$230,00","$230,00"
541,20,2025,Qtr 3,September,11,"$230,00","$230,00"
541,21,2025,Qtr 3,September,18,"$230,00","$230,00"
541,22,2025,Qtr 3,September,25,"$230,00","$230,00"
541,23,2025,Qtr 4,October,2,"$230,00","$230,00"
541,24,2025,Qtr 4,October,9,"$230,00","$230,00"
541,25,2025,Qtr 4,October,16,"$230,00","$230,00"
541,26,2025,Qtr 4,October,23,"$230,00","$230,00"
541,27,2025,Qtr 4,October,30,"$230,00","$230,00"
541,28,2025,Qtr 4,November,6,"$230,00","$230,00"
541,29,2025,Qtr 4,November,13,"$230,00","$230,00"
541,30,2025,Qtr 4,November,20,"$230,00","$230,00"
541,31,2025,Qtr 4,November,27,"$230,00","$230,00"
541,32,2025,Qtr 4,December,4,"$230,00","$230,00"
541,33,2025,Qtr 4,December,11,"$230,00","$230,00"
541,34,2025,Qtr 4,December,18,"$230,00","$230,00"
541,35,2025,Qtr 4,December,25,"$230,00","$230,00"
541,36,2026,Qtr 1,January,1,"$230,00","$230,00"
541,37,2026,Qtr 1,January,8,"$230,00","$230,00"
541,38,2026,Qtr 1,January,15,"$230,00","$230,00"
541,39,2026,Qtr 1,January,22,"$230,00","$230,00"
541,40,2026,Qtr 1,January,29,"$230,00","$230,00"
541,41,2026,Qtr 1,February,5,"$230,00","$230,00"
541,42,2026,Qtr 1,February,12,"$230,00","$230,00"
541,43,2026,Qtr 1,February,19,"$230,00","$230,00"
542,0,2025,Qtr 3,September,28,"$999,00","$999,00"
542,1,2025,Qtr 4,October,5,"$294,00","$294,00"
542,2,2025,Qtr 4,October,12,"$294,00","$294,00"
542,3,2025,Qtr 4,October,19,"$294,00","$294,00"
542,4,2025,Qtr 4,October,26,"$294,00","$294,00"
542,5,2025,Qtr 4,November,2,"$294,00","$294,00"
542,6,2025,Qtr 4,November,9,"$294,00","$294,00"
542,7,2025,Qtr 4,November,16,"$294,00","$294,00"
542,8,2025,Qtr 4,November,23,"$294,00","$294,00"
542,9,2025,Qtr 4,November,30,"$294,00","$294,00"
542,10,2025,Qtr 4,December,7,"$294,00","$294,00"
542,11,2025,Qtr 4,December,14,"$294,00","$294,00"
542,12,2025,Qtr 4,December,21,"$294,00","$294,00"
542,13,2025,Qtr 4,December,28,"$294,00","$294,00"
542,14,2026,Qtr 1,January,4,"$294,00","$294,00"
542,15,2026,Qtr 1,January,11,"$294,00","$294,00"
542,16,2026,Qtr 1,January,18,"$294,00","$294,00"
542,17,2026,Qtr 1,January,25,"$294,00","$294,00"
542,18,2026,Qtr 1,February,1,"$294,00","$294,00"
542,19,2026,Qtr 1,February,8,"$294,00","$294,00"
542,20,2026,Qtr 1,February,15,"$294,00","$294,00"
542,21,2026,Qtr 1,February,22,"$294,00","$294,00"
542,22,2026,Qtr 1,March,1,"$294,00","$294,00"
542,23,2026,Qtr 1,March,8,"$294,00","$294,00"
542,24,2026,Qtr 1,March,15,"$294,00","$294,00"
542,25,2026,Qtr 1,March,22,"$294,00","$294,00"
542,26,2026,Qtr 1,March,29,"$294,00","$294,00"
542,27,2026,Qtr 2,April,5,"$294,00","$294,00"
542,28,2026,Qtr 2,April,12,"$294,00","$294,00"
542,29,2026,Qtr 2,April,19,"$294,00","$294,00"
542,30,2026,Qtr 2,April,26,"$294,00","$294,00"
542,31,2026,Qtr 2,May,3,"$294,00","$0,00"
542,32,2026,Qtr 2,May,10,"$294,00","$0,00"
542,33,2026,Qtr 2,May,17,"$294,00","$0,00"
542,34,2026,Qtr 2,May,24,"$294,00","$0,00"
542,35,2026,Qtr 2,May,31,"$294,00","$0,00"
543,0,2025,Qtr 4,November,1,"$999,00","$999,00"
543,1,2025,Qtr 4,November,8,"$258,00","$258,00"
543,2,2025,Qtr 4,November,15,"$258,00","$258,00"
543,3,2025,Qtr 4,November,22,"$258,00","$258,00"
543,4,2025,Qtr 4,November,29,"$258,00","$258,00"
543,5,2025,Qtr 4,December,6,"$258,00","$258,00"
543,6,2025,Qtr 4,December,13,"$258,00","$255,00"
543,7,2025,Qtr 4,December,20,"$258,00","$0,00"
543,8,2025,Qtr 4,December,27,"$258,00","$0,00"
543,9,2026,Qtr 1,January,3,"$258,00","$0,00"
543,10,2026,Qtr 1,January,10,"$258,00","$0,00"
543,11,2026,Qtr 1,January,17,"$258,00","$0,00"
543,12,2026,Qtr 1,January,24,"$258,00","$0,00"
543,13,2026,Qtr 1,January,31,"$258,00","$0,00"
543,14,2026,Qtr 1,February,7,"$258,00","$0,00"
543,15,2026,Qtr 1,February,14,"$258,00","$0,00"
543,16,2026,Qtr 1,February,21,"$258,00","$0,00"
543,17,2026,Qtr 1,February,28,"$258,00","$0,00"
543,18,2026,Qtr 1,March,7,"$258,00","$0,00"
543,19,2026,Qtr 1,March,14,"$258,00","$0,00"
543,20,2026,Qtr 1,March,21,"$258,00","$0,00"
543,21,2026,Qtr 1,March,28,"$258,00","$0,00"
543,22,2026,Qtr 2,April,4,"$258,00","$0,00"
543,23,2026,Qtr 2,April,11,"$258,00","$0,00"
543,24,2026,Qtr 2,April,18,"$258,00","$0,00"
543,25,2026,Qtr 2,April,25,"$258,00","$0,00"
543,26,2026,Qtr 2,May,2,"$258,00","$0,00"
543,27,2026,Qtr 2,May,9,"$258,00","$0,00"
543,28,2026,Qtr 2,May,16,"$258,00","$0,00"
543,29,2026,Qtr 2,May,23,"$258,00","$0,00"
543,30,2026,Qtr 2,May,30,"$258,00","$0,00"
544,0,2025,Qtr 3,August,23,"$624,00","$624,50"
544,1,2025,Qtr 3,August,30,"$208,53","$209,00"
544,2,2025,Qtr 3,September,6,"$208,53","$209,00"
544,3,2025,Qtr 3,September,13,"$208,53","$209,00"
544,4,2025,Qtr 3,September,20,"$208,53","$209,00"
544,5,2025,Qtr 3,September,27,"$208,53","$209,00"
544,6,2025,Qtr 4,October,4,"$208,53","$209,00"
544,7,2025,Qtr 4,October,11,"$208,53","$209,00"
544,8,2025,Qtr 4,October,18,"$208,53","$209,00"
544,9,2025,Qtr 4,October,25,"$208,53","$209,00"
544,10,2025,Qtr 4,November,1,"$208,53","$209,00"
544,11,2025,Qtr 4,November,8,"$208,53","$209,00"
544,12,2025,Qtr 4,November,15,"$208,53","$209,00"
544,13,2025,Qtr 4,November,22,"$208,53","$209,00"
544,14,2025,Qtr 4,November,29,"$208,53","$209,00"
544,15,2025,Qtr 4,December,6,"$208,53","$209,00"
544,16,2025,Qtr 4,December,13,"$208,53","$209,00"
544,17,2025,Qtr 4,December,20,"$208,53","$209,00"
544,18,2025,Qtr 4,December,27,"$208,53","$209,00"
544,19,2026,Qtr 1,January,3,"$208,53","$209,00"
544,20,2026,Qtr 1,January,10,"$208,53","$209,00"
544,21,2026,Qtr 1,January,17,"$208,53","$209,00"
544,22,2026,Qtr 1,January,24,"$208,53","$208,53"
544,23,2026,Qtr 1,January,31,"$208,53","$208,53"
544,24,2026,Qtr 1,February,7,"$208,53","$208,53"
544,25,2026,Qtr 1,February,14,"$208,53","$209,00"
544,26,2026,Qtr 1,February,21,"$208,53","$209,00"
544,27,2026,Qtr 1,February,28,"$208,53","$209,00"
544,28,2026,Qtr 1,March,7,"$208,53","$208,53"
544,29,2026,Qtr 1,March,14,"$208,53","$209,00"
544,30,2026,Qtr 1,March,21,"$208,53","$208,53"
544,31,2026,Qtr 1,March,28,"$208,53","$208,53"
544,32,2026,Qtr 2,April,4,"$208,53","$209,00"
544,33,2026,Qtr 2,April,11,"$208,53","$208,53"
544,34,2026,Qtr 2,April,18,"$208,53","$208,53"
544,35,2026,Qtr 2,April,25,"$208,53","$208,53"
544,36,2026,Qtr 2,May,2,"$208,53","$208,53"
544,37,2026,Qtr 2,May,9,"$208,53","$208,53"
544,38,2026,Qtr 2,May,16,"$208,53","$0,00"
544,39,2026,Qtr 2,May,23,"$208,53","$0,00"
544,40,2026,Qtr 2,May,30,"$208,53","$0,00"
545,0,2025,Qtr 4,November,18,"$380,00","$379,90"
545,1,2025,Qtr 4,November,25,"$182,88","$182,66"
545,2,2025,Qtr 4,December,2,"$182,88","$182,66"
545,3,2025,Qtr 4,December,9,"$182,88","$182,66"
545,4,2025,Qtr 4,December,16,"$182,88","$182,66"
545,5,2025,Qtr 4,December,23,"$182,88","$182,66"
545,6,2025,Qtr 4,December,30,"$182,88","$182,00"
545,7,2026,Qtr 1,January,6,"$182,88","$182,00"
545,8,2026,Qtr 1,January,13,"$182,88","$182,88"
545,9,2026,Qtr 1,January,20,"$182,88","$200,00"
545,10,2026,Qtr 1,January,27,"$182,88","$182,88"
545,11,2026,Qtr 1,February,3,"$182,88","$182,88"
545,12,2026,Qtr 1,February,10,"$182,88","$182,88"
545,13,2026,Qtr 1,February,17,"$182,88","$182,88"
545,14,2026,Qtr 1,February,24,"$182,88","$182,88"
545,15,2026,Qtr 1,March,3,"$182,88","$182,88"
545,16,2026,Qtr 1,March,10,"$182,88","$182,88"
545,17,2026,Qtr 1,March,17,"$182,88","$182,88"
545,18,2026,Qtr 1,March,24,"$182,88","$182,88"
545,19,2026,Qtr 1,March,31,"$182,88","$182,88"
545,20,2026,Qtr 2,April,7,"$182,88","$182,88"
545,21,2026,Qtr 2,April,14,"$182,88","$0,00"
545,22,2026,Qtr 2,April,21,"$182,88","$0,00"
545,23,2026,Qtr 2,April,28,"$182,88","$0,00"
545,24,2026,Qtr 2,May,5,"$182,88","$0,00"
545,25,2026,Qtr 2,May,12,"$182,88","$0,00"
545,26,2026,Qtr 2,May,19,"$182,88","$0,00"
545,27,2026,Qtr 2,May,26,"$182,88","$0,00"
545,28,2026,Qtr 2,June,2,"$182,88","$0,00"
546,0,2025,Qtr 4,November,23,"$799,00","$799,00"
546,1,2025,Qtr 4,November,30,"$180,00","$198,00"
546,2,2025,Qtr 4,December,7,"$180,00","$198,00"
546,3,2025,Qtr 4,December,14,"$180,00","$198,00"
546,4,2025,Qtr 4,December,21,"$180,00","$198,00"
546,5,2025,Qtr 4,December,28,"$180,00","$180,00"
546,6,2026,Qtr 1,January,4,"$180,00","$198,00"
546,7,2026,Qtr 1,January,11,"$180,00","$180,00"
546,8,2026,Qtr 1,January,18,"$180,00","$180,00"
546,9,2026,Qtr 1,January,25,"$180,00","$180,00"
546,10,2026,Qtr 1,February,1,"$180,00","$180,00"
546,11,2026,Qtr 1,February,8,"$180,00","$180,00"
546,12,2026,Qtr 1,February,15,"$180,00","$0,00"
546,13,2026,Qtr 1,February,22,"$180,00","$0,00"
546,14,2026,Qtr 1,March,1,"$180,00","$0,00"
546,15,2026,Qtr 1,March,8,"$180,00","$0,00"
546,16,2026,Qtr 1,March,15,"$180,00","$0,00"
546,17,2026,Qtr 1,March,22,"$180,00","$0,00"
546,18,2026,Qtr 1,March,29,"$180,00","$0,00"
546,19,2026,Qtr 2,April,5,"$180,00","$0,00"
546,20,2026,Qtr 2,April,12,"$180,00","$0,00"
546,21,2026,Qtr 2,April,19,"$180,00","$0,00"
546,22,2026,Qtr 2,April,26,"$180,00","$0,00"
546,23,2026,Qtr 2,May,3,"$180,00","$0,00"
546,24,2026,Qtr 2,May,10,"$180,00","$0,00"
546,25,2026,Qtr 2,May,17,"$180,00","$0,00"
546,26,2026,Qtr 2,May,24,"$180,00","$0,00"
546,27,2026,Qtr 2,May,31,"$180,00","$0,00"
547,0,2026,Qtr 1,February,12,"$799,00","$799,00"
547,1,2026,Qtr 1,February,19,"$320,00","$320,00"
547,2,2026,Qtr 1,February,26,"$320,00","$0,00"
547,3,2026,Qtr 1,March,5,"$320,00","$0,00"
547,4,2026,Qtr 1,March,12,"$320,00","$0,00"
547,5,2026,Qtr 1,March,19,"$320,00","$0,00"
547,6,2026,Qtr 1,March,26,"$320,00","$0,00"
547,7,2026,Qtr 2,April,2,"$320,00","$0,00"
547,8,2026,Qtr 2,April,9,"$320,00","$0,00"
547,9,2026,Qtr 2,April,16,"$320,00","$0,00"
547,10,2026,Qtr 2,April,23,"$320,00","$0,00"
547,11,2026,Qtr 2,April,30,"$320,00","$0,00"
547,12,2026,Qtr 2,May,7,"$320,00","$0,00"
547,13,2026,Qtr 2,May,14,"$320,00","$0,00"
547,14,2026,Qtr 2,May,21,"$320,00","$0,00"
547,15,2026,Qtr 2,May,28,"$320,00","$0,00"
548,0,2026,Qtr 1,February,4,"$799,00","$799,00"
548,1,2026,Qtr 1,February,11,"$300,00","$300,00"
548,2,2026,Qtr 1,February,18,"$300,00","$300,00"
548,3,2026,Qtr 1,February,25,"$300,00","$300,00"
548,4,2026,Qtr 1,March,4,"$300,00","$300,00"
548,5,2026,Qtr 1,March,11,"$300,00","$300,00"
548,6,2026,Qtr 1,March,18,"$300,00","$300,00"
548,7,2026,Qtr 1,March,25,"$300,00","$300,00"
548,8,2026,Qtr 2,April,1,"$300,00","$300,00"
548,9,2026,Qtr 2,April,8,"$300,00","$600,00"
548,10,2026,Qtr 2,April,15,"$300,00","$0,00"
548,11,2026,Qtr 2,April,22,"$300,00","$0,00"
548,12,2026,Qtr 2,April,29,"$300,00","$0,00"
548,13,2026,Qtr 2,May,6,"$300,00","$0,00"
548,14,2026,Qtr 2,May,13,"$300,00","$0,00"
548,15,2026,Qtr 2,May,20,"$300,00","$0,00"
550,0,2025,Qtr 4,October,21,"$1000,00","$1000,00"
550,1,2025,Qtr 4,October,28,"$299,94","$300,00"
550,2,2025,Qtr 4,November,4,"$299,94","$300,00"
550,3,2025,Qtr 4,November,11,"$299,94","$300,00"
550,4,2025,Qtr 4,November,18,"$299,94","$300,00"
550,5,2025,Qtr 4,November,25,"$299,94","$300,00"
550,6,2025,Qtr 4,December,2,"$299,94","$300,00"
550,7,2025,Qtr 4,December,9,"$299,94","$300,00"
550,8,2025,Qtr 4,December,16,"$299,94","$300,00"
550,9,2025,Qtr 4,December,23,"$299,94","$300,00"
550,10,2025,Qtr 4,December,30,"$299,94","$299,94"
550,11,2026,Qtr 1,January,6,"$299,94","$300,00"
550,12,2026,Qtr 1,January,13,"$299,94","$299,94"
550,13,2026,Qtr 1,January,20,"$299,94","$299,94"
550,14,2026,Qtr 1,January,27,"$299,94","$299,94"
550,15,2026,Qtr 1,February,3,"$299,94","$299,94"
550,16,2026,Qtr 1,February,10,"$299,94","$299,94"
550,17,2026,Qtr 1,February,17,"$299,94","$300,00"
550,18,2026,Qtr 1,February,24,"$299,94","$299,94"
550,19,2026,Qtr 1,March,3,"$299,94","$0,00"
550,20,2026,Qtr 1,March,10,"$299,94","$0,00"
550,21,2026,Qtr 1,March,17,"$299,94","$0,00"
550,22,2026,Qtr 1,March,24,"$299,94","$0,00"
550,23,2026,Qtr 1,March,31,"$299,94","$0,00"
550,24,2026,Qtr 2,April,7,"$299,94","$0,00"
550,25,2026,Qtr 2,April,14,"$299,94","$0,00"
550,26,2026,Qtr 2,April,21,"$299,94","$0,00"
550,27,2026,Qtr 2,April,28,"$299,94","$0,00"
550,28,2026,Qtr 2,May,5,"$299,94","$0,00"
550,29,2026,Qtr 2,May,12,"$299,94","$0,00"
550,30,2026,Qtr 2,May,19,"$299,94","$0,00"
550,31,2026,Qtr 2,May,26,"$299,94","$0,00"
550,32,2026,Qtr 2,June,2,"$299,94","$0,00"
551,0,2025,Qtr 2,June,25,"$1249,00","$1249,00"
551,1,2025,Qtr 3,July,2,"$314,30","$314,00"
551,2,2025,Qtr 3,July,9,"$314,30","$314,00"
551,3,2025,Qtr 3,July,16,"$314,30","$314,00"
551,4,2025,Qtr 3,July,23,"$314,30","$314,00"
551,5,2025,Qtr 3,July,30,"$314,30","$314,30"
551,6,2025,Qtr 3,August,6,"$314,30","$314,00"
551,7,2025,Qtr 3,August,13,"$314,30","$314,00"
551,8,2025,Qtr 3,August,20,"$314,30","$314,00"
551,9,2025,Qtr 3,August,27,"$314,30","$314,00"
551,10,2025,Qtr 3,September,3,"$314,30","$314,00"
551,11,2025,Qtr 3,September,10,"$314,30","$314,00"
551,12,2025,Qtr 3,September,17,"$314,30","$314,00"
551,13,2025,Qtr 3,September,24,"$314,30","$314,00"
551,14,2025,Qtr 4,October,1,"$314,30","$314,00"
551,15,2025,Qtr 4,October,8,"$314,30","$314,00"
551,16,2025,Qtr 4,October,15,"$314,30","$314,00"
551,17,2025,Qtr 4,October,22,"$314,30","$314,00"
551,18,2025,Qtr 4,October,29,"$314,30","$314,00"
551,19,2025,Qtr 4,November,5,"$314,30","$314,00"
551,20,2025,Qtr 4,November,12,"$314,30","$314,00"
551,21,2025,Qtr 4,November,19,"$314,30","$314,00"
551,22,2025,Qtr 4,November,26,"$314,30","$314,00"
551,23,2025,Qtr 4,December,3,"$314,30","$314,00"
551,24,2025,Qtr 4,December,10,"$314,30","$314,00"
551,25,2025,Qtr 4,December,17,"$314,30","$314,30"
551,26,2025,Qtr 4,December,24,"$314,30","$314,30"
551,27,2025,Qtr 4,December,31,"$314,30","$314,30"
551,28,2026,Qtr 1,January,7,"$314,30","$314,30"
551,29,2026,Qtr 1,January,14,"$314,30","$314,30"
551,30,2026,Qtr 1,January,21,"$314,30","$314,30"
551,31,2026,Qtr 1,January,28,"$314,30","$314,30"
551,32,2026,Qtr 1,February,4,"$314,30","$314,30"
551,33,2026,Qtr 1,February,11,"$314,30","$314,30"
551,34,2026,Qtr 1,February,18,"$314,30","$314,30"
551,35,2026,Qtr 1,February,25,"$314,30","$314,30"
551,36,2026,Qtr 1,March,4,"$314,30","$314,30"
551,37,2026,Qtr 1,March,11,"$314,30","$314,30"
551,38,2026,Qtr 1,March,18,"$314,30","$0,00"
551,39,2026,Qtr 1,March,25,"$314,30","$0,00"
551,40,2026,Qtr 2,April,1,"$314,30","$0,00"
551,41,2026,Qtr 2,April,8,"$314,30","$0,00"
551,42,2026,Qtr 2,April,15,"$314,30","$0,00"
551,43,2026,Qtr 2,April,22,"$314,30","$0,00"
552,0,2025,Qtr 4,November,12,"$400,00","$399,90"
552,1,2025,Qtr 4,November,19,"$192,51","$193,00"
552,2,2025,Qtr 4,November,26,"$192,51","$193,00"
552,3,2025,Qtr 4,December,3,"$192,51","$193,00"
552,4,2025,Qtr 4,December,10,"$192,51","$193,00"
552,5,2025,Qtr 4,December,17,"$192,51","$194,00"
552,6,2025,Qtr 4,December,24,"$192,51","$194,00"
552,7,2025,Qtr 4,December,31,"$192,51","$194,00"
552,8,2026,Qtr 1,January,7,"$192,51","$192,51"
552,9,2026,Qtr 1,January,14,"$192,51","$193,00"
552,10,2026,Qtr 1,January,21,"$192,51","$0,00"
552,11,2026,Qtr 1,January,28,"$192,51","$0,00"
552,12,2026,Qtr 1,February,4,"$192,51","$0,00"
552,13,2026,Qtr 1,February,11,"$192,51","$0,00"
552,14,2026,Qtr 1,February,18,"$192,51","$0,00"
552,15,2026,Qtr 1,February,25,"$192,51","$0,00"
552,16,2026,Qtr 1,March,4,"$192,51","$0,00"
552,17,2026,Qtr 1,March,11,"$192,51","$0,00"
552,18,2026,Qtr 1,March,18,"$192,51","$0,00"
552,19,2026,Qtr 1,March,25,"$192,51","$0,00"
552,20,2026,Qtr 2,April,1,"$192,51","$0,00"
552,21,2026,Qtr 2,April,8,"$192,51","$0,00"
552,22,2026,Qtr 2,April,15,"$192,51","$0,00"
552,23,2026,Qtr 2,April,22,"$192,51","$0,00"
552,24,2026,Qtr 2,April,29,"$192,51","$0,00"
552,25,2026,Qtr 2,May,6,"$192,51","$0,00"
552,26,2026,Qtr 2,May,13,"$192,51","$0,00"
552,27,2026,Qtr 2,May,20,"$192,51","$0,00"
552,28,2026,Qtr 2,May,27,"$192,51","$0,00"
552,29,2026,Qtr 2,June,3,"$192,51","$0,00"
553,0,2025,Qtr 4,November,19,"$0,00","$0,00"
553,1,2025,Qtr 4,November,26,"$154,76","$154,76"
553,2,2025,Qtr 4,December,3,"$154,76","$155,00"
553,3,2025,Qtr 4,December,10,"$154,76","$155,00"
553,4,2025,Qtr 4,December,17,"$154,76","$155,00"
553,5,2025,Qtr 4,December,24,"$154,76","$154,76"
553,6,2025,Qtr 4,December,31,"$154,76","$155,00"
553,7,2026,Qtr 1,January,7,"$154,76","$155,00"
553,8,2026,Qtr 1,January,14,"$154,76","$154,76"
553,9,2026,Qtr 1,January,21,"$154,76","$154,76"
553,10,2026,Qtr 1,January,28,"$154,76","$155,00"
553,11,2026,Qtr 1,February,4,"$154,76","$155,00"
553,12,2026,Qtr 1,February,11,"$154,76","$154,76"
553,13,2026,Qtr 1,February,18,"$154,76","$154,76"
553,14,2026,Qtr 1,February,25,"$154,76","$154,76"
553,15,2026,Qtr 1,March,4,"$154,76","$0,00"
553,16,2026,Qtr 1,March,11,"$154,76","$0,00"
553,17,2026,Qtr 1,March,18,"$154,76","$0,00"
553,18,2026,Qtr 1,March,25,"$154,76","$0,00"
553,19,2026,Qtr 2,April,1,"$154,76","$0,00"
553,20,2026,Qtr 2,April,8,"$154,76","$0,00"
553,21,2026,Qtr 2,April,15,"$154,76","$0,00"
553,22,2026,Qtr 2,April,22,"$154,76","$0,00"
553,23,2026,Qtr 2,April,29,"$154,76","$0,00"
553,24,2026,Qtr 2,May,6,"$154,76","$0,00"
553,25,2026,Qtr 2,May,13,"$154,76","$0,00"
553,26,2026,Qtr 2,May,20,"$154,76","$0,00"
553,27,2026,Qtr 2,May,27,"$154,76","$0,00"
553,28,2026,Qtr 2,June,3,"$154,76","$0,00"
554,0,2025,Qtr 3,September,27,"$799,00","$799,00"
554,1,2025,Qtr 4,October,4,"$160,00","$160,00"
554,2,2025,Qtr 4,October,11,"$160,00","$160,00"
554,3,2025,Qtr 4,October,18,"$160,00","$160,00"
554,4,2025,Qtr 4,October,25,"$160,00","$160,00"
554,5,2025,Qtr 4,November,1,"$160,00","$160,00"
554,6,2025,Qtr 4,November,8,"$160,00","$160,00"
554,7,2025,Qtr 4,November,15,"$160,00","$160,00"
554,8,2025,Qtr 4,November,22,"$160,00","$160,00"
554,9,2025,Qtr 4,November,29,"$160,00","$160,00"
554,10,2025,Qtr 4,December,6,"$160,00","$0,00"
554,11,2025,Qtr 4,December,13,"$160,00","$0,00"
554,12,2025,Qtr 4,December,20,"$160,00","$0,00"
554,13,2025,Qtr 4,December,27,"$160,00","$0,00"
554,14,2026,Qtr 1,January,3,"$160,00","$0,00"
554,15,2026,Qtr 1,January,10,"$160,00","$0,00"
554,16,2026,Qtr 1,January,17,"$160,00","$0,00"
554,17,2026,Qtr 1,January,24,"$160,00","$0,00"
554,18,2026,Qtr 1,January,31,"$160,00","$0,00"
554,19,2026,Qtr 1,February,7,"$160,00","$0,00"
554,20,2026,Qtr 1,February,14,"$160,00","$0,00"
554,21,2026,Qtr 1,February,21,"$160,00","$0,00"
554,22,2026,Qtr 1,February,28,"$160,00","$0,00"
554,23,2026,Qtr 1,March,7,"$160,00","$0,00"
554,24,2026,Qtr 1,March,14,"$160,00","$0,00"
554,25,2026,Qtr 1,March,21,"$160,00","$0,00"
554,26,2026,Qtr 1,March,28,"$160,00","$0,00"
554,27,2026,Qtr 2,April,4,"$160,00","$0,00"
554,28,2026,Qtr 2,April,11,"$160,00","$0,00"
554,29,2026,Qtr 2,April,18,"$160,00","$0,00"
554,30,2026,Qtr 2,April,25,"$160,00","$0,00"
554,31,2026,Qtr 2,May,2,"$160,00","$0,00"
554,32,2026,Qtr 2,May,9,"$160,00","$0,00"
554,33,2026,Qtr 2,May,16,"$160,00","$0,00"
554,34,2026,Qtr 2,May,23,"$160,00","$0,00"
554,35,2026,Qtr 2,May,30,"$160,00","$0,00"
555,0,2025,Qtr 4,November,15,"$600,00","$599,90"
555,1,2025,Qtr 4,November,22,"$288,79","$279,00"
555,2,2025,Qtr 4,November,29,"$288,79","$288,79"
555,3,2025,Qtr 4,December,6,"$288,79","$288,79"
555,4,2025,Qtr 4,December,13,"$288,79","$288,79"
555,5,2025,Qtr 4,December,20,"$288,79","$288,00"
555,6,2025,Qtr 4,December,27,"$288,79","$288,79"
555,7,2026,Qtr 1,January,3,"$288,79","$288,79"
555,8,2026,Qtr 1,January,10,"$288,79","$288,79"
555,9,2026,Qtr 1,January,17,"$288,79","$288,79"
555,10,2026,Qtr 1,January,24,"$288,79","$288,79"
555,11,2026,Qtr 1,January,31,"$288,79","$288,79"
555,12,2026,Qtr 1,February,7,"$288,79","$288,79"
555,13,2026,Qtr 1,February,14,"$288,79","$288,79"
555,14,2026,Qtr 1,February,21,"$288,79","$288,79"
555,15,2026,Qtr 1,February,28,"$288,79","$288,79"
555,16,2026,Qtr 1,March,7,"$288,79","$288,79"
555,17,2026,Qtr 1,March,14,"$288,79","$288,79"
555,18,2026,Qtr 1,March,21,"$288,79","$288,79"
555,19,2026,Qtr 1,March,28,"$288,79","$288,79"
555,20,2026,Qtr 2,April,4,"$288,79","$289,00"
555,21,2026,Qtr 2,April,11,"$288,79","$0,00"
555,22,2026,Qtr 2,April,18,"$288,79","$0,00"
555,23,2026,Qtr 2,April,25,"$288,79","$0,00"
555,24,2026,Qtr 2,May,2,"$288,79","$0,00"
555,25,2026,Qtr 2,May,9,"$288,79","$0,00"
555,26,2026,Qtr 2,May,16,"$288,79","$0,00"
555,27,2026,Qtr 2,May,23,"$288,79","$0,00"
555,28,2026,Qtr 2,May,30,"$288,79","$0,00"
556,0,2025,Qtr 3,September,24,"$1250,00","$1249,50"
556,1,2025,Qtr 4,October,1,"$483,05","$483,05"
556,2,2025,Qtr 4,October,8,"$483,05","$483,05"
556,3,2025,Qtr 4,October,15,"$483,05","$483,05"
556,4,2025,Qtr 4,October,22,"$483,05","$483,05"
556,5,2025,Qtr 4,October,29,"$483,05","$483,05"
556,6,2025,Qtr 4,November,5,"$483,05","$483,05"
556,7,2025,Qtr 4,November,12,"$483,05","$483,05"
556,8,2025,Qtr 4,November,19,"$483,05","$483,00"
556,9,2025,Qtr 4,November,26,"$483,05","$483,00"
556,10,2025,Qtr 4,December,3,"$483,05","$483,00"
556,11,2025,Qtr 4,December,10,"$483,05","$483,00"
556,12,2025,Qtr 4,December,17,"$483,05","$483,00"
556,13,2025,Qtr 4,December,24,"$483,05","$483,00"
556,14,2025,Qtr 4,December,31,"$483,05","$483,00"
556,15,2026,Qtr 1,January,7,"$483,05","$483,05"
556,16,2026,Qtr 1,January,14,"$483,05","$483,00"
556,17,2026,Qtr 1,January,21,"$483,05","$483,00"
556,18,2026,Qtr 1,January,28,"$483,05","$483,05"
556,19,2026,Qtr 1,February,4,"$483,05","$483,05"
556,20,2026,Qtr 1,February,11,"$483,05","$483,05"
556,21,2026,Qtr 1,February,18,"$483,05","$483,05"
556,22,2026,Qtr 1,February,25,"$483,05","$483,05"
556,23,2026,Qtr 1,March,4,"$483,05","$483,05"
556,24,2026,Qtr 1,March,11,"$483,05","$483,05"
556,25,2026,Qtr 1,March,18,"$483,05","$483,05"
556,26,2026,Qtr 1,March,25,"$483,05","$483,40"
557,0,2025,Qtr 3,August,15,"$799,00","$799,00"
557,1,2025,Qtr 3,August,22,"$219,23","$219,00"
557,2,2025,Qtr 3,August,29,"$219,23","$219,00"
557,3,2025,Qtr 3,September,5,"$219,23","$219,00"
557,4,2025,Qtr 3,September,12,"$219,23","$219,00"
557,5,2025,Qtr 3,September,19,"$219,23","$219,23"
557,6,2025,Qtr 3,September,26,"$219,23","$219,00"
557,7,2025,Qtr 4,October,3,"$219,23","$219,00"
557,8,2025,Qtr 4,October,10,"$219,23","$219,00"
557,9,2025,Qtr 4,October,17,"$219,23","$0,00"
557,10,2025,Qtr 4,October,24,"$219,23","$0,00"
557,11,2025,Qtr 4,October,31,"$219,23","$0,00"
557,12,2025,Qtr 4,November,7,"$219,23","$0,00"
557,13,2025,Qtr 4,November,14,"$219,23","$0,00"
557,14,2025,Qtr 4,November,21,"$219,23","$0,00"
557,15,2025,Qtr 4,November,28,"$219,23","$0,00"
557,16,2025,Qtr 4,December,5,"$219,23","$0,00"
557,17,2025,Qtr 4,December,12,"$219,23","$0,00"
557,18,2025,Qtr 4,December,19,"$219,23","$0,00"
557,19,2025,Qtr 4,December,26,"$219,23","$0,00"
557,20,2026,Qtr 1,January,2,"$219,23","$0,00"
557,21,2026,Qtr 1,January,9,"$219,23","$0,00"
557,22,2026,Qtr 1,January,16,"$219,23","$0,00"
557,23,2026,Qtr 1,January,23,"$219,23","$0,00"
557,24,2026,Qtr 1,January,30,"$219,23","$0,00"
557,25,2026,Qtr 1,February,6,"$219,23","$0,00"
557,26,2026,Qtr 1,February,13,"$219,23","$0,00"
558,0,2026,Qtr 1,February,24,"$0,00","$0,00"
558,1,2026,Qtr 1,March,3,"$188,52","$189,00"
558,2,2026,Qtr 1,March,10,"$188,52","$188,52"
558,3,2026,Qtr 1,March,17,"$188,52","$188,52"
558,4,2026,Qtr 1,March,24,"$188,52","$188,52"
558,5,2026,Qtr 1,March,31,"$188,52","$188,52"
558,6,2026,Qtr 2,April,7,"$188,52","$188,52"
558,7,2026,Qtr 2,April,14,"$188,52","$188,52"
558,8,2026,Qtr 2,April,21,"$188,52","$188,52"
558,9,2026,Qtr 2,April,28,"$188,52","$188,52"
558,10,2026,Qtr 2,May,5,"$188,52","$188,52"
558,11,2026,Qtr 2,May,12,"$188,52","$188,52"
558,12,2026,Qtr 2,May,19,"$188,52","$188,52"
558,13,2026,Qtr 2,May,26,"$188,52","$0,00"
558,14,2026,Qtr 2,June,2,"$188,52","$0,00"
559,0,2025,Qtr 3,September,30,"$0,00","$0,00"
559,1,2025,Qtr 4,October,7,"$294,95","$295,00"
559,2,2025,Qtr 4,October,14,"$294,95","$295,00"
559,3,2025,Qtr 4,October,21,"$294,95","$294,95"
559,4,2025,Qtr 4,October,28,"$294,95","$294,95"
559,5,2025,Qtr 4,November,4,"$294,95","$295,00"
559,6,2025,Qtr 4,November,11,"$294,95","$294,95"
559,7,2025,Qtr 4,November,18,"$294,95","$294,95"
559,8,2025,Qtr 4,November,25,"$294,95","$294,95"
559,9,2025,Qtr 4,December,2,"$294,95","$295,00"
559,10,2025,Qtr 4,December,9,"$294,95","$294,95"
559,11,2025,Qtr 4,December,16,"$294,95","$294,95"
559,12,2025,Qtr 4,December,23,"$294,95","$294,95"
559,13,2025,Qtr 4,December,30,"$294,95","$294,95"
559,14,2026,Qtr 1,January,6,"$294,95","$294,95"
559,15,2026,Qtr 1,January,13,"$294,95","$295,00"
559,16,2026,Qtr 1,January,20,"$294,95","$294,95"
559,17,2026,Qtr 1,January,27,"$294,95","$0,00"
559,18,2026,Qtr 1,February,3,"$294,95","$0,00"
559,19,2026,Qtr 1,February,10,"$294,95","$0,00"
559,20,2026,Qtr 1,February,17,"$294,95","$0,00"
560,0,2025,Qtr 4,November,11,"$0,00","$0,00"
560,1,2025,Qtr 4,November,18,"$454,95","$454,95"
560,2,2025,Qtr 4,November,25,"$454,95","$454,95"
560,3,2025,Qtr 4,December,2,"$454,95","$454,95"
560,4,2025,Qtr 4,December,9,"$454,95","$454,95"
560,5,2025,Qtr 4,December,16,"$454,95","$454,95"
560,6,2025,Qtr 4,December,23,"$454,95","$454,95"
560,7,2025,Qtr 4,December,30,"$454,95","$454,95"
560,8,2026,Qtr 1,January,6,"$454,95","$454,95"
560,9,2026,Qtr 1,January,13,"$454,95","$454,95"
560,10,2026,Qtr 1,January,20,"$454,95","$454,95"
560,11,2026,Qtr 1,January,27,"$454,95","$454,95"
560,12,2026,Qtr 1,February,3,"$454,95","$454,95"
560,13,2026,Qtr 1,February,10,"$454,95","$454,95"
560,14,2026,Qtr 1,February,17,"$454,95","$454,95"
560,15,2026,Qtr 1,February,24,"$454,95","$454,95"
560,16,2026,Qtr 1,March,3,"$454,95","$454,95"
560,17,2026,Qtr 1,March,10,"$454,95","$454,95"
560,18,2026,Qtr 1,March,17,"$454,95","$454,95"
560,19,2026,Qtr 1,March,24,"$454,95","$454,95"
560,20,2026,Qtr 1,March,31,"$454,95","$454,95"
561,0,2025,Qtr 4,October,11,"$999,00","$999,00"
561,1,2025,Qtr 4,October,18,"$480,00","$479,00"
561,2,2025,Qtr 4,October,25,"$480,00","$479,00"
561,3,2025,Qtr 4,November,1,"$480,00","$479,00"
561,4,2025,Qtr 4,November,8,"$480,00","$479,00"
561,5,2025,Qtr 4,November,15,"$480,00","$479,00"
561,6,2025,Qtr 4,November,22,"$480,00","$479,00"
561,7,2025,Qtr 4,November,29,"$480,00","$479,00"
561,8,2025,Qtr 4,December,6,"$480,00","$479,00"
561,9,2025,Qtr 4,December,13,"$480,00","$479,00"
561,10,2025,Qtr 4,December,20,"$480,00","$479,00"
561,11,2025,Qtr 4,December,27,"$480,00","$480,00"
561,12,2026,Qtr 1,January,3,"$480,00","$480,00"
561,13,2026,Qtr 1,January,10,"$480,00","$480,00"
561,14,2026,Qtr 1,January,17,"$480,00","$480,00"
561,15,2026,Qtr 1,January,24,"$480,00","$490,00"
562,0,2025,Qtr 4,November,20,"$640,00","$639,90"
562,1,2025,Qtr 4,November,27,"$308,05","$308,05"
562,2,2025,Qtr 4,December,4,"$308,05","$309,00"
562,3,2025,Qtr 4,December,11,"$308,05","$309,00"
562,4,2025,Qtr 4,December,18,"$308,05","$309,00"
562,5,2025,Qtr 4,December,25,"$308,05","$309,00"
562,6,2026,Qtr 1,January,1,"$308,05","$0,00"
562,7,2026,Qtr 1,January,8,"$308,05","$0,00"
562,8,2026,Qtr 1,January,15,"$308,05","$0,00"
562,9,2026,Qtr 1,January,22,"$308,05","$0,00"
562,10,2026,Qtr 1,January,29,"$308,05","$0,00"
562,11,2026,Qtr 1,February,5,"$308,05","$0,00"
562,12,2026,Qtr 1,February,12,"$308,05","$0,00"
562,13,2026,Qtr 1,February,19,"$308,05","$0,00"
562,14,2026,Qtr 1,February,26,"$308,05","$0,00"
562,15,2026,Qtr 1,March,5,"$308,05","$0,00"
562,16,2026,Qtr 1,March,12,"$308,05","$0,00"
562,17,2026,Qtr 1,March,19,"$308,05","$0,00"
562,18,2026,Qtr 1,March,26,"$308,05","$0,00"
562,19,2026,Qtr 2,April,2,"$308,05","$0,00"
562,20,2026,Qtr 2,April,9,"$308,05","$0,00"
562,21,2026,Qtr 2,April,16,"$308,05","$0,00"
562,22,2026,Qtr 2,April,23,"$308,05","$0,00"
562,23,2026,Qtr 2,April,30,"$308,05","$0,00"
562,24,2026,Qtr 2,May,7,"$308,05","$0,00"
562,25,2026,Qtr 2,May,14,"$308,05","$0,00"
562,26,2026,Qtr 2,May,21,"$308,05","$0,00"
562,27,2026,Qtr 2,May,28,"$308,05","$0,00"
563,0,2025,Qtr 3,September,27,"$2499,00","$2499,00"
563,1,2025,Qtr 4,October,4,"$374,42","$375,00"
563,2,2025,Qtr 4,October,11,"$374,42","$375,00"
563,3,2025,Qtr 4,October,18,"$374,42","$375,00"
563,4,2025,Qtr 4,October,25,"$374,42","$374,42"
563,5,2025,Qtr 4,November,1,"$374,42","$375,00"
563,6,2025,Qtr 4,November,8,"$374,42","$375,00"
563,7,2025,Qtr 4,November,15,"$374,42","$375,00"
563,8,2025,Qtr 4,November,22,"$374,42","$375,00"
563,9,2025,Qtr 4,November,29,"$374,42","$375,00"
563,10,2025,Qtr 4,December,6,"$374,42","$375,00"
563,11,2025,Qtr 4,December,13,"$374,42","$375,00"
563,12,2025,Qtr 4,December,20,"$374,42","$375,00"
563,13,2025,Qtr 4,December,27,"$374,42","$375,00"
563,14,2026,Qtr 1,January,3,"$374,42","$375,00"
563,15,2026,Qtr 1,January,10,"$374,42","$375,00"
563,16,2026,Qtr 1,January,17,"$374,42","$375,00"
563,17,2026,Qtr 1,January,24,"$374,42","$374,42"
563,18,2026,Qtr 1,January,31,"$374,42","$374,42"
563,19,2026,Qtr 1,February,7,"$374,42","$374,42"
563,20,2026,Qtr 1,February,14,"$374,42","$375,00"
563,21,2026,Qtr 1,February,21,"$374,42","$375,00"
563,22,2026,Qtr 1,February,28,"$374,42","$374,42"
563,23,2026,Qtr 1,March,7,"$374,42","$375,00"
563,24,2026,Qtr 1,March,14,"$374,42","$374,42"
563,25,2026,Qtr 1,March,21,"$374,42","$374,42"
563,26,2026,Qtr 1,March,28,"$374,42","$374,42"
563,27,2026,Qtr 2,April,4,"$374,42","$374,42"
563,28,2026,Qtr 2,April,11,"$374,42","$374,42"
563,29,2026,Qtr 2,April,18,"$374,42","$374,42"
563,30,2026,Qtr 2,April,25,"$374,42","$374,42"
563,31,2026,Qtr 2,May,2,"$374,42","$374,42"
563,32,2026,Qtr 2,May,9,"$374,42","$374,42"
563,33,2026,Qtr 2,May,16,"$374,42","$375,00"
563,34,2026,Qtr 2,May,23,"$374,42","$374,42"
563,35,2026,Qtr 2,May,30,"$374,42","$0,00"
564,0,2025,Qtr 4,October,23,"$1249,00","$1249,00"
564,1,2025,Qtr 4,October,30,"$285,00","$285,00"
564,2,2025,Qtr 4,November,6,"$285,00","$285,00"
564,3,2025,Qtr 4,November,13,"$285,00","$285,00"
564,4,2025,Qtr 4,November,20,"$285,00","$285,00"
564,5,2025,Qtr 4,November,27,"$285,00","$285,00"
564,6,2025,Qtr 4,December,4,"$285,00","$285,00"
564,7,2025,Qtr 4,December,11,"$285,00","$285,00"
564,8,2025,Qtr 4,December,18,"$285,00","$285,00"
564,9,2025,Qtr 4,December,25,"$285,00","$285,00"
564,10,2026,Qtr 1,January,1,"$285,00","$285,00"
564,11,2026,Qtr 1,January,8,"$285,00","$285,00"
564,12,2026,Qtr 1,January,15,"$285,00","$285,00"
564,13,2026,Qtr 1,January,22,"$285,00","$296,00"
564,14,2026,Qtr 1,January,29,"$285,00","$285,00"
564,15,2026,Qtr 1,February,5,"$285,00","$285,00"
564,16,2026,Qtr 1,February,12,"$285,00","$285,00"
564,17,2026,Qtr 1,February,19,"$285,00","$285,00"
564,18,2026,Qtr 1,February,26,"$285,00","$285,00"
564,19,2026,Qtr 1,March,5,"$285,00","$285,00"
564,20,2026,Qtr 1,March,12,"$285,00","$285,00"
564,21,2026,Qtr 1,March,19,"$285,00","$285,00"
564,22,2026,Qtr 1,March,26,"$285,00","$285,00"
564,23,2026,Qtr 2,April,2,"$285,00","$285,00"
564,24,2026,Qtr 2,April,9,"$285,00","$285,00"
564,25,2026,Qtr 2,April,16,"$285,00","$285,00"
564,26,2026,Qtr 2,April,23,"$285,00","$285,00"
564,27,2026,Qtr 2,April,30,"$285,00","$285,00"
564,28,2026,Qtr 2,May,7,"$285,00","$0,00"
564,29,2026,Qtr 2,May,14,"$285,00","$0,00"
564,30,2026,Qtr 2,May,21,"$285,00","$0,00"
564,31,2026,Qtr 2,May,28,"$285,00","$0,00"
565,0,2025,Qtr 4,November,15,"$600,00","$599,90"
565,1,2025,Qtr 4,November,22,"$288,79","$288,79"
565,2,2025,Qtr 4,November,29,"$288,79","$288,79"
565,3,2025,Qtr 4,December,6,"$288,79","$288,79"
565,4,2025,Qtr 4,December,13,"$288,79","$288,79"
565,5,2025,Qtr 4,December,20,"$288,79","$288,79"
565,6,2025,Qtr 4,December,27,"$288,79","$288,79"
565,7,2026,Qtr 1,January,3,"$288,79","$288,79"
565,8,2026,Qtr 1,January,10,"$288,79","$288,79"
565,9,2026,Qtr 1,January,17,"$288,79","$288,79"
565,10,2026,Qtr 1,January,24,"$288,79","$288,79"
565,11,2026,Qtr 1,January,31,"$288,79","$290,00"
565,12,2026,Qtr 1,February,7,"$288,79","$290,00"
565,13,2026,Qtr 1,February,14,"$288,79","$288,79"
565,14,2026,Qtr 1,February,21,"$288,79","$0,00"
565,15,2026,Qtr 1,February,28,"$288,79","$0,00"
565,16,2026,Qtr 1,March,7,"$288,79","$0,00"
565,17,2026,Qtr 1,March,14,"$288,79","$0,00"
565,18,2026,Qtr 1,March,21,"$288,79","$0,00"
565,19,2026,Qtr 1,March,28,"$288,79","$0,00"
565,20,2026,Qtr 2,April,4,"$288,79","$0,00"
565,21,2026,Qtr 2,April,11,"$288,79","$0,00"
565,22,2026,Qtr 2,April,18,"$288,79","$0,00"
565,23,2026,Qtr 2,April,25,"$288,79","$0,00"
565,24,2026,Qtr 2,May,2,"$288,79","$0,00"
565,25,2026,Qtr 2,May,9,"$288,79","$0,00"
565,26,2026,Qtr 2,May,16,"$288,79","$0,00"
565,27,2026,Qtr 2,May,23,"$288,79","$0,00"
565,28,2026,Qtr 2,May,30,"$288,79","$0,00"
566,0,2026,Qtr 1,February,6,"$999,00","$999,00"
566,1,2026,Qtr 1,February,13,"$230,00","$230,00"
566,2,2026,Qtr 1,February,20,"$230,00","$230,00"
566,3,2026,Qtr 1,February,27,"$230,00","$230,00"
566,4,2026,Qtr 1,March,6,"$230,00","$230,00"
566,5,2026,Qtr 1,March,13,"$230,00","$230,00"
566,6,2026,Qtr 1,March,20,"$230,00","$230,00"
566,7,2026,Qtr 1,March,27,"$230,00","$230,00"
566,8,2026,Qtr 2,April,3,"$230,00","$230,00"
566,9,2026,Qtr 2,April,10,"$230,00","$230,00"
566,10,2026,Qtr 2,April,17,"$230,00","$230,00"
566,11,2026,Qtr 2,April,24,"$230,00","$230,00"
566,12,2026,Qtr 2,May,1,"$230,00","$0,00"
566,13,2026,Qtr 2,May,8,"$230,00","$0,00"
566,14,2026,Qtr 2,May,15,"$230,00","$0,00"
566,15,2026,Qtr 2,May,22,"$230,00","$0,00"
566,16,2026,Qtr 2,May,29,"$230,00","$0,00"
567,0,2026,Qtr 1,January,1,"$799,00","$799,00"
567,1,2026,Qtr 1,January,8,"$300,00","$300,00"
567,2,2026,Qtr 1,January,15,"$300,00","$300,00"
567,3,2026,Qtr 1,January,22,"$300,00","$300,00"
567,4,2026,Qtr 1,January,29,"$300,00","$300,00"
567,5,2026,Qtr 1,February,5,"$300,00","$300,00"
567,6,2026,Qtr 1,February,12,"$300,00","$300,00"
567,7,2026,Qtr 1,February,19,"$300,00","$300,00"
567,8,2026,Qtr 1,February,26,"$300,00","$300,00"
567,9,2026,Qtr 1,March,5,"$300,00","$300,00"
567,10,2026,Qtr 1,March,12,"$300,00","$300,00"
567,11,2026,Qtr 1,March,19,"$300,00","$0,00"
567,12,2026,Qtr 1,March,26,"$300,00","$0,00"
567,13,2026,Qtr 2,April,2,"$300,00","$0,00"
567,14,2026,Qtr 2,April,9,"$300,00","$0,00"
567,15,2026,Qtr 2,April,16,"$300,00","$0,00"
568,0,2025,Qtr 3,July,26,"$799,00","$799,00"
568,1,2025,Qtr 3,August,2,"$283,33","$284,00"
568,2,2025,Qtr 3,August,9,"$283,33","$284,00"
568,3,2025,Qtr 3,August,16,"$283,33","$283,33"
568,4,2025,Qtr 3,August,23,"$283,33","$284,00"
568,5,2025,Qtr 3,August,30,"$283,33","$284,00"
568,6,2025,Qtr 3,September,6,"$283,33","$284,00"
568,7,2025,Qtr 3,September,13,"$283,33","$284,00"
568,8,2025,Qtr 3,September,20,"$283,33","$284,00"
568,9,2025,Qtr 3,September,27,"$283,33","$486,00"
568,10,2025,Qtr 4,October,4,"$283,33","$284,00"
568,11,2025,Qtr 4,October,11,"$283,33","$283,33"
568,12,2025,Qtr 4,October,18,"$283,33","$284,00"
568,13,2025,Qtr 4,October,25,"$283,33","$284,00"
568,14,2025,Qtr 4,November,1,"$283,33","$284,00"
568,15,2025,Qtr 4,November,8,"$283,33","$284,00"
568,16,2025,Qtr 4,November,15,"$283,33","$284,00"
568,17,2025,Qtr 4,November,22,"$283,33","$284,00"
568,18,2025,Qtr 4,November,29,"$283,33","$75,36"
569,0,2025,Qtr 4,November,16,"$0,00","$0,00"
569,1,2025,Qtr 4,November,23,"$409,95","$400,00"
569,2,2025,Qtr 4,November,30,"$409,95","$400,00"
569,3,2025,Qtr 4,December,7,"$409,95","$400,00"
569,4,2025,Qtr 4,December,14,"$409,95","$409,95"
569,5,2025,Qtr 4,December,21,"$409,95","$409,00"
569,6,2025,Qtr 4,December,28,"$409,95","$410,00"
569,7,2026,Qtr 1,January,4,"$409,95","$410,00"
569,8,2026,Qtr 1,January,11,"$409,95","$410,00"
569,9,2026,Qtr 1,January,18,"$409,95","$410,00"
569,10,2026,Qtr 1,January,25,"$409,95","$409,95"
569,11,2026,Qtr 1,February,1,"$409,95","$409,95"
569,12,2026,Qtr 1,February,8,"$409,95","$409,95"
569,13,2026,Qtr 1,February,15,"$409,95","$409,95"
569,14,2026,Qtr 1,February,22,"$409,95","$409,95"
569,15,2026,Qtr 1,March,1,"$409,95","$409,95"
569,16,2026,Qtr 1,March,8,"$409,95","$409,95"
569,17,2026,Qtr 1,March,15,"$409,95","$409,95"
569,18,2026,Qtr 1,March,22,"$409,95","$409,95"
569,19,2026,Qtr 1,March,29,"$409,95","$409,95"
569,20,2026,Qtr 2,April,5,"$409,95","$440,55"
570,0,2025,Qtr 3,August,6,"$799,00","$799,00"
570,1,2025,Qtr 3,August,13,"$180,00","$180,00"
570,2,2025,Qtr 3,August,20,"$180,00","$180,00"
570,3,2025,Qtr 3,August,27,"$180,00","$180,00"
570,4,2025,Qtr 3,September,3,"$180,00","$180,00"
570,5,2025,Qtr 3,September,10,"$180,00","$180,00"
570,6,2025,Qtr 3,September,17,"$180,00","$180,00"
570,7,2025,Qtr 3,September,24,"$180,00","$180,00"
570,8,2025,Qtr 4,October,1,"$180,00","$180,00"
570,9,2025,Qtr 4,October,8,"$180,00","$180,00"
570,10,2025,Qtr 4,October,15,"$180,00","$180,00"
570,11,2025,Qtr 4,October,22,"$180,00","$180,00"
570,12,2025,Qtr 4,October,29,"$180,00","$180,00"
570,13,2025,Qtr 4,November,5,"$180,00","$180,00"
570,14,2025,Qtr 4,November,12,"$180,00","$180,00"
570,15,2025,Qtr 4,November,19,"$180,00","$180,00"
570,16,2025,Qtr 4,November,26,"$180,00","$180,00"
570,17,2025,Qtr 4,December,3,"$180,00","$180,00"
570,18,2025,Qtr 4,December,10,"$180,00","$180,00"
570,19,2025,Qtr 4,December,17,"$180,00","$180,00"
570,20,2025,Qtr 4,December,24,"$180,00","$180,00"
570,21,2025,Qtr 4,December,31,"$180,00","$180,00"
570,22,2026,Qtr 1,January,7,"$180,00","$180,00"
570,23,2026,Qtr 1,January,14,"$180,00","$180,00"
570,24,2026,Qtr 1,January,21,"$180,00","$180,00"
570,25,2026,Qtr 1,January,28,"$180,00","$180,00"
570,26,2026,Qtr 1,February,4,"$180,00","$180,00"
570,27,2026,Qtr 1,February,11,"$180,00","$180,00"
570,28,2026,Qtr 1,February,18,"$180,00","$180,00"
570,29,2026,Qtr 1,February,25,"$180,00","$180,00"
570,30,2026,Qtr 1,March,4,"$180,00","$180,00"
570,31,2026,Qtr 1,March,11,"$180,00","$180,00"
570,32,2026,Qtr 1,March,18,"$180,00","$180,00"
570,33,2026,Qtr 1,March,25,"$180,00","$180,00"
570,34,2026,Qtr 2,April,1,"$180,00","$180,00"
570,35,2026,Qtr 2,April,8,"$180,00","$180,00"
571,0,2025,Qtr 4,November,20,"$600,00","$599,90"
571,1,2025,Qtr 4,November,27,"$288,79","$288,79"
571,2,2025,Qtr 4,December,4,"$288,79","$288,79"
571,3,2025,Qtr 4,December,11,"$288,79","$288,79"
571,4,2025,Qtr 4,December,18,"$288,79","$288,79"
571,5,2025,Qtr 4,December,25,"$288,79","$288,79"
571,6,2026,Qtr 1,January,1,"$288,79","$288,79"
571,7,2026,Qtr 1,January,8,"$288,79","$289,00"
571,8,2026,Qtr 1,January,15,"$288,79","$288,79"
571,9,2026,Qtr 1,January,22,"$288,79","$288,79"
571,10,2026,Qtr 1,January,29,"$288,79","$288,79"
571,11,2026,Qtr 1,February,5,"$288,79","$288,79"
571,12,2026,Qtr 1,February,12,"$288,79","$289,00"
571,13,2026,Qtr 1,February,19,"$288,79","$289,00"
571,14,2026,Qtr 1,February,26,"$288,79","$288,79"
571,15,2026,Qtr 1,March,5,"$288,79","$289,00"
571,16,2026,Qtr 1,March,12,"$288,79","$289,00"
571,17,2026,Qtr 1,March,19,"$288,79","$289,00"
571,18,2026,Qtr 1,March,26,"$288,79","$289,00"
571,19,2026,Qtr 2,April,2,"$288,79","$289,00"
571,20,2026,Qtr 2,April,9,"$288,79","$289,00"
571,21,2026,Qtr 2,April,16,"$288,79","$289,00"
571,22,2026,Qtr 2,April,23,"$288,79","$288,79"
571,23,2026,Qtr 2,April,30,"$288,79","$288,79"
571,24,2026,Qtr 2,May,7,"$288,79","$0,00"
571,25,2026,Qtr 2,May,14,"$288,79","$0,00"
571,26,2026,Qtr 2,May,21,"$288,79","$0,00"
571,27,2026,Qtr 2,May,28,"$288,79","$0,00"
572,0,2025,Qtr 4,October,7,"$999,00","$999,00"
572,1,2025,Qtr 4,October,14,"$400,00","$400,00"
572,2,2025,Qtr 4,October,21,"$400,00","$400,00"
572,3,2025,Qtr 4,October,28,"$400,00","$400,00"
572,4,2025,Qtr 4,November,4,"$400,00","$400,00"
572,5,2025,Qtr 4,November,11,"$400,00","$400,00"
572,6,2025,Qtr 4,November,18,"$400,00","$400,00"
572,7,2025,Qtr 4,November,25,"$400,00","$400,00"
572,8,2025,Qtr 4,December,2,"$400,00","$400,00"
572,9,2025,Qtr 4,December,9,"$400,00","$400,00"
572,10,2025,Qtr 4,December,16,"$400,00","$400,00"
572,11,2025,Qtr 4,December,23,"$400,00","$400,00"
572,12,2025,Qtr 4,December,30,"$400,00","$400,00"
572,13,2026,Qtr 1,January,6,"$400,00","$400,00"
572,14,2026,Qtr 1,January,13,"$400,00","$400,00"
572,15,2026,Qtr 1,January,20,"$400,00","$400,00"
575,0,2025,Qtr 4,October,19,"$400,00","$399,50"
575,1,2025,Qtr 4,October,26,"$209,20","$209,20"
575,2,2025,Qtr 4,November,2,"$209,20","$209,20"
575,3,2025,Qtr 4,November,9,"$209,20","$209,20"
575,4,2025,Qtr 4,November,16,"$209,20","$209,20"
575,5,2025,Qtr 4,November,23,"$209,20","$209,20"
575,6,2025,Qtr 4,November,30,"$209,20","$209,20"
575,7,2025,Qtr 4,December,7,"$209,20","$209,20"
575,8,2025,Qtr 4,December,14,"$209,20","$209,20"
575,9,2025,Qtr 4,December,21,"$209,20","$0,00"
575,10,2025,Qtr 4,December,28,"$209,20","$0,00"
575,11,2026,Qtr 1,January,4,"$209,20","$0,00"
575,12,2026,Qtr 1,January,11,"$209,20","$0,00"
575,13,2026,Qtr 1,January,18,"$209,20","$0,00"
575,14,2026,Qtr 1,January,25,"$209,20","$0,00"
575,15,2026,Qtr 1,February,1,"$209,20","$0,00"
575,16,2026,Qtr 1,February,8,"$209,20","$0,00"
575,17,2026,Qtr 1,February,15,"$209,20","$0,00"
575,18,2026,Qtr 1,February,22,"$209,20","$0,00"
575,19,2026,Qtr 1,March,1,"$209,20","$0,00"
575,20,2026,Qtr 1,March,8,"$209,20","$0,00"
575,21,2026,Qtr 1,March,15,"$209,20","$0,00"
575,22,2026,Qtr 1,March,22,"$209,20","$0,00"
575,23,2026,Qtr 1,March,29,"$209,20","$0,00"
575,24,2026,Qtr 2,April,5,"$209,20","$0,00"
575,25,2026,Qtr 2,April,12,"$209,20","$0,00"
575,26,2026,Qtr 2,April,19,"$209,20","$0,00"
576,0,2025,Qtr 4,November,18,"$380,00","$379,90"
576,1,2025,Qtr 4,November,25,"$249,86","$249,85"
576,2,2025,Qtr 4,December,2,"$249,86","$249,85"
576,3,2025,Qtr 4,December,9,"$249,86","$249,85"
576,4,2025,Qtr 4,December,16,"$249,86","$249,85"
576,5,2025,Qtr 4,December,23,"$249,86","$249,85"
576,6,2025,Qtr 4,December,30,"$249,86","$249,85"
576,7,2026,Qtr 1,January,6,"$249,86","$249,85"
576,8,2026,Qtr 1,January,13,"$249,86","$249,86"
576,9,2026,Qtr 1,January,20,"$249,86","$249,86"
576,10,2026,Qtr 1,January,27,"$249,86","$250,00"
576,11,2026,Qtr 1,February,3,"$249,86","$250,00"
576,12,2026,Qtr 1,February,10,"$249,86","$250,00"
576,13,2026,Qtr 1,February,17,"$249,86","$249,86"
576,14,2026,Qtr 1,February,24,"$249,86","$249,86"
576,15,2026,Qtr 1,March,3,"$249,86","$249,86"
576,16,2026,Qtr 1,March,10,"$249,86","$249,86"
576,17,2026,Qtr 1,March,17,"$249,86","$0,00"
576,18,2026,Qtr 1,March,24,"$249,86","$0,00"
576,19,2026,Qtr 1,March,31,"$249,86","$0,00"
576,20,2026,Qtr 2,April,7,"$249,86","$0,00"
576,21,2026,Qtr 2,April,14,"$249,86","$0,00"
576,22,2026,Qtr 2,April,21,"$249,86","$0,00"
576,23,2026,Qtr 2,April,28,"$249,86","$0,00"
576,24,2026,Qtr 2,May,5,"$249,86","$0,00"
576,25,2026,Qtr 2,May,12,"$249,86","$0,00"
576,26,2026,Qtr 2,May,19,"$249,86","$0,00"
577,0,2025,Qtr 4,November,25,"$1249,00","$1249,00"
577,1,2025,Qtr 4,December,2,"$514,90","$514,00"
577,2,2025,Qtr 4,December,9,"$514,90","$514,00"
577,3,2025,Qtr 4,December,16,"$514,90","$514,00"
577,4,2025,Qtr 4,December,23,"$514,90","$514,00"
577,5,2025,Qtr 4,December,30,"$514,90","$514,00"
577,6,2026,Qtr 1,January,6,"$514,90","$514,00"
577,7,2026,Qtr 1,January,13,"$514,90","$514,00"
577,8,2026,Qtr 1,January,20,"$514,90","$514,90"
577,9,2026,Qtr 1,January,27,"$514,90","$514,90"
577,10,2026,Qtr 1,February,3,"$514,90","$514,90"
577,11,2026,Qtr 1,February,10,"$514,90","$514,90"
577,12,2026,Qtr 1,February,17,"$514,90","$514,90"
577,13,2026,Qtr 1,February,24,"$514,90","$514,90"
577,14,2026,Qtr 1,March,3,"$514,90","$514,90"
577,15,2026,Qtr 1,March,10,"$514,90","$521,15"
578,0,2025,Qtr 4,October,3,"$2000,00","$2000,00"
578,1,2025,Qtr 4,October,10,"$518,77","$518,77"
578,2,2025,Qtr 4,October,17,"$518,77","$518,77"
578,3,2025,Qtr 4,October,24,"$518,77","$518,00"
578,4,2025,Qtr 4,October,31,"$518,77","$518,00"
578,5,2025,Qtr 4,November,7,"$518,77","$518,00"
578,6,2025,Qtr 4,November,14,"$518,77","$518,00"
578,7,2025,Qtr 4,November,21,"$518,77","$518,00"
578,8,2025,Qtr 4,November,28,"$518,77","$518,00"
578,9,2025,Qtr 4,December,5,"$518,77","$518,00"
578,10,2025,Qtr 4,December,12,"$518,77","$518,00"
578,11,2025,Qtr 4,December,19,"$518,77","$518,00"
578,12,2025,Qtr 4,December,26,"$518,77","$518,00"
578,13,2026,Qtr 1,January,2,"$518,77","$518,00"
578,14,2026,Qtr 1,January,9,"$518,77","$518,00"
578,15,2026,Qtr 1,January,16,"$518,77","$518,00"
578,16,2026,Qtr 1,January,23,"$518,77","$518,00"
578,17,2026,Qtr 1,January,30,"$518,77","$518,77"
578,18,2026,Qtr 1,February,6,"$518,77","$518,77"
578,19,2026,Qtr 1,February,13,"$518,77","$518,77"
578,20,2026,Qtr 1,February,20,"$518,77","$518,77"
578,21,2026,Qtr 1,February,27,"$518,77","$518,77"
578,22,2026,Qtr 1,March,6,"$518,77","$518,77"
578,23,2026,Qtr 1,March,13,"$518,77","$518,77"
578,24,2026,Qtr 1,March,20,"$518,77","$518,77"
578,25,2026,Qtr 1,March,27,"$518,77","$518,77"
578,26,2026,Qtr 2,April,3,"$518,77","$0,00"
579,0,2025,Qtr 3,July,28,"$999,00","$999,00"
579,1,2025,Qtr 3,August,4,"$314,23","$295,00"
579,2,2025,Qtr 3,August,11,"$314,23","$295,00"
579,3,2025,Qtr 3,August,18,"$314,23","$295,00"
579,4,2025,Qtr 3,August,25,"$314,23","$295,00"
579,5,2025,Qtr 3,September,1,"$314,23","$314,00"
579,6,2025,Qtr 3,September,8,"$314,23","$314,00"
579,7,2025,Qtr 3,September,15,"$314,23","$314,00"
579,8,2025,Qtr 3,September,22,"$314,23","$314,00"
579,9,2025,Qtr 3,September,29,"$314,23","$314,00"
579,10,2025,Qtr 4,October,6,"$314,23","$314,00"
579,11,2025,Qtr 4,October,13,"$314,23","$314,00"
579,12,2025,Qtr 4,October,20,"$314,23","$314,00"
579,13,2025,Qtr 4,October,27,"$314,23","$314,00"
579,14,2025,Qtr 4,November,3,"$314,23","$314,00"
579,15,2025,Qtr 4,November,10,"$314,23","$314,00"
579,16,2025,Qtr 4,November,17,"$314,23","$314,00"
579,17,2025,Qtr 4,November,24,"$314,23","$314,00"
579,18,2025,Qtr 4,December,1,"$314,23","$314,00"
579,19,2025,Qtr 4,December,8,"$314,23","$314,00"
579,20,2025,Qtr 4,December,15,"$314,23","$314,00"
579,21,2025,Qtr 4,December,22,"$314,23","$314,00"
579,22,2025,Qtr 4,December,29,"$314,23","$314,00"
579,23,2026,Qtr 1,January,5,"$314,23","$314,00"
579,24,2026,Qtr 1,January,12,"$314,23","$314,25"
579,25,2026,Qtr 1,January,19,"$314,23","$314,23"
579,26,2026,Qtr 1,January,26,"$314,23","$395,52"
580,0,2025,Qtr 4,October,20,"$624,00","$624,50"
580,1,2025,Qtr 4,October,27,"$238,73","$238,73"
580,2,2025,Qtr 4,November,3,"$238,73","$238,73"
580,3,2025,Qtr 4,November,10,"$238,73","$238,73"
580,4,2025,Qtr 4,November,17,"$238,73","$238,73"
580,5,2025,Qtr 4,November,24,"$238,73","$238,73"
580,6,2025,Qtr 4,December,1,"$238,73","$238,73"
580,7,2025,Qtr 4,December,8,"$238,73","$238,73"
580,8,2025,Qtr 4,December,15,"$238,73","$238,73"
580,9,2025,Qtr 4,December,22,"$238,73","$239,00"
580,10,2025,Qtr 4,December,29,"$238,73","$239,00"
580,11,2026,Qtr 1,January,5,"$238,73","$239,00"
580,12,2026,Qtr 1,January,12,"$238,73","$239,00"
580,13,2026,Qtr 1,January,19,"$238,73","$239,00"
580,14,2026,Qtr 1,January,26,"$238,73","$238,73"
580,15,2026,Qtr 1,February,2,"$238,73","$238,73"
580,16,2026,Qtr 1,February,9,"$238,73","$238,73"
580,17,2026,Qtr 1,February,16,"$238,73","$238,73"
580,18,2026,Qtr 1,February,23,"$238,73","$238,73"
580,19,2026,Qtr 1,March,2,"$238,73","$478,00"
580,20,2026,Qtr 1,March,9,"$238,73","$0,00"
581,0,2025,Qtr 3,August,15,"$799,00","$799,00"
581,1,2025,Qtr 3,August,22,"$160,47","$160,47"
581,2,2025,Qtr 3,August,29,"$160,47","$160,47"
581,3,2025,Qtr 3,September,5,"$160,47","$160,47"
581,4,2025,Qtr 3,September,12,"$160,47","$160,47"
581,5,2025,Qtr 3,September,19,"$160,47","$160,47"
581,6,2025,Qtr 3,September,26,"$160,47","$160,47"
581,7,2025,Qtr 4,October,3,"$160,47","$160,47"
581,8,2025,Qtr 4,October,10,"$160,47","$160,47"
581,9,2025,Qtr 4,October,17,"$160,47","$160,47"
581,10,2025,Qtr 4,October,24,"$160,47","$160,47"
581,11,2025,Qtr 4,October,31,"$160,47","$160,47"
581,12,2025,Qtr 4,November,7,"$160,47","$160,47"
581,13,2025,Qtr 4,November,14,"$160,47","$160,47"
581,14,2025,Qtr 4,November,21,"$160,47","$160,47"
581,15,2025,Qtr 4,November,28,"$160,47","$160,47"
581,16,2025,Qtr 4,December,5,"$160,47","$160,47"
581,17,2025,Qtr 4,December,12,"$160,47","$160,47"
581,18,2025,Qtr 4,December,19,"$160,47","$160,00"
581,19,2025,Qtr 4,December,26,"$160,47","$160,00"
581,20,2026,Qtr 1,January,2,"$160,47","$160,00"
581,21,2026,Qtr 1,January,9,"$160,47","$160,47"
581,22,2026,Qtr 1,January,16,"$160,47","$160,47"
581,23,2026,Qtr 1,January,23,"$160,47","$160,47"
581,24,2026,Qtr 1,January,30,"$160,47","$160,47"
581,25,2026,Qtr 1,February,6,"$160,47","$160,47"
581,26,2026,Qtr 1,February,13,"$160,47","$160,47"
581,27,2026,Qtr 1,February,20,"$160,47","$160,47"
581,28,2026,Qtr 1,February,27,"$160,47","$161,00"
581,29,2026,Qtr 1,March,6,"$160,47","$160,47"
581,30,2026,Qtr 1,March,13,"$160,47","$160,47"
581,31,2026,Qtr 1,March,20,"$160,47","$0,00"
581,32,2026,Qtr 1,March,27,"$160,47","$0,00"
581,33,2026,Qtr 2,April,3,"$160,47","$0,00"
581,34,2026,Qtr 2,April,10,"$160,47","$0,00"
581,35,2026,Qtr 2,April,17,"$160,47","$0,00"
581,36,2026,Qtr 2,April,24,"$160,47","$0,00"
581,37,2026,Qtr 2,May,1,"$160,47","$0,00"
581,38,2026,Qtr 2,May,8,"$160,47","$0,00"
581,39,2026,Qtr 2,May,15,"$160,47","$0,00"
581,40,2026,Qtr 2,May,22,"$160,47","$0,00"
581,41,2026,Qtr 2,May,29,"$160,47","$0,00"
582,0,2025,Qtr 3,September,19,"$1250,00","$1249,50"
582,1,2025,Qtr 3,September,26,"$280,79","$280,79"
582,2,2025,Qtr 4,October,3,"$280,79","$280,79"
582,3,2025,Qtr 4,October,10,"$280,79","$280,79"
582,4,2025,Qtr 4,October,17,"$280,79","$290,00"
582,5,2025,Qtr 4,October,24,"$280,79","$281,00"
582,6,2025,Qtr 4,October,31,"$280,79","$281,00"
582,7,2025,Qtr 4,November,7,"$280,79","$281,00"
582,8,2025,Qtr 4,November,14,"$280,79","$281,00"
582,9,2025,Qtr 4,November,21,"$280,79","$281,00"
582,10,2025,Qtr 4,November,28,"$280,79","$281,00"
582,11,2025,Qtr 4,December,5,"$280,79","$281,00"
582,12,2025,Qtr 4,December,12,"$280,79","$281,00"
582,13,2025,Qtr 4,December,19,"$280,79","$281,00"
582,14,2025,Qtr 4,December,26,"$280,79","$280,79"
582,15,2026,Qtr 1,January,2,"$280,79","$280,79"
582,16,2026,Qtr 1,January,9,"$280,79","$281,00"
582,17,2026,Qtr 1,January,16,"$280,79","$280,79"
582,18,2026,Qtr 1,January,23,"$280,79","$281,00"
582,19,2026,Qtr 1,January,30,"$280,79","$281,00"
582,20,2026,Qtr 1,February,6,"$280,79","$280,79"
582,21,2026,Qtr 1,February,13,"$280,79","$280,79"
582,22,2026,Qtr 1,February,20,"$280,79","$281,00"
582,23,2026,Qtr 1,February,27,"$280,79","$280,79"
582,24,2026,Qtr 1,March,6,"$280,79","$280,79"
582,25,2026,Qtr 1,March,13,"$280,79","$280,79"
582,26,2026,Qtr 1,March,20,"$280,79","$0,00"
582,27,2026,Qtr 1,March,27,"$280,79","$0,00"
582,28,2026,Qtr 2,April,3,"$280,79","$0,00"
582,29,2026,Qtr 2,April,10,"$280,79","$0,00"
582,30,2026,Qtr 2,April,17,"$280,79","$0,00"
582,31,2026,Qtr 2,April,24,"$280,79","$0,00"
582,32,2026,Qtr 2,May,1,"$280,79","$0,00"
582,33,2026,Qtr 2,May,8,"$280,79","$0,00"
582,34,2026,Qtr 2,May,15,"$280,79","$0,00"
582,35,2026,Qtr 2,May,22,"$280,79","$0,00"
582,36,2026,Qtr 2,May,29,"$280,79","$0,00"
583,0,2025,Qtr 4,November,16,"$550,00","$549,90"
583,1,2025,Qtr 4,November,23,"$264,72","$264,72"
583,2,2025,Qtr 4,November,30,"$264,72","$264,72"
583,3,2025,Qtr 4,December,7,"$264,72","$264,72"
583,4,2025,Qtr 4,December,14,"$264,72","$264,72"
583,5,2025,Qtr 4,December,21,"$264,72","$270,00"
583,6,2025,Qtr 4,December,28,"$264,72","$270,00"
583,7,2026,Qtr 1,January,4,"$264,72","$270,00"
583,8,2026,Qtr 1,January,11,"$264,72","$270,00"
583,9,2026,Qtr 1,January,18,"$264,72","$270,00"
583,10,2026,Qtr 1,January,25,"$264,72","$264,72"
583,11,2026,Qtr 1,February,1,"$264,72","$264,72"
583,12,2026,Qtr 1,February,8,"$264,72","$264,72"
583,13,2026,Qtr 1,February,15,"$264,72","$264,72"
583,14,2026,Qtr 1,February,22,"$264,72","$264,72"
583,15,2026,Qtr 1,March,1,"$264,72","$270,00"
583,16,2026,Qtr 1,March,8,"$264,72","$0,00"
583,17,2026,Qtr 1,March,15,"$264,72","$0,00"
583,18,2026,Qtr 1,March,22,"$264,72","$0,00"
583,19,2026,Qtr 1,March,29,"$264,72","$0,00"
583,20,2026,Qtr 2,April,5,"$264,72","$0,00"
583,21,2026,Qtr 2,April,12,"$264,72","$0,00"
583,22,2026,Qtr 2,April,19,"$264,72","$0,00"
583,23,2026,Qtr 2,April,26,"$264,72","$0,00"
583,24,2026,Qtr 2,May,3,"$264,72","$0,00"
583,25,2026,Qtr 2,May,10,"$264,72","$0,00"
583,26,2026,Qtr 2,May,17,"$264,72","$0,00"
583,27,2026,Qtr 2,May,24,"$264,72","$0,00"
583,28,2026,Qtr 2,May,31,"$264,72","$0,00"
584,0,2025,Qtr 4,November,28,"$1249,00","$1249,00"
584,1,2025,Qtr 4,December,5,"$254,07","$254,08"
584,2,2025,Qtr 4,December,12,"$254,07","$254,08"
584,3,2025,Qtr 4,December,19,"$254,07","$254,08"
584,4,2025,Qtr 4,December,26,"$254,07","$254,08"
584,5,2026,Qtr 1,January,2,"$254,07","$254,08"
584,6,2026,Qtr 1,January,9,"$254,07","$254,08"
584,7,2026,Qtr 1,January,16,"$254,07","$254,08"
584,8,2026,Qtr 1,January,23,"$254,07","$254,08"
584,9,2026,Qtr 1,January,30,"$254,07","$254,07"
584,10,2026,Qtr 1,February,6,"$254,07","$254,07"
584,11,2026,Qtr 1,February,13,"$254,07","$254,07"
584,12,2026,Qtr 1,February,20,"$254,07","$254,07"
584,13,2026,Qtr 1,February,27,"$254,07","$254,07"
584,14,2026,Qtr 1,March,6,"$254,07","$254,07"
584,15,2026,Qtr 1,March,13,"$254,07","$255,00"
584,16,2026,Qtr 1,March,20,"$254,07","$254,07"
584,17,2026,Qtr 1,March,27,"$254,07","$254,07"
584,18,2026,Qtr 2,April,3,"$254,07","$254,07"
584,19,2026,Qtr 2,April,10,"$254,07","$254,07"
584,20,2026,Qtr 2,April,17,"$254,07","$254,07"
584,21,2026,Qtr 2,April,24,"$254,07","$254,07"
584,22,2026,Qtr 2,May,1,"$254,07","$254,07"
584,23,2026,Qtr 2,May,8,"$254,07","$0,00"
584,24,2026,Qtr 2,May,15,"$254,07","$0,00"
584,25,2026,Qtr 2,May,22,"$254,07","$0,00"
584,26,2026,Qtr 2,May,29,"$254,07","$0,00"
585,0,2025,Qtr 4,December,19,"$1249,00","$1249,00"
585,1,2025,Qtr 4,December,26,"$291,00","$292,00"
585,2,2026,Qtr 1,January,2,"$291,00","$292,00"
585,3,2026,Qtr 1,January,9,"$291,00","$292,00"
585,4,2026,Qtr 1,January,16,"$291,00","$292,00"
585,5,2026,Qtr 1,January,23,"$291,00","$292,00"
585,6,2026,Qtr 1,January,30,"$291,00","$291,00"
585,7,2026,Qtr 1,February,6,"$291,00","$291,00"
585,8,2026,Qtr 1,February,13,"$291,00","$291,00"
585,9,2026,Qtr 1,February,20,"$291,00","$291,00"
585,10,2026,Qtr 1,February,27,"$291,00","$291,00"
585,11,2026,Qtr 1,March,6,"$291,00","$291,00"
585,12,2026,Qtr 1,March,13,"$291,00","$291,00"
585,13,2026,Qtr 1,March,20,"$291,00","$291,00"
585,14,2026,Qtr 1,March,27,"$291,00","$291,00"
585,15,2026,Qtr 2,April,3,"$291,00","$291,00"
585,16,2026,Qtr 2,April,10,"$291,00","$291,00"
585,17,2026,Qtr 2,April,17,"$291,00","$291,00"
585,18,2026,Qtr 2,April,24,"$291,00","$291,00"
585,19,2026,Qtr 2,May,1,"$291,00","$291,00"
585,20,2026,Qtr 2,May,8,"$291,00","$291,00"
585,21,2026,Qtr 2,May,15,"$291,00","$291,00"
585,22,2026,Qtr 2,May,22,"$291,00","$0,00"
585,23,2026,Qtr 2,May,29,"$291,00","$0,00"
586,0,2025,Qtr 2,June,10,"$1249,00","$1249,00"
586,1,2025,Qtr 2,June,17,"$227,33","$227,33"
586,2,2025,Qtr 2,June,24,"$227,33","$227,33"
586,3,2025,Qtr 3,July,1,"$227,33","$227,33"
586,4,2025,Qtr 3,July,8,"$227,33","$227,33"
586,5,2025,Qtr 3,July,15,"$227,33","$227,33"
586,6,2025,Qtr 3,July,22,"$227,33","$227,33"
586,7,2025,Qtr 3,July,29,"$227,33","$227,33"
586,8,2025,Qtr 3,August,5,"$227,33","$227,33"
586,9,2025,Qtr 3,August,12,"$227,33","$227,33"
586,10,2025,Qtr 3,August,19,"$227,33","$227,33"
586,11,2025,Qtr 3,August,26,"$227,33","$227,33"
586,12,2025,Qtr 3,September,2,"$227,33","$227,33"
586,13,2025,Qtr 3,September,9,"$227,33","$227,33"
586,14,2025,Qtr 3,September,16,"$227,33","$227,33"
586,15,2025,Qtr 3,September,23,"$227,33","$230,00"
586,16,2025,Qtr 3,September,30,"$227,33","$230,00"
586,17,2025,Qtr 4,October,7,"$227,33","$227,33"
586,18,2025,Qtr 4,October,14,"$227,33","$230,00"
586,19,2025,Qtr 4,October,21,"$227,33","$227,33"
586,20,2025,Qtr 4,October,28,"$227,33","$230,00"
586,21,2025,Qtr 4,November,4,"$227,33","$230,00"
586,22,2025,Qtr 4,November,11,"$227,33","$230,00"
586,23,2025,Qtr 4,November,18,"$227,33","$230,00"
586,24,2025,Qtr 4,November,25,"$227,33","$230,00"
586,25,2025,Qtr 4,December,2,"$227,33","$230,00"
586,26,2025,Qtr 4,December,9,"$227,33","$230,00"
586,27,2025,Qtr 4,December,16,"$227,33","$230,00"
586,28,2025,Qtr 4,December,23,"$227,33","$230,00"
586,29,2025,Qtr 4,December,30,"$227,33","$230,00"
586,30,2026,Qtr 1,January,6,"$227,33","$230,00"
586,31,2026,Qtr 1,January,13,"$227,33","$230,00"
586,32,2026,Qtr 1,January,20,"$227,33","$227,00"
586,33,2026,Qtr 1,January,27,"$227,33","$227,33"
586,34,2026,Qtr 1,February,3,"$227,33","$227,33"
586,35,2026,Qtr 1,February,10,"$227,33","$227,33"
586,36,2026,Qtr 1,February,17,"$227,33","$227,33"
586,37,2026,Qtr 1,February,24,"$227,33","$227,33"
586,38,2026,Qtr 1,March,3,"$227,33","$227,33"
586,39,2026,Qtr 1,March,10,"$227,33","$227,33"
586,40,2026,Qtr 1,March,17,"$227,33","$227,33"
586,41,2026,Qtr 1,March,24,"$227,33","$227,33"
586,42,2026,Qtr 1,March,31,"$227,33","$227,33"
586,43,2026,Qtr 2,April,7,"$227,33","$227,33"
587,0,2025,Qtr 3,August,18,"$624,00","$624,50"
587,1,2025,Qtr 3,August,25,"$318,75","$319,00"
587,2,2025,Qtr 3,September,1,"$318,75","$319,00"
587,3,2025,Qtr 3,September,8,"$318,75","$319,00"
587,4,2025,Qtr 3,September,15,"$318,75","$319,00"
587,5,2025,Qtr 3,September,22,"$318,75","$319,00"
587,6,2025,Qtr 3,September,29,"$318,75","$318,73"
587,7,2025,Qtr 4,October,6,"$318,75","$320,00"
587,8,2025,Qtr 4,October,13,"$318,75","$318,75"
587,9,2025,Qtr 4,October,20,"$318,75","$319,00"
587,10,2025,Qtr 4,October,27,"$318,75","$319,00"
587,11,2025,Qtr 4,November,3,"$318,75","$319,00"
587,12,2025,Qtr 4,November,10,"$318,75","$319,00"
587,13,2025,Qtr 4,November,17,"$318,75","$318,75"
587,14,2025,Qtr 4,November,24,"$318,75","$318,75"
587,15,2025,Qtr 4,December,1,"$318,75","$318,75"
587,16,2025,Qtr 4,December,8,"$318,75","$0,00"
587,17,2025,Qtr 4,December,15,"$318,75","$0,00"
587,18,2025,Qtr 4,December,22,"$318,75","$0,00"
587,19,2025,Qtr 4,December,29,"$318,75","$0,00"
587,20,2026,Qtr 1,January,5,"$318,75","$0,00"
588,0,2025,Qtr 2,May,6,"$999,00","$999,00"
588,1,2025,Qtr 2,May,13,"$230,00","$230,00"
588,2,2025,Qtr 2,May,20,"$230,00","$230,00"
588,3,2025,Qtr 2,May,27,"$230,00","$230,00"
588,4,2025,Qtr 2,June,3,"$230,00","$230,00"
588,5,2025,Qtr 2,June,10,"$230,00","$230,00"
588,6,2025,Qtr 2,June,17,"$230,00","$230,00"
588,7,2025,Qtr 2,June,24,"$230,00","$230,00"
588,8,2025,Qtr 3,July,1,"$230,00","$230,00"
588,9,2025,Qtr 3,July,8,"$230,00","$230,00"
588,10,2025,Qtr 3,July,15,"$230,00","$230,00"
588,11,2025,Qtr 3,July,22,"$230,00","$230,00"
588,12,2025,Qtr 3,July,29,"$230,00","$230,00"
588,13,2025,Qtr 3,August,5,"$230,00","$230,00"
588,14,2025,Qtr 3,August,12,"$230,00","$230,00"
588,15,2025,Qtr 3,August,19,"$230,00","$230,00"
588,16,2025,Qtr 3,August,26,"$230,00","$230,00"
588,17,2025,Qtr 3,September,2,"$230,00","$230,00"
588,18,2025,Qtr 3,September,9,"$230,00","$230,00"
588,19,2025,Qtr 3,September,16,"$230,00","$230,00"
588,20,2025,Qtr 3,September,23,"$230,00","$230,00"
588,21,2025,Qtr 3,September,30,"$230,00","$230,00"
588,22,2025,Qtr 4,October,7,"$230,00","$230,00"
588,23,2025,Qtr 4,October,14,"$230,00","$230,00"
588,24,2025,Qtr 4,October,21,"$230,00","$230,00"
588,25,2025,Qtr 4,October,28,"$230,00","$230,00"
588,26,2025,Qtr 4,November,4,"$230,00","$230,00"
588,27,2025,Qtr 4,November,11,"$230,00","$230,00"
588,28,2025,Qtr 4,November,18,"$230,00","$230,00"
588,29,2025,Qtr 4,November,25,"$230,00","$230,00"
588,30,2025,Qtr 4,December,2,"$230,00","$230,00"
588,31,2025,Qtr 4,December,9,"$230,00","$230,00"
588,32,2025,Qtr 4,December,16,"$230,00","$230,00"
588,33,2025,Qtr 4,December,23,"$230,00","$230,00"
588,34,2025,Qtr 4,December,30,"$230,00","$230,00"
588,35,2026,Qtr 1,January,6,"$230,00","$230,00"
588,36,2026,Qtr 1,January,13,"$230,00","$230,00"
588,37,2026,Qtr 1,January,20,"$230,00","$230,00"
588,38,2026,Qtr 1,January,27,"$230,00","$230,00"
588,39,2026,Qtr 1,February,3,"$230,00","$230,00"
588,40,2026,Qtr 1,February,10,"$230,00","$230,00"
588,41,2026,Qtr 1,February,17,"$230,00","$230,00"
588,42,2026,Qtr 1,February,24,"$230,00","$230,00"
588,43,2026,Qtr 1,March,3,"$230,00","$230,00"
589,0,2024,Qtr 3,September,5,"$0,00","$0,00"
589,1,2024,Qtr 3,September,12,"$690,23","$690,00"
589,2,2024,Qtr 3,September,19,"$690,23","$690,00"
589,3,2024,Qtr 3,September,26,"$690,23","$690,00"
589,4,2024,Qtr 4,October,3,"$690,23","$690,00"
589,5,2024,Qtr 4,October,10,"$690,23","$690,00"
589,6,2024,Qtr 4,October,17,"$690,23","$690,00"
589,7,2024,Qtr 4,October,24,"$690,23","$690,00"
589,8,2024,Qtr 4,October,31,"$690,23","$690,00"
589,9,2024,Qtr 4,November,7,"$690,23","$690,00"
589,10,2024,Qtr 4,November,14,"$690,23","$690,00"
589,11,2024,Qtr 4,November,21,"$690,23","$690,00"
589,12,2024,Qtr 4,November,28,"$690,23","$690,00"
589,13,2024,Qtr 4,December,5,"$690,23","$690,00"
589,14,2024,Qtr 4,December,12,"$690,23","$690,00"
589,15,2024,Qtr 4,December,19,"$690,23","$690,00"
589,16,2024,Qtr 4,December,26,"$690,23","$690,00"
589,17,2025,Qtr 1,January,2,"$690,23","$690,00"
589,18,2025,Qtr 1,January,9,"$690,23","$690,00"
589,19,2025,Qtr 1,January,16,"$690,23","$690,00"
589,20,2025,Qtr 1,January,23,"$690,23","$690,00"
589,21,2025,Qtr 1,January,30,"$690,23","$690,00"
589,22,2025,Qtr 1,February,6,"$690,23","$690,00"
589,23,2025,Qtr 1,February,13,"$690,23","$690,00"
589,24,2025,Qtr 1,February,20,"$690,23","$690,00"
589,25,2025,Qtr 1,February,27,"$690,23","$690,00"
589,26,2025,Qtr 1,March,6,"$690,23","$690,00"
589,27,2025,Qtr 1,March,13,"$690,23","$690,00"
589,28,2025,Qtr 1,March,20,"$690,23","$690,00"
589,29,2025,Qtr 1,March,27,"$690,23","$690,00"
589,30,2025,Qtr 2,April,3,"$690,23","$690,00"
589,31,2025,Qtr 2,April,10,"$690,23","$690,23"
589,32,2025,Qtr 2,April,17,"$690,23","$690,23"
589,33,2025,Qtr 2,April,24,"$690,23","$690,23"
589,34,2025,Qtr 2,May,1,"$690,23","$690,23"
589,35,2025,Qtr 2,May,8,"$690,23","$690,23"
589,36,2025,Qtr 2,May,15,"$690,23","$690,23"
589,37,2025,Qtr 2,May,22,"$690,23","$690,23"
589,38,2025,Qtr 2,May,29,"$690,23","$690,23"
589,39,2025,Qtr 2,June,5,"$690,23","$690,23"
589,40,2025,Qtr 2,June,12,"$690,23","$690,23"
589,41,2025,Qtr 2,June,19,"$690,23","$690,23"
589,42,2025,Qtr 2,June,26,"$690,23","$690,23"
589,43,2025,Qtr 3,July,3,"$690,23","$697,24"
590,0,2024,Qtr 4,November,22,"$1499,00","$1499,00"
590,1,2024,Qtr 4,November,29,"$316,28","$316,00"
590,2,2024,Qtr 4,December,6,"$316,28","$316,00"
590,3,2024,Qtr 4,December,13,"$316,28","$316,00"
590,4,2024,Qtr 4,December,20,"$316,28","$316,00"
590,5,2024,Qtr 4,December,27,"$316,28","$316,00"
590,6,2025,Qtr 1,January,3,"$316,28","$316,00"
590,7,2025,Qtr 1,January,10,"$316,28","$316,00"
590,8,2025,Qtr 1,January,17,"$316,28","$316,00"
590,9,2025,Qtr 1,January,24,"$316,28","$316,00"
590,10,2025,Qtr 1,January,31,"$316,28","$316,00"
590,11,2025,Qtr 1,February,7,"$316,28","$316,00"
590,12,2025,Qtr 1,February,14,"$316,28","$316,00"
590,13,2025,Qtr 1,February,21,"$316,28","$316,00"
590,14,2025,Qtr 1,February,28,"$316,28","$316,00"
590,15,2025,Qtr 1,March,7,"$316,28","$316,00"
590,16,2025,Qtr 1,March,14,"$316,28","$316,00"
590,17,2025,Qtr 1,March,21,"$316,28","$316,00"
590,18,2025,Qtr 1,March,28,"$316,28","$316,00"
590,19,2025,Qtr 2,April,4,"$316,28","$316,00"
590,20,2025,Qtr 2,April,11,"$316,28","$316,00"
590,21,2025,Qtr 2,April,18,"$316,28","$316,00"
590,22,2025,Qtr 2,April,25,"$316,28","$316,00"
590,23,2025,Qtr 2,May,2,"$316,28","$316,00"
590,24,2025,Qtr 2,May,9,"$316,28","$316,00"
590,25,2025,Qtr 2,May,16,"$316,28","$316,00"
590,26,2025,Qtr 2,May,23,"$316,28","$316,00"
590,27,2025,Qtr 2,May,30,"$316,28","$316,00"
590,28,2025,Qtr 2,June,6,"$316,28","$316,00"
590,29,2025,Qtr 2,June,13,"$316,28","$316,00"
590,30,2025,Qtr 2,June,20,"$316,28","$316,00"
590,31,2025,Qtr 2,June,27,"$316,28","$316,00"
590,32,2025,Qtr 3,July,4,"$316,28","$316,28"
590,33,2025,Qtr 3,July,11,"$316,28","$316,00"
590,34,2025,Qtr 3,July,18,"$316,28","$316,28"
590,35,2025,Qtr 3,July,25,"$316,28","$316,28"
590,36,2025,Qtr 3,August,1,"$316,28","$316,28"
590,37,2025,Qtr 3,August,8,"$316,28","$316,28"
590,38,2025,Qtr 3,August,15,"$316,28","$316,28"
590,39,2025,Qtr 3,August,22,"$316,28","$316,28"
590,40,2025,Qtr 3,August,29,"$316,28","$316,28"
590,41,2025,Qtr 3,September,5,"$316,28","$316,28"
590,42,2025,Qtr 3,September,12,"$316,28","$641,48"
590,43,2025,Qtr 3,September,19,"$316,28","$0,00"
591,0,2025,Qtr 4,December,19,"$0,00","$0,00"
591,1,2025,Qtr 4,December,26,"$163,48","$164,00"
591,2,2026,Qtr 1,January,2,"$163,48","$164,00"
591,3,2026,Qtr 1,January,9,"$163,48","$164,00"
591,4,2026,Qtr 1,January,16,"$163,48","$163,48"
591,5,2026,Qtr 1,January,23,"$163,48","$163,48"
591,6,2026,Qtr 1,January,30,"$163,48","$164,00"
591,7,2026,Qtr 1,February,6,"$163,48","$164,00"
591,8,2026,Qtr 1,February,13,"$163,48","$164,00"
591,9,2026,Qtr 1,February,20,"$163,48","$164,00"
591,10,2026,Qtr 1,February,27,"$163,48","$164,00"
591,11,2026,Qtr 1,March,6,"$163,48","$164,00"
591,12,2026,Qtr 1,March,13,"$163,48","$163,48"
591,13,2026,Qtr 1,March,20,"$163,48","$164,00"
591,14,2026,Qtr 1,March,27,"$163,48","$164,00"
591,15,2026,Qtr 2,April,3,"$163,48","$163,48"
591,16,2026,Qtr 2,April,10,"$163,48","$164,00"
591,17,2026,Qtr 2,April,17,"$163,48","$164,00"
591,18,2026,Qtr 2,April,24,"$163,48","$164,00"
591,19,2026,Qtr 2,May,1,"$163,48","$163,48"
591,20,2026,Qtr 2,May,8,"$163,48","$164,00"
591,21,2026,Qtr 2,May,15,"$163,48","$164,00"
591,22,2026,Qtr 2,May,22,"$163,48","$0,00"
591,23,2026,Qtr 2,May,29,"$163,48","$0,00"
592,0,2025,Qtr 1,March,8,"$0,00","$0,00"
592,1,2025,Qtr 1,March,15,"$529,28","$529,28"
592,2,2025,Qtr 1,March,22,"$529,28","$630,00"
592,3,2025,Qtr 1,March,29,"$529,28","$530,00"
592,4,2025,Qtr 2,April,5,"$529,28","$530,00"
592,5,2025,Qtr 2,April,12,"$529,28","$530,00"
592,6,2025,Qtr 2,April,19,"$529,28","$530,00"
592,7,2025,Qtr 2,April,26,"$529,28","$529,27"
592,8,2025,Qtr 2,May,3,"$529,28","$530,00"
592,9,2025,Qtr 2,May,10,"$529,28","$530,00"
592,10,2025,Qtr 2,May,17,"$529,28","$530,00"
592,11,2025,Qtr 2,May,24,"$529,28","$530,00"
592,12,2025,Qtr 2,May,31,"$529,28","$530,00"
592,13,2025,Qtr 2,June,7,"$529,28","$530,00"
592,14,2025,Qtr 2,June,14,"$529,28","$530,00"
592,15,2025,Qtr 2,June,21,"$529,28","$530,00"
592,16,2025,Qtr 2,June,28,"$529,28","$530,00"
592,17,2025,Qtr 3,July,5,"$529,28","$530,00"
592,18,2025,Qtr 3,July,12,"$529,28","$530,00"
592,19,2025,Qtr 3,July,19,"$529,28","$530,00"
592,20,2025,Qtr 3,July,26,"$529,28","$530,00"
592,21,2025,Qtr 3,August,2,"$529,28","$529,28"
592,22,2025,Qtr 3,August,9,"$529,28","$0,00"
592,23,2025,Qtr 3,August,16,"$529,28","$0,00"
592,24,2025,Qtr 3,August,23,"$529,28","$0,00"
592,25,2025,Qtr 3,August,30,"$529,28","$0,00"
592,26,2025,Qtr 3,September,6,"$529,28","$0,00"
592,27,2025,Qtr 3,September,13,"$529,28","$0,00"
592,28,2025,Qtr 3,September,20,"$529,28","$0,00"
592,29,2025,Qtr 3,September,27,"$529,28","$0,00"
592,30,2025,Qtr 4,October,4,"$529,28","$0,00"
592,31,2025,Qtr 4,October,11,"$529,28","$0,00"
592,32,2025,Qtr 4,October,18,"$529,28","$0,00"
592,33,2025,Qtr 4,October,25,"$529,28","$0,00"
592,34,2025,Qtr 4,November,1,"$529,28","$0,00"
592,35,2025,Qtr 4,November,8,"$529,28","$0,00"
592,36,2025,Qtr 4,November,15,"$529,28","$0,00"
592,37,2025,Qtr 4,November,22,"$529,28","$0,00"
592,38,2025,Qtr 4,November,29,"$529,28","$0,00"
592,39,2025,Qtr 4,December,6,"$529,28","$0,00"
592,40,2025,Qtr 4,December,13,"$529,28","$0,00"
592,41,2025,Qtr 4,December,20,"$529,28","$0,00"
592,42,2025,Qtr 4,December,27,"$529,28","$0,00"
592,43,2026,Qtr 1,January,3,"$529,28","$0,00"
592,44,2026,Qtr 1,January,10,"$529,28","$0,00"
592,45,2026,Qtr 1,January,17,"$529,28","$0,00"
592,46,2026,Qtr 1,January,24,"$529,28","$0,00"
592,47,2026,Qtr 1,January,31,"$529,28","$0,00"
592,48,2026,Qtr 1,February,7,"$529,28","$0,00"
592,49,2026,Qtr 1,February,14,"$529,28","$0,00"
592,50,2026,Qtr 1,February,21,"$529,28","$0,00"
592,51,2026,Qtr 1,February,28,"$529,28","$0,00"
592,52,2026,Qtr 1,March,7,"$529,28","$0,00"
592,53,2026,Qtr 1,March,14,"$529,28","$0,00"
592,54,2026,Qtr 1,March,21,"$529,28","$0,00"
592,55,2026,Qtr 1,March,28,"$529,28","$0,00"
592,56,2026,Qtr 2,April,4,"$529,28","$0,00"
592,57,2026,Qtr 2,April,11,"$529,28","$0,00"
592,58,2026,Qtr 2,April,18,"$529,28","$0,00"
592,59,2026,Qtr 2,April,25,"$529,28","$0,00"
592,60,2026,Qtr 2,May,2,"$529,28","$0,00"
592,61,2026,Qtr 2,May,9,"$529,28","$0,00"
592,62,2026,Qtr 2,May,16,"$529,28","$0,00"
592,63,2026,Qtr 2,May,23,"$529,28","$0,00"
592,64,2026,Qtr 2,May,30,"$529,28","$0,00"
593,0,2025,Qtr 4,December,23,"$799,00","$799,00"
593,1,2025,Qtr 4,December,30,"$160,47","$160,47"
593,2,2026,Qtr 1,January,6,"$160,47","$160,47"
593,3,2026,Qtr 1,January,13,"$160,47","$160,47"
593,4,2026,Qtr 1,January,20,"$160,47","$160,47"
593,5,2026,Qtr 1,January,27,"$160,47","$160,47"
593,6,2026,Qtr 1,February,3,"$160,47","$160,47"
593,7,2026,Qtr 1,February,10,"$160,47","$160,47"
593,8,2026,Qtr 1,February,17,"$160,47","$160,47"
593,9,2026,Qtr 1,February,24,"$160,47","$160,47"
593,10,2026,Qtr 1,March,3,"$160,47","$160,47"
593,11,2026,Qtr 1,March,10,"$160,47","$160,47"
593,12,2026,Qtr 1,March,17,"$160,47","$160,47"
593,13,2026,Qtr 1,March,24,"$160,47","$160,47"
593,14,2026,Qtr 1,March,31,"$160,47","$160,47"
593,15,2026,Qtr 2,April,7,"$160,47","$0,00"
593,16,2026,Qtr 2,April,14,"$160,47","$0,00"
593,17,2026,Qtr 2,April,21,"$160,47","$0,00"
593,18,2026,Qtr 2,April,28,"$160,47","$0,00"
593,19,2026,Qtr 2,May,5,"$160,47","$0,00"
593,20,2026,Qtr 2,May,12,"$160,47","$0,00"
593,21,2026,Qtr 2,May,19,"$160,47","$0,00"
593,22,2026,Qtr 2,May,26,"$160,47","$0,00"
593,23,2026,Qtr 2,June,2,"$160,47","$0,00"
594,0,2025,Qtr 4,November,17,"$820,00","$819,90"
594,1,2025,Qtr 4,November,24,"$394,75","$394,70"
594,2,2025,Qtr 4,December,1,"$394,75","$374,70"
594,3,2025,Qtr 4,December,8,"$394,75","$394,70"
594,4,2025,Qtr 4,December,15,"$394,75","$394,70"
594,5,2025,Qtr 4,December,22,"$394,75","$394,70"
594,6,2025,Qtr 4,December,29,"$394,75","$394,70"
594,7,2026,Qtr 1,January,5,"$394,75","$394,70"
594,8,2026,Qtr 1,January,12,"$394,75","$394,70"
594,9,2026,Qtr 1,January,19,"$394,75","$394,75"
594,10,2026,Qtr 1,January,26,"$394,75","$394,75"
594,11,2026,Qtr 1,February,2,"$394,75","$394,75"
594,12,2026,Qtr 1,February,9,"$394,75","$394,75"
594,13,2026,Qtr 1,February,16,"$394,75","$395,00"
594,14,2026,Qtr 1,February,23,"$394,75","$394,75"
594,15,2026,Qtr 1,March,2,"$394,75","$395,00"
594,16,2026,Qtr 1,March,9,"$394,75","$394,75"
594,17,2026,Qtr 1,March,16,"$394,75","$394,75"
594,18,2026,Qtr 1,March,23,"$394,75","$395,00"
594,19,2026,Qtr 1,March,30,"$394,75","$395,00"
594,20,2026,Qtr 2,April,6,"$394,75","$394,75"
594,21,2026,Qtr 2,April,13,"$394,75","$394,75"
594,22,2026,Qtr 2,April,20,"$394,75","$394,75"
594,23,2026,Qtr 2,April,27,"$394,75","$394,75"
594,24,2026,Qtr 2,May,4,"$394,75","$394,75"
594,25,2026,Qtr 2,May,11,"$394,75","$394,75"
594,26,2026,Qtr 2,May,18,"$394,75","$0,00"
594,27,2026,Qtr 2,May,25,"$394,75","$0,00"
594,28,2026,Qtr 2,June,1,"$394,75","$0,00"
595,0,2025,Qtr 2,June,19,"$799,00","$799,00"
595,1,2025,Qtr 2,June,26,"$160,47","$160,00"
595,2,2025,Qtr 3,July,3,"$160,47","$160,00"
595,3,2025,Qtr 3,July,10,"$160,47","$160,00"
595,4,2025,Qtr 3,July,17,"$160,47","$160,00"
595,5,2025,Qtr 3,July,24,"$160,47","$160,00"
595,6,2025,Qtr 3,July,31,"$160,47","$160,00"
595,7,2025,Qtr 3,August,7,"$160,47","$160,00"
595,8,2025,Qtr 3,August,14,"$160,47","$160,00"
595,9,2025,Qtr 3,August,21,"$160,47","$160,00"
595,10,2025,Qtr 3,August,28,"$160,47","$160,00"
595,11,2025,Qtr 3,September,4,"$160,47","$160,00"
595,12,2025,Qtr 3,September,11,"$160,47","$160,00"
595,13,2025,Qtr 3,September,18,"$160,47","$160,00"
595,14,2025,Qtr 3,September,25,"$160,47","$160,00"
595,15,2025,Qtr 4,October,2,"$160,47","$160,00"
595,16,2025,Qtr 4,October,9,"$160,47","$160,00"
595,17,2025,Qtr 4,October,16,"$160,47","$160,00"
595,18,2025,Qtr 4,October,23,"$160,47","$160,00"
595,19,2025,Qtr 4,October,30,"$160,47","$160,00"
595,20,2025,Qtr 4,November,6,"$160,47","$160,00"
595,21,2025,Qtr 4,November,13,"$160,47","$160,00"
595,22,2025,Qtr 4,November,20,"$160,47","$160,00"
595,23,2025,Qtr 4,November,27,"$160,47","$160,00"
595,24,2025,Qtr 4,December,4,"$160,47","$160,00"
595,25,2025,Qtr 4,December,11,"$160,47","$160,00"
595,26,2025,Qtr 4,December,18,"$160,47","$160,00"
595,27,2025,Qtr 4,December,25,"$160,47","$160,00"
595,28,2026,Qtr 1,January,1,"$160,47","$160,00"
595,29,2026,Qtr 1,January,8,"$160,47","$160,00"
595,30,2026,Qtr 1,January,15,"$160,47","$160,47"
595,31,2026,Qtr 1,January,22,"$160,47","$160,47"
595,32,2026,Qtr 1,January,29,"$160,47","$160,47"
595,33,2026,Qtr 1,February,5,"$160,47","$160,47"
595,34,2026,Qtr 1,February,12,"$160,47","$160,47"
595,35,2026,Qtr 1,February,19,"$160,47","$160,47"
595,36,2026,Qtr 1,February,26,"$160,47","$160,47"
595,37,2026,Qtr 1,March,5,"$160,47","$160,47"
595,38,2026,Qtr 1,March,12,"$160,47","$160,47"
595,39,2026,Qtr 1,March,19,"$160,47","$160,47"
595,40,2026,Qtr 1,March,26,"$160,47","$655,30"
595,41,2026,Qtr 2,April,2,"$160,47","$0,00"
595,42,2026,Qtr 2,April,9,"$160,47","$0,00"
595,43,2026,Qtr 2,April,16,"$160,47","$0,00"
596,0,2025,Qtr 2,June,21,"$1250,00","$1250,00"
596,1,2025,Qtr 2,June,28,"$227,33","$228,00"
596,2,2025,Qtr 3,July,5,"$227,33","$228,00"
596,3,2025,Qtr 3,July,12,"$227,33","$228,00"
596,4,2025,Qtr 3,July,19,"$227,33","$228,00"
596,5,2025,Qtr 3,July,26,"$227,33","$228,00"
596,6,2025,Qtr 3,August,2,"$227,33","$228,00"
596,7,2025,Qtr 3,August,9,"$227,33","$228,00"
596,8,2025,Qtr 3,August,16,"$227,33","$228,00"
596,9,2025,Qtr 3,August,23,"$227,33","$228,00"
596,10,2025,Qtr 3,August,30,"$227,33","$228,00"
596,11,2025,Qtr 3,September,6,"$227,33","$228,00"
596,12,2025,Qtr 3,September,13,"$227,33","$228,00"
596,13,2025,Qtr 3,September,20,"$227,33","$228,00"
596,14,2025,Qtr 3,September,27,"$227,33","$228,00"
596,15,2025,Qtr 4,October,4,"$227,33","$228,00"
596,16,2025,Qtr 4,October,11,"$227,33","$228,00"
596,17,2025,Qtr 4,October,18,"$227,33","$228,00"
596,18,2025,Qtr 4,October,25,"$227,33","$228,00"
596,19,2025,Qtr 4,November,1,"$227,33","$228,00"
596,20,2025,Qtr 4,November,8,"$227,33","$228,00"
596,21,2025,Qtr 4,November,15,"$227,33","$228,00"
596,22,2025,Qtr 4,November,22,"$227,33","$228,00"
596,23,2025,Qtr 4,November,29,"$227,33","$228,00"
596,24,2025,Qtr 4,December,6,"$227,33","$228,00"
596,25,2025,Qtr 4,December,13,"$227,33","$228,00"
596,26,2025,Qtr 4,December,20,"$227,33","$228,00"
596,27,2025,Qtr 4,December,27,"$227,33","$228,00"
596,28,2026,Qtr 1,January,3,"$227,33","$228,00"
596,29,2026,Qtr 1,January,10,"$227,33","$228,00"
596,30,2026,Qtr 1,January,17,"$227,33","$228,00"
596,31,2026,Qtr 1,January,24,"$227,33","$227,33"
596,32,2026,Qtr 1,January,31,"$227,33","$227,33"
596,33,2026,Qtr 1,February,7,"$227,33","$227,33"
596,34,2026,Qtr 1,February,14,"$227,33","$227,33"
596,35,2026,Qtr 1,February,21,"$227,33","$227,33"
596,36,2026,Qtr 1,February,28,"$227,33","$227,33"
596,37,2026,Qtr 1,March,7,"$227,33","$227,33"
596,38,2026,Qtr 1,March,14,"$227,33","$227,33"
596,39,2026,Qtr 1,March,21,"$227,33","$227,33"
596,40,2026,Qtr 1,March,28,"$227,33","$227,33"
596,41,2026,Qtr 2,April,4,"$227,33","$227,33"
596,42,2026,Qtr 2,April,11,"$227,33","$227,33"
596,43,2026,Qtr 2,April,18,"$227,33","$227,33"
597,0,2025,Qtr 2,May,21,"$799,00","$799,00"
597,1,2025,Qtr 2,May,28,"$160,47","$161,00"
597,2,2025,Qtr 2,June,4,"$160,47","$161,00"
597,3,2025,Qtr 2,June,11,"$160,47","$161,00"
597,4,2025,Qtr 2,June,18,"$160,47","$161,00"
597,5,2025,Qtr 2,June,25,"$160,47","$161,00"
597,6,2025,Qtr 3,July,2,"$160,47","$160,47"
597,7,2025,Qtr 3,July,9,"$160,47","$161,00"
597,8,2025,Qtr 3,July,16,"$160,47","$161,00"
597,9,2025,Qtr 3,July,23,"$160,47","$161,00"
597,10,2025,Qtr 3,July,30,"$160,47","$161,00"
597,11,2025,Qtr 3,August,6,"$160,47","$161,00"
597,12,2025,Qtr 3,August,13,"$160,47","$161,00"
597,13,2025,Qtr 3,August,20,"$160,47","$161,00"
597,14,2025,Qtr 3,August,27,"$160,47","$161,00"
597,15,2025,Qtr 3,September,3,"$160,47","$161,00"
597,16,2025,Qtr 3,September,10,"$160,47","$161,00"
597,17,2025,Qtr 3,September,17,"$160,47","$161,00"
597,18,2025,Qtr 3,September,24,"$160,47","$161,00"
597,19,2025,Qtr 4,October,1,"$160,47","$161,00"
597,20,2025,Qtr 4,October,8,"$160,47","$161,00"
597,21,2025,Qtr 4,October,15,"$160,47","$161,00"
597,22,2025,Qtr 4,October,22,"$160,47","$161,00"
597,23,2025,Qtr 4,October,29,"$160,47","$161,00"
597,24,2025,Qtr 4,November,5,"$160,47","$161,00"
597,25,2025,Qtr 4,November,12,"$160,47","$161,00"
597,26,2025,Qtr 4,November,19,"$160,47","$161,00"
597,27,2025,Qtr 4,November,26,"$160,47","$161,00"
597,28,2025,Qtr 4,December,3,"$160,47","$161,00"
597,29,2025,Qtr 4,December,10,"$160,47","$161,00"
597,30,2025,Qtr 4,December,17,"$160,47","$161,00"
597,31,2025,Qtr 4,December,24,"$160,47","$161,00"
597,32,2025,Qtr 4,December,31,"$160,47","$161,00"
597,33,2026,Qtr 1,January,7,"$160,47","$161,00"
597,34,2026,Qtr 1,January,14,"$160,47","$161,00"
597,35,2026,Qtr 1,January,21,"$160,47","$161,00"
597,36,2026,Qtr 1,January,28,"$160,47","$161,00"
597,37,2026,Qtr 1,February,4,"$160,47","$160,47"
597,38,2026,Qtr 1,February,11,"$160,47","$160,47"
597,39,2026,Qtr 1,February,18,"$160,47","$160,47"
597,40,2026,Qtr 1,February,25,"$160,47","$160,47"
597,41,2026,Qtr 1,March,4,"$160,47","$160,47"
597,42,2026,Qtr 1,March,11,"$160,47","$160,47"
597,43,2026,Qtr 1,March,18,"$160,47","$160,47"
598,0,2025,Qtr 4,November,14,"$0,00","$0,00"
598,1,2025,Qtr 4,November,21,"$369,17","$370,00"
598,2,2025,Qtr 4,November,28,"$369,17","$370,00"
598,3,2025,Qtr 4,December,5,"$369,17","$370,00"
598,4,2025,Qtr 4,December,12,"$369,17","$370,00"
598,5,2025,Qtr 4,December,19,"$369,17","$370,00"
598,6,2025,Qtr 4,December,26,"$369,17","$370,00"
598,7,2026,Qtr 1,January,2,"$369,17","$370,00"
598,8,2026,Qtr 1,January,9,"$369,17","$369,17"
598,9,2026,Qtr 1,January,16,"$369,17","$370,00"
598,10,2026,Qtr 1,January,23,"$369,17","$370,00"
598,11,2026,Qtr 1,January,30,"$369,17","$370,00"
598,12,2026,Qtr 1,February,6,"$369,17","$369,17"
598,13,2026,Qtr 1,February,13,"$369,17","$370,00"
598,14,2026,Qtr 1,February,20,"$369,17","$370,00"
598,15,2026,Qtr 1,February,27,"$369,17","$369,17"
598,16,2026,Qtr 1,March,6,"$369,17","$369,17"
598,17,2026,Qtr 1,March,13,"$369,17","$369,17"
598,18,2026,Qtr 1,March,20,"$369,17","$369,17"
598,19,2026,Qtr 1,March,27,"$369,17","$369,17"
598,20,2026,Qtr 2,April,3,"$369,17","$369,17"
598,21,2026,Qtr 2,April,10,"$369,17","$0,00"
598,22,2026,Qtr 2,April,17,"$369,17","$0,00"
598,23,2026,Qtr 2,April,24,"$369,17","$0,00"
598,24,2026,Qtr 2,May,1,"$369,17","$0,00"
598,25,2026,Qtr 2,May,8,"$369,17","$0,00"
598,26,2026,Qtr 2,May,15,"$369,17","$0,00"
599,0,2025,Qtr 4,November,15,"$400,00","$399,90"
599,1,2025,Qtr 4,November,22,"$216,57","$216,00"
599,2,2025,Qtr 4,November,29,"$216,57","$216,00"
599,3,2025,Qtr 4,December,6,"$216,57","$216,00"
599,4,2025,Qtr 4,December,13,"$216,57","$216,00"
599,5,2025,Qtr 4,December,20,"$216,57","$216,00"
599,6,2025,Qtr 4,December,27,"$216,57","$216,00"
599,7,2026,Qtr 1,January,3,"$216,57","$216,00"
599,8,2026,Qtr 1,January,10,"$216,57","$216,00"
599,9,2026,Qtr 1,January,17,"$216,57","$216,00"
599,10,2026,Qtr 1,January,24,"$216,57","$216,57"
599,11,2026,Qtr 1,January,31,"$216,57","$216,57"
599,12,2026,Qtr 1,February,7,"$216,57","$216,57"
599,13,2026,Qtr 1,February,14,"$216,57","$216,57"
599,14,2026,Qtr 1,February,21,"$216,57","$216,57"
599,15,2026,Qtr 1,February,28,"$216,57","$216,57"
599,16,2026,Qtr 1,March,7,"$216,57","$216,57"
599,17,2026,Qtr 1,March,14,"$216,57","$216,57"
599,18,2026,Qtr 1,March,21,"$216,57","$216,57"
599,19,2026,Qtr 1,March,28,"$216,57","$216,57"
599,20,2026,Qtr 2,April,4,"$216,57","$216,57"
599,21,2026,Qtr 2,April,11,"$216,57","$216,57"
599,22,2026,Qtr 2,April,18,"$216,57","$216,57"
599,23,2026,Qtr 2,April,25,"$216,57","$216,57"
599,24,2026,Qtr 2,May,2,"$216,57","$216,57"
599,25,2026,Qtr 2,May,9,"$216,57","$216,57"
599,26,2026,Qtr 2,May,16,"$216,57","$216,57"
599,27,2026,Qtr 2,May,23,"$216,57","$216,57"
599,28,2026,Qtr 2,May,30,"$216,57","$0,00"
600,0,2025,Qtr 4,October,2,"$799,00","$799,00"
600,1,2025,Qtr 4,October,9,"$241,15","$241,00"
600,2,2025,Qtr 4,October,16,"$241,15","$241,00"
600,3,2025,Qtr 4,October,23,"$241,15","$241,00"
600,4,2025,Qtr 4,October,30,"$241,15","$241,00"
600,5,2025,Qtr 4,November,6,"$241,15","$241,00"
600,6,2025,Qtr 4,November,13,"$241,15","$241,00"
600,7,2025,Qtr 4,November,20,"$241,15","$241,00"
600,8,2025,Qtr 4,November,27,"$241,15","$241,00"
600,9,2025,Qtr 4,December,4,"$241,15","$241,00"
600,10,2025,Qtr 4,December,11,"$241,15","$241,00"
600,11,2025,Qtr 4,December,18,"$241,15","$241,00"
600,12,2025,Qtr 4,December,25,"$241,15","$241,00"
600,13,2026,Qtr 1,January,1,"$241,15","$241,00"
600,14,2026,Qtr 1,January,8,"$241,15","$241,00"
600,15,2026,Qtr 1,January,15,"$241,15","$241,00"
600,16,2026,Qtr 1,January,22,"$241,15","$241,15"
600,17,2026,Qtr 1,January,29,"$241,15","$241,15"
600,18,2026,Qtr 1,February,5,"$241,15","$241,15"
600,19,2026,Qtr 1,February,12,"$241,15","$241,15"
600,20,2026,Qtr 1,February,19,"$241,15","$241,15"
600,21,2026,Qtr 1,February,26,"$241,15","$241,15"
600,22,2026,Qtr 1,March,5,"$241,15","$241,15"
600,23,2026,Qtr 1,March,12,"$241,15","$241,15"
600,24,2026,Qtr 1,March,19,"$241,15","$241,15"
600,25,2026,Qtr 1,March,26,"$241,15","$241,15"
600,26,2026,Qtr 2,April,2,"$241,15","$728,15"
601,0,2025,Qtr 3,September,21,"$1250,00","$1250,00"
601,1,2025,Qtr 3,September,28,"$280,76","$280,00"
601,2,2025,Qtr 4,October,5,"$280,76","$280,00"
601,3,2025,Qtr 4,October,12,"$280,76","$280,00"
601,4,2025,Qtr 4,October,19,"$280,76","$280,00"
601,5,2025,Qtr 4,October,26,"$280,76","$280,00"
601,6,2025,Qtr 4,November,2,"$280,76","$280,00"
601,7,2025,Qtr 4,November,9,"$280,76","$280,00"
601,8,2025,Qtr 4,November,16,"$280,76","$280,00"
601,9,2025,Qtr 4,November,23,"$280,76","$280,00"
601,10,2025,Qtr 4,November,30,"$280,76","$280,00"
601,11,2025,Qtr 4,December,7,"$280,76","$280,00"
601,12,2025,Qtr 4,December,14,"$280,76","$280,00"
601,13,2025,Qtr 4,December,21,"$280,76","$280,00"
601,14,2025,Qtr 4,December,28,"$280,76","$280,00"
601,15,2026,Qtr 1,January,4,"$280,76","$280,00"
601,16,2026,Qtr 1,January,11,"$280,76","$280,00"
601,17,2026,Qtr 1,January,18,"$280,76","$280,00"
601,18,2026,Qtr 1,January,25,"$280,76","$280,76"
601,19,2026,Qtr 1,February,1,"$280,76","$280,76"
601,20,2026,Qtr 1,February,8,"$280,76","$280,76"
601,21,2026,Qtr 1,February,15,"$280,76","$280,76"
601,22,2026,Qtr 1,February,22,"$280,76","$280,76"
601,23,2026,Qtr 1,March,1,"$280,76","$280,76"
601,24,2026,Qtr 1,March,8,"$280,76","$280,76"
601,25,2026,Qtr 1,March,15,"$280,76","$280,76"
601,26,2026,Qtr 1,March,22,"$280,76","$280,76"
601,27,2026,Qtr 1,March,29,"$280,76","$280,76"
601,28,2026,Qtr 2,April,5,"$280,76","$280,76"
601,29,2026,Qtr 2,April,12,"$280,76","$280,76"
601,30,2026,Qtr 2,April,19,"$280,76","$280,76"
601,31,2026,Qtr 2,April,26,"$280,76","$0,00"
601,32,2026,Qtr 2,May,3,"$280,76","$0,00"
601,33,2026,Qtr 2,May,10,"$280,76","$0,00"
601,34,2026,Qtr 2,May,17,"$280,76","$0,00"
601,35,2026,Qtr 2,May,24,"$280,76","$0,00"
601,36,2026,Qtr 2,May,31,"$280,76","$0,00"
602,0,2025,Qtr 2,May,31,"$799,00","$799,00"
602,1,2025,Qtr 2,June,7,"$180,00","$180,00"
602,2,2025,Qtr 2,June,14,"$180,00","$180,00"
602,3,2025,Qtr 2,June,21,"$180,00","$180,00"
602,4,2025,Qtr 2,June,28,"$180,00","$180,00"
602,5,2025,Qtr 3,July,5,"$180,00","$180,00"
602,6,2025,Qtr 3,July,12,"$180,00","$180,00"
602,7,2025,Qtr 3,July,19,"$180,00","$180,00"
602,8,2025,Qtr 3,July,26,"$180,00","$180,00"
602,9,2025,Qtr 3,August,2,"$180,00","$180,00"
602,10,2025,Qtr 3,August,9,"$180,00","$180,00"
602,11,2025,Qtr 3,August,16,"$180,00","$180,00"
602,12,2025,Qtr 3,August,23,"$180,00","$180,00"
602,13,2025,Qtr 3,August,30,"$180,00","$180,00"
602,14,2025,Qtr 3,September,6,"$180,00","$180,00"
602,15,2025,Qtr 3,September,13,"$180,00","$180,00"
602,16,2025,Qtr 3,September,20,"$180,00","$180,00"
602,17,2025,Qtr 3,September,27,"$180,00","$180,00"
602,18,2025,Qtr 4,October,4,"$180,00","$180,00"
602,19,2025,Qtr 4,October,11,"$180,00","$180,00"
602,20,2025,Qtr 4,October,18,"$180,00","$180,00"
602,21,2025,Qtr 4,October,25,"$180,00","$180,00"
602,22,2025,Qtr 4,November,1,"$180,00","$180,00"
602,23,2025,Qtr 4,November,8,"$180,00","$180,00"
602,24,2025,Qtr 4,November,15,"$180,00","$180,00"
602,25,2025,Qtr 4,November,22,"$180,00","$180,00"
602,26,2025,Qtr 4,November,29,"$180,00","$180,00"
602,27,2025,Qtr 4,December,6,"$180,00","$180,00"
602,28,2025,Qtr 4,December,13,"$180,00","$180,00"
602,29,2025,Qtr 4,December,20,"$180,00","$180,00"
602,30,2025,Qtr 4,December,27,"$180,00","$180,00"
602,31,2026,Qtr 1,January,3,"$180,00","$180,00"
602,32,2026,Qtr 1,January,10,"$180,00","$180,00"
602,33,2026,Qtr 1,January,17,"$180,00","$180,00"
602,34,2026,Qtr 1,January,24,"$180,00","$180,00"
602,35,2026,Qtr 1,January,31,"$180,00","$180,00"
603,0,2025,Qtr 3,August,28,"$624,00","$624,50"
603,1,2025,Qtr 3,September,4,"$248,06","$248,00"
603,2,2025,Qtr 3,September,11,"$248,06","$248,00"
603,3,2025,Qtr 3,September,18,"$248,06","$248,00"
603,4,2025,Qtr 3,September,25,"$248,06","$248,00"
603,5,2025,Qtr 4,October,2,"$248,06","$248,00"
603,6,2025,Qtr 4,October,9,"$248,06","$248,06"
603,7,2025,Qtr 4,October,16,"$248,06","$248,00"
603,8,2025,Qtr 4,October,23,"$248,06","$248,00"
603,9,2025,Qtr 4,October,30,"$248,06","$248,00"
603,10,2025,Qtr 4,November,6,"$248,06","$248,00"
603,11,2025,Qtr 4,November,13,"$248,06","$248,00"
603,12,2025,Qtr 4,November,20,"$248,06","$248,00"
603,13,2025,Qtr 4,November,27,"$248,06","$248,00"
603,14,2025,Qtr 4,December,4,"$248,06","$248,00"
603,15,2025,Qtr 4,December,11,"$248,06","$248,00"
603,16,2025,Qtr 4,December,18,"$248,06","$248,00"
603,17,2025,Qtr 4,December,25,"$248,06","$248,00"
603,18,2026,Qtr 1,January,1,"$248,06","$248,00"
603,19,2026,Qtr 1,January,8,"$248,06","$248,00"
603,20,2026,Qtr 1,January,15,"$248,06","$248,06"
603,21,2026,Qtr 1,January,22,"$248,06","$248,06"
603,22,2026,Qtr 1,January,29,"$248,06","$248,06"
603,23,2026,Qtr 1,February,5,"$248,06","$248,06"
603,24,2026,Qtr 1,February,12,"$248,06","$248,06"
603,25,2026,Qtr 1,February,19,"$248,06","$248,06"
603,26,2026,Qtr 1,February,26,"$248,06","$248,06"
603,27,2026,Qtr 1,March,5,"$248,06","$248,06"
603,28,2026,Qtr 1,March,12,"$248,06","$248,06"
603,29,2026,Qtr 1,March,19,"$248,06","$248,06"
603,30,2026,Qtr 1,March,26,"$248,06","$248,06"
603,31,2026,Qtr 2,April,2,"$248,06","$248,06"
603,32,2026,Qtr 2,April,9,"$248,06","$248,06"
603,33,2026,Qtr 2,April,16,"$248,06","$248,06"
603,34,2026,Qtr 2,April,23,"$248,06","$248,06"
603,35,2026,Qtr 2,April,30,"$248,06","$248,06"
603,36,2026,Qtr 2,May,7,"$248,06","$248,06"
603,37,2026,Qtr 2,May,14,"$248,06","$248,06"
603,38,2026,Qtr 2,May,21,"$248,06","$0,00"
603,39,2026,Qtr 2,May,28,"$248,06","$0,00"
604,0,2025,Qtr 4,December,10,"$799,00","$799,00"
604,1,2025,Qtr 4,December,17,"$219,23","$219,23"
604,2,2025,Qtr 4,December,24,"$219,23","$219,23"
604,3,2025,Qtr 4,December,31,"$219,23","$219,23"
604,4,2026,Qtr 1,January,7,"$219,23","$219,23"
604,5,2026,Qtr 1,January,14,"$219,23","$219,23"
604,6,2026,Qtr 1,January,21,"$219,23","$219,23"
604,7,2026,Qtr 1,January,28,"$219,23","$219,23"
604,8,2026,Qtr 1,February,4,"$219,23","$219,23"
604,9,2026,Qtr 1,February,11,"$219,23","$219,23"
604,10,2026,Qtr 1,February,18,"$219,23","$220,00"
604,11,2026,Qtr 1,February,25,"$219,23","$219,23"
604,12,2026,Qtr 1,March,4,"$219,23","$219,23"
604,13,2026,Qtr 1,March,11,"$219,23","$219,23"
604,14,2026,Qtr 1,March,18,"$219,23","$219,23"
604,15,2026,Qtr 1,March,25,"$219,23","$219,23"
604,16,2026,Qtr 2,April,1,"$219,23","$219,23"
604,17,2026,Qtr 2,April,8,"$219,23","$219,23"
604,18,2026,Qtr 2,April,15,"$219,23","$219,23"
604,19,2026,Qtr 2,April,22,"$219,23","$219,23"
604,20,2026,Qtr 2,April,29,"$219,23","$219,23"
604,21,2026,Qtr 2,May,6,"$219,23","$219,23"
604,22,2026,Qtr 2,May,13,"$219,23","$219,23"
604,23,2026,Qtr 2,May,20,"$219,23","$219,23"
604,24,2026,Qtr 2,May,27,"$219,23","$0,00"
604,25,2026,Qtr 2,June,3,"$219,23","$0,00"
605,0,2026,Qtr 1,January,1,"$799,00","$799,00"
605,1,2026,Qtr 1,January,8,"$320,00","$320,00"
605,2,2026,Qtr 1,January,15,"$320,00","$320,00"
605,3,2026,Qtr 1,January,22,"$320,00","$320,00"
605,4,2026,Qtr 1,January,29,"$320,00","$320,00"
605,5,2026,Qtr 1,February,5,"$320,00","$320,00"
605,6,2026,Qtr 1,February,12,"$320,00","$320,00"
605,7,2026,Qtr 1,February,19,"$320,00","$320,00"
605,8,2026,Qtr 1,February,26,"$320,00","$320,00"
605,9,2026,Qtr 1,March,5,"$320,00","$320,00"
605,10,2026,Qtr 1,March,12,"$320,00","$320,00"
605,11,2026,Qtr 1,March,19,"$320,00","$320,00"
605,12,2026,Qtr 1,March,26,"$320,00","$320,00"
605,13,2026,Qtr 2,April,2,"$320,00","$320,00"
605,14,2026,Qtr 2,April,9,"$320,00","$320,00"
605,15,2026,Qtr 2,April,16,"$320,00","$320,00"
606,0,2025,Qtr 4,October,27,"$1000,00","$1000,00"
606,1,2025,Qtr 4,November,3,"$279,90","$279,00"
606,2,2025,Qtr 4,November,10,"$279,90","$279,00"
606,3,2025,Qtr 4,November,17,"$279,90","$280,00"
606,4,2025,Qtr 4,November,24,"$279,90","$279,90"
606,5,2025,Qtr 4,December,1,"$279,90","$279,90"
606,6,2025,Qtr 4,December,8,"$279,90","$279,90"
606,7,2025,Qtr 4,December,15,"$279,90","$279,90"
606,8,2025,Qtr 4,December,22,"$279,90","$279,90"
606,9,2025,Qtr 4,December,29,"$279,90","$279,90"
606,10,2026,Qtr 1,January,5,"$279,90","$279,90"
606,11,2026,Qtr 1,January,12,"$279,90","$279,90"
606,12,2026,Qtr 1,January,19,"$279,90","$279,90"
606,13,2026,Qtr 1,January,26,"$279,90","$279,90"
606,14,2026,Qtr 1,February,2,"$279,90","$280,00"
606,15,2026,Qtr 1,February,9,"$279,90","$281,60"
607,0,2025,Qtr 4,November,20,"$880,00","$879,90"
607,1,2025,Qtr 4,November,27,"$578,70","$578,00"
607,2,2025,Qtr 4,December,4,"$578,70","$578,00"
607,3,2025,Qtr 4,December,11,"$578,70","$578,00"
607,4,2025,Qtr 4,December,18,"$578,70","$578,00"
607,5,2025,Qtr 4,December,25,"$578,70","$578,00"
607,6,2026,Qtr 1,January,1,"$578,70","$578,00"
607,7,2026,Qtr 1,January,8,"$578,70","$578,00"
607,8,2026,Qtr 1,January,15,"$578,70","$578,00"
607,9,2026,Qtr 1,January,22,"$578,70","$578,70"
607,10,2026,Qtr 1,January,29,"$578,70","$578,70"
607,11,2026,Qtr 1,February,5,"$578,70","$578,70"
607,12,2026,Qtr 1,February,12,"$578,70","$578,70"
607,13,2026,Qtr 1,February,19,"$578,70","$579,00"
607,14,2026,Qtr 1,February,26,"$578,70","$578,70"
607,15,2026,Qtr 1,March,5,"$578,70","$579,00"
607,16,2026,Qtr 1,March,12,"$578,70","$579,00"
607,17,2026,Qtr 1,March,19,"$578,70","$578,70"
607,18,2026,Qtr 1,March,26,"$578,70","$578,70"
607,19,2026,Qtr 2,April,2,"$578,70","$579,00"
607,20,2026,Qtr 2,April,9,"$578,70","$579,00"
607,21,2026,Qtr 2,April,16,"$578,70","$578,70"
607,22,2026,Qtr 2,April,23,"$578,70","$578,70"
607,23,2026,Qtr 2,April,30,"$578,70","$578,70"
607,24,2026,Qtr 2,May,7,"$578,70","$0,00"
607,25,2026,Qtr 2,May,14,"$578,70","$0,00"
607,26,2026,Qtr 2,May,21,"$578,70","$0,00"
609,0,2025,Qtr 4,November,1,"$250,00","$250,00"
609,1,2025,Qtr 4,November,8,"$227,29","$228,00"
609,2,2025,Qtr 4,November,15,"$227,29","$228,00"
609,3,2025,Qtr 4,November,22,"$227,29","$228,00"
609,4,2025,Qtr 4,November,29,"$227,29","$228,00"
609,5,2025,Qtr 4,December,6,"$227,29","$228,00"
609,6,2025,Qtr 4,December,13,"$227,29","$228,00"
609,7,2025,Qtr 4,December,20,"$227,29","$228,00"
609,8,2025,Qtr 4,December,27,"$227,29","$228,00"
609,9,2026,Qtr 1,January,3,"$227,29","$228,00"
609,10,2026,Qtr 1,January,10,"$227,29","$227,29"
609,11,2026,Qtr 1,January,17,"$227,29","$228,00"
609,12,2026,Qtr 1,January,24,"$227,29","$227,29"
609,13,2026,Qtr 1,January,31,"$227,29","$227,29"
609,14,2026,Qtr 1,February,7,"$227,29","$227,29"
609,15,2026,Qtr 1,February,14,"$227,29","$0,00"
609,16,2026,Qtr 1,February,21,"$227,29","$0,00"
609,17,2026,Qtr 1,February,28,"$227,29","$0,00"
609,18,2026,Qtr 1,March,7,"$227,29","$0,00"
609,19,2026,Qtr 1,March,14,"$227,29","$0,00"
609,20,2026,Qtr 1,March,21,"$227,29","$0,00"
609,21,2026,Qtr 1,March,28,"$227,29","$0,00"
609,22,2026,Qtr 2,April,4,"$227,29","$0,00"
609,23,2026,Qtr 2,April,11,"$227,29","$0,00"
609,24,2026,Qtr 2,April,18,"$227,29","$0,00"
609,25,2026,Qtr 2,April,25,"$227,29","$0,00"
609,26,2026,Qtr 2,May,2,"$227,29","$0,00"
609,27,2026,Qtr 2,May,9,"$227,29","$0,00"
609,28,2026,Qtr 2,May,16,"$227,29","$0,00"
609,29,2026,Qtr 2,May,23,"$227,29","$0,00"
609,30,2026,Qtr 2,May,30,"$227,29","$0,00"
610,0,2025,Qtr 4,November,15,"$399,00","$399,00"
610,1,2025,Qtr 4,November,22,"$181,81","$182,00"
610,2,2025,Qtr 4,November,29,"$181,81","$182,00"
610,3,2025,Qtr 4,December,6,"$181,81","$182,00"
610,4,2025,Qtr 4,December,13,"$181,81","$182,00"
610,5,2025,Qtr 4,December,20,"$181,81","$182,00"
610,6,2025,Qtr 4,December,27,"$181,81","$182,00"
610,7,2026,Qtr 1,January,3,"$181,81","$182,00"
610,8,2026,Qtr 1,January,10,"$181,81","$182,00"
610,9,2026,Qtr 1,January,17,"$181,81","$181,81"
610,10,2026,Qtr 1,January,24,"$181,81","$181,81"
610,11,2026,Qtr 1,January,31,"$181,81","$181,81"
610,12,2026,Qtr 1,February,7,"$181,81","$181,81"
610,13,2026,Qtr 1,February,14,"$181,81","$181,81"
610,14,2026,Qtr 1,February,21,"$181,81","$181,81"
610,15,2026,Qtr 1,February,28,"$181,81","$181,81"
610,16,2026,Qtr 1,March,7,"$181,81","$181,81"
610,17,2026,Qtr 1,March,14,"$181,81","$181,81"
610,18,2026,Qtr 1,March,21,"$181,81","$181,81"
610,19,2026,Qtr 1,March,28,"$181,81","$181,81"
610,20,2026,Qtr 2,April,4,"$181,81","$181,81"
610,21,2026,Qtr 2,April,11,"$181,81","$181,81"
610,22,2026,Qtr 2,April,18,"$181,81","$181,81"
610,23,2026,Qtr 2,April,25,"$181,81","$181,81"
610,24,2026,Qtr 2,May,2,"$181,81","$181,81"
610,25,2026,Qtr 2,May,9,"$181,81","$181,81"
610,26,2026,Qtr 2,May,16,"$181,81","$181,81"
610,27,2026,Qtr 2,May,23,"$181,81","$0,00"
610,28,2026,Qtr 2,May,30,"$181,81","$0,00"
611,0,2025,Qtr 4,December,21,"$799,00","$799,00"
611,1,2025,Qtr 4,December,28,"$320,00","$320,00"
611,2,2026,Qtr 1,January,4,"$320,00","$320,00"
611,3,2026,Qtr 1,January,11,"$320,00","$320,00"
611,4,2026,Qtr 1,January,18,"$320,00","$320,00"
611,5,2026,Qtr 1,January,25,"$320,00","$320,00"
611,6,2026,Qtr 1,February,1,"$320,00","$320,00"
611,7,2026,Qtr 1,February,8,"$320,00","$320,00"
611,8,2026,Qtr 1,February,15,"$320,00","$320,00"
611,9,2026,Qtr 1,February,22,"$320,00","$320,00"
611,10,2026,Qtr 1,March,1,"$320,00","$320,00"
611,11,2026,Qtr 1,March,8,"$320,00","$320,00"
611,12,2026,Qtr 1,March,15,"$320,00","$320,00"
611,13,2026,Qtr 1,March,22,"$320,00","$320,00"
611,14,2026,Qtr 1,March,29,"$320,00","$320,00"
611,15,2026,Qtr 2,April,5,"$320,00","$320,00"
612,0,2025,Qtr 4,December,28,"$799,00","$799,00"
612,1,2026,Qtr 1,January,4,"$233,85","$233,85"
612,2,2026,Qtr 1,January,11,"$233,85","$233,85"
612,3,2026,Qtr 1,January,18,"$233,85","$233,85"
612,4,2026,Qtr 1,January,25,"$233,85","$233,85"
612,5,2026,Qtr 1,February,1,"$233,85","$233,85"
612,6,2026,Qtr 1,February,8,"$233,85","$234,00"
612,7,2026,Qtr 1,February,15,"$233,85","$234,00"
612,8,2026,Qtr 1,February,22,"$233,85","$234,00"
612,9,2026,Qtr 1,March,1,"$233,85","$234,00"
612,10,2026,Qtr 1,March,8,"$233,85","$234,00"
612,11,2026,Qtr 1,March,15,"$233,85","$234,00"
612,12,2026,Qtr 1,March,22,"$233,85","$233,85"
612,13,2026,Qtr 1,March,29,"$233,85","$234,00"
612,14,2026,Qtr 2,April,5,"$233,85","$233,85"
612,15,2026,Qtr 2,April,12,"$233,85","$234,00"
612,16,2026,Qtr 2,April,19,"$233,85","$234,00"
612,17,2026,Qtr 2,April,26,"$233,85","$233,85"
612,18,2026,Qtr 2,May,3,"$233,85","$233,85"
612,19,2026,Qtr 2,May,10,"$233,85","$233,85"
612,20,2026,Qtr 2,May,17,"$233,85","$233,85"
612,21,2026,Qtr 2,May,24,"$233,85","$233,85"
612,22,2026,Qtr 2,May,31,"$233,85","$0,00"
613,0,2025,Qtr 3,August,6,"$0,00","$0,00"
613,1,2025,Qtr 3,August,13,"$180,00","$180,00"
613,2,2025,Qtr 3,August,20,"$180,00","$180,00"
613,3,2025,Qtr 3,August,27,"$180,00","$180,00"
613,4,2025,Qtr 3,September,3,"$180,00","$180,00"
613,5,2025,Qtr 3,September,10,"$180,00","$180,00"
613,6,2025,Qtr 3,September,17,"$180,00","$180,00"
613,7,2025,Qtr 3,September,24,"$180,00","$180,00"
613,8,2025,Qtr 4,October,1,"$180,00","$180,00"
613,9,2025,Qtr 4,October,8,"$180,00","$180,00"
613,10,2025,Qtr 4,October,15,"$180,00","$180,00"
613,11,2025,Qtr 4,October,22,"$180,00","$180,00"
613,12,2025,Qtr 4,October,29,"$180,00","$180,00"
613,13,2025,Qtr 4,November,5,"$180,00","$180,00"
613,14,2025,Qtr 4,November,12,"$180,00","$180,00"
613,15,2025,Qtr 4,November,19,"$180,00","$180,00"
613,16,2025,Qtr 4,November,26,"$180,00","$180,00"
613,17,2025,Qtr 4,December,3,"$180,00","$180,00"
613,18,2025,Qtr 4,December,10,"$180,00","$180,00"
613,19,2025,Qtr 4,December,17,"$180,00","$180,00"
613,20,2025,Qtr 4,December,24,"$180,00","$0,00"
613,21,2025,Qtr 4,December,31,"$180,00","$0,00"
613,22,2026,Qtr 1,January,7,"$180,00","$0,00"
613,23,2026,Qtr 1,January,14,"$180,00","$0,00"
613,24,2026,Qtr 1,January,21,"$180,00","$0,00"
613,25,2026,Qtr 1,January,28,"$180,00","$0,00"
613,26,2026,Qtr 1,February,4,"$180,00","$0,00"
613,27,2026,Qtr 1,February,11,"$180,00","$0,00"
613,28,2026,Qtr 1,February,18,"$180,00","$0,00"
613,29,2026,Qtr 1,February,25,"$180,00","$0,00"
613,30,2026,Qtr 1,March,4,"$180,00","$0,00"
613,31,2026,Qtr 1,March,11,"$180,00","$0,00"
613,32,2026,Qtr 1,March,18,"$180,00","$0,00"
613,33,2026,Qtr 1,March,25,"$180,00","$0,00"
613,34,2026,Qtr 2,April,1,"$180,00","$0,00"
613,35,2026,Qtr 2,April,8,"$180,00","$0,00"
614,0,2025,Qtr 4,December,21,"$799,00","$799,00"
614,1,2025,Qtr 4,December,28,"$192,00","$192,00"
614,2,2026,Qtr 1,January,4,"$192,00","$192,00"
614,3,2026,Qtr 1,January,11,"$192,00","$0,00"
614,4,2026,Qtr 1,January,18,"$192,00","$0,00"
614,5,2026,Qtr 1,January,25,"$192,00","$0,00"
614,6,2026,Qtr 1,February,1,"$192,00","$0,00"
614,7,2026,Qtr 1,February,8,"$192,00","$0,00"
614,8,2026,Qtr 1,February,15,"$192,00","$0,00"
614,9,2026,Qtr 1,February,22,"$192,00","$0,00"
614,10,2026,Qtr 1,March,1,"$192,00","$0,00"
614,11,2026,Qtr 1,March,8,"$192,00","$0,00"
614,12,2026,Qtr 1,March,15,"$192,00","$0,00"
614,13,2026,Qtr 1,March,22,"$192,00","$0,00"
614,14,2026,Qtr 1,March,29,"$192,00","$0,00"
614,15,2026,Qtr 2,April,5,"$192,00","$0,00"
614,16,2026,Qtr 2,April,12,"$192,00","$0,00"
614,17,2026,Qtr 2,April,19,"$192,00","$0,00"
614,18,2026,Qtr 2,April,26,"$192,00","$0,00"
614,19,2026,Qtr 2,May,3,"$192,00","$0,00"
614,20,2026,Qtr 2,May,10,"$192,00","$0,00"
614,21,2026,Qtr 2,May,17,"$192,00","$0,00"
614,22,2026,Qtr 2,May,24,"$192,00","$0,00"
614,23,2026,Qtr 2,May,31,"$192,00","$0,00"
615,0,2025,Qtr 4,November,5,"$1250,00","$1249,50"
615,1,2025,Qtr 4,November,12,"$599,97","$600,00"
615,2,2025,Qtr 4,November,19,"$599,97","$600,00"
615,3,2025,Qtr 4,November,26,"$599,97","$600,00"
615,4,2025,Qtr 4,December,3,"$599,97","$600,00"
615,5,2025,Qtr 4,December,10,"$599,97","$600,00"
615,6,2025,Qtr 4,December,17,"$599,97","$600,00"
615,7,2025,Qtr 4,December,24,"$599,97","$600,00"
615,8,2025,Qtr 4,December,31,"$599,97","$600,00"
615,9,2026,Qtr 1,January,7,"$599,97","$600,00"
615,10,2026,Qtr 1,January,14,"$599,97","$599,97"
615,11,2026,Qtr 1,January,21,"$599,97","$599,97"
615,12,2026,Qtr 1,January,28,"$599,97","$599,97"
615,13,2026,Qtr 1,February,4,"$599,97","$600,00"
615,14,2026,Qtr 1,February,11,"$599,97","$600,00"
615,15,2026,Qtr 1,February,18,"$599,97","$600,00"
615,16,2026,Qtr 1,February,25,"$599,97","$599,97"
615,17,2026,Qtr 1,March,4,"$599,97","$599,97"
615,18,2026,Qtr 1,March,11,"$599,97","$599,97"
615,19,2026,Qtr 1,March,18,"$599,97","$599,97"
615,20,2026,Qtr 1,March,25,"$599,97","$599,97"
615,21,2026,Qtr 2,April,1,"$599,97","$599,97"
615,22,2026,Qtr 2,April,8,"$599,97","$599,97"
615,23,2026,Qtr 2,April,15,"$599,97","$599,97"
615,24,2026,Qtr 2,April,22,"$599,97","$599,97"
615,25,2026,Qtr 2,April,29,"$599,97","$0,00"
615,26,2026,Qtr 2,May,6,"$599,97","$0,00"
617,0,2025,Qtr 3,September,23,"$1250,00","$1250,00"
617,1,2025,Qtr 3,September,30,"$383,58","$384,00"
617,2,2025,Qtr 4,October,7,"$383,58","$383,58"
617,3,2025,Qtr 4,October,14,"$383,58","$384,00"
617,4,2025,Qtr 4,October,21,"$383,58","$383,56"
617,5,2025,Qtr 4,October,28,"$383,58","$383,56"
617,6,2025,Qtr 4,November,4,"$383,58","$383,58"
617,7,2025,Qtr 4,November,11,"$383,58","$383,58"
617,8,2025,Qtr 4,November,18,"$383,58","$384,00"
617,9,2025,Qtr 4,November,25,"$383,58","$384,00"
617,10,2025,Qtr 4,December,2,"$383,58","$384,00"
617,11,2025,Qtr 4,December,9,"$383,58","$384,00"
617,12,2025,Qtr 4,December,16,"$383,58","$384,00"
617,13,2025,Qtr 4,December,23,"$383,58","$383,58"
617,14,2025,Qtr 4,December,30,"$383,58","$383,58"
617,15,2026,Qtr 1,January,6,"$383,58","$383,58"
617,16,2026,Qtr 1,January,13,"$383,58","$384,00"
617,17,2026,Qtr 1,January,20,"$383,58","$384,00"
617,18,2026,Qtr 1,January,27,"$383,58","$383,58"
617,19,2026,Qtr 1,February,3,"$383,58","$384,00"
617,20,2026,Qtr 1,February,10,"$383,58","$384,00"
617,21,2026,Qtr 1,February,17,"$383,58","$383,58"
617,22,2026,Qtr 1,February,24,"$383,58","$767,16"
617,23,2026,Qtr 1,March,3,"$383,58","$383,58"
617,24,2026,Qtr 1,March,10,"$383,58","$763,00"
617,25,2026,Qtr 1,March,17,"$383,58","$0,00"
617,26,2026,Qtr 1,March,24,"$383,58","$0,00"
618,0,2025,Qtr 1,March,29,"$860,00","$860,00"
618,1,2025,Qtr 2,April,5,"$380,82","$380,82"
618,2,2025,Qtr 2,April,12,"$380,82","$380,82"
618,3,2025,Qtr 2,April,19,"$380,82","$380,82"
618,4,2025,Qtr 2,April,26,"$380,82","$380,82"
618,5,2025,Qtr 2,May,3,"$380,82","$380,82"
618,6,2025,Qtr 2,May,10,"$380,82","$380,82"
618,7,2025,Qtr 2,May,17,"$380,82","$380,82"
618,8,2025,Qtr 2,May,24,"$380,82","$380,82"
618,9,2025,Qtr 2,May,31,"$380,82","$380,82"
618,10,2025,Qtr 2,June,7,"$380,82","$380,82"
618,11,2025,Qtr 2,June,14,"$380,82","$380,82"
618,12,2025,Qtr 2,June,21,"$380,82","$380,82"
618,13,2025,Qtr 2,June,28,"$380,82","$381,00"
618,14,2025,Qtr 3,July,5,"$380,82","$380,82"
618,15,2025,Qtr 3,July,12,"$380,82","$380,82"
618,16,2025,Qtr 3,July,19,"$380,82","$380,82"
618,17,2025,Qtr 3,July,26,"$380,82","$380,82"
618,18,2025,Qtr 3,August,2,"$380,82","$380,82"
618,19,2025,Qtr 3,August,9,"$380,82","$380,82"
618,20,2025,Qtr 3,August,16,"$380,82","$380,82"
618,21,2025,Qtr 3,August,23,"$380,82","$380,82"
618,22,2025,Qtr 3,August,30,"$380,82","$380,82"
618,23,2025,Qtr 3,September,6,"$380,82","$380,82"
618,24,2025,Qtr 3,September,13,"$380,82","$380,82"
618,25,2025,Qtr 3,September,20,"$380,82","$0,00"
618,26,2025,Qtr 3,September,27,"$380,82","$0,00"
618,27,2025,Qtr 4,October,4,"$380,82","$0,00"
618,28,2025,Qtr 4,October,11,"$380,82","$0,00"
618,29,2025,Qtr 4,October,18,"$380,82","$0,00"
618,30,2025,Qtr 4,October,25,"$380,82","$0,00"
618,31,2025,Qtr 4,November,1,"$380,82","$0,00"
618,32,2025,Qtr 4,November,8,"$380,82","$0,00"
618,33,2025,Qtr 4,November,15,"$380,82","$0,00"
618,34,2025,Qtr 4,November,22,"$380,82","$0,00"
618,35,2025,Qtr 4,November,29,"$380,82","$0,00"
619,0,2025,Qtr 2,April,12,"$0,00","$0,00"
619,1,2025,Qtr 2,April,19,"$146,49","$147,00"
619,2,2025,Qtr 2,April,26,"$146,49","$147,00"
619,3,2025,Qtr 2,May,3,"$146,49","$147,00"
619,4,2025,Qtr 2,May,10,"$146,49","$147,00"
619,5,2025,Qtr 2,May,17,"$146,49","$147,00"
619,6,2025,Qtr 2,May,24,"$146,49","$147,00"
619,7,2025,Qtr 2,May,31,"$146,49","$147,00"
619,8,2025,Qtr 2,June,7,"$146,49","$147,00"
619,9,2025,Qtr 2,June,14,"$146,49","$147,00"
619,10,2025,Qtr 2,June,21,"$146,49","$147,00"
619,11,2025,Qtr 2,June,28,"$146,49","$147,00"
619,12,2025,Qtr 3,July,5,"$146,49","$147,00"
619,13,2025,Qtr 3,July,12,"$146,49","$147,00"
619,14,2025,Qtr 3,July,19,"$146,49","$147,00"
619,15,2025,Qtr 3,July,26,"$146,49","$147,00"
619,16,2025,Qtr 3,August,2,"$146,49","$147,00"
619,17,2025,Qtr 3,August,9,"$146,49","$147,00"
619,18,2025,Qtr 3,August,16,"$146,49","$147,00"
619,19,2025,Qtr 3,August,23,"$146,49","$147,00"
619,20,2025,Qtr 3,August,30,"$146,49","$147,00"
619,21,2025,Qtr 3,September,6,"$146,49","$147,00"
619,22,2025,Qtr 3,September,13,"$146,49","$147,00"
619,23,2025,Qtr 3,September,20,"$146,49","$147,00"
619,24,2025,Qtr 3,September,27,"$146,49","$147,00"
619,25,2025,Qtr 4,October,4,"$146,49","$147,00"
619,26,2025,Qtr 4,October,11,"$146,49","$147,00"
619,27,2025,Qtr 4,October,18,"$146,49","$147,00"
619,28,2025,Qtr 4,October,25,"$146,49","$147,00"
619,29,2025,Qtr 4,November,1,"$146,49","$147,00"
619,30,2025,Qtr 4,November,8,"$146,49","$147,00"
619,31,2025,Qtr 4,November,15,"$146,49","$147,00"
619,32,2025,Qtr 4,November,22,"$146,49","$147,00"
619,33,2025,Qtr 4,November,29,"$146,49","$147,00"
619,34,2025,Qtr 4,December,6,"$146,49","$147,00"
619,35,2025,Qtr 4,December,13,"$146,49","$147,00"
619,36,2025,Qtr 4,December,20,"$146,49","$147,00"
619,37,2025,Qtr 4,December,27,"$146,49","$147,00"
619,38,2026,Qtr 1,January,3,"$146,49","$147,00"
619,39,2026,Qtr 1,January,10,"$146,49","$147,00"
619,40,2026,Qtr 1,January,17,"$146,49","$147,00"
619,41,2026,Qtr 1,January,24,"$146,49","$146,49"
619,42,2026,Qtr 1,January,31,"$146,49","$147,00"
619,43,2026,Qtr 1,February,7,"$146,49","$126,02"
620,0,2025,Qtr 4,November,20,"$400,00","$399,90"
620,1,2025,Qtr 4,November,27,"$192,51","$192,00"
620,2,2025,Qtr 4,December,4,"$192,51","$192,00"
620,3,2025,Qtr 4,December,11,"$192,51","$192,00"
620,4,2025,Qtr 4,December,18,"$192,51","$192,00"
620,5,2025,Qtr 4,December,25,"$192,51","$192,00"
620,6,2026,Qtr 1,January,1,"$192,51","$192,00"
620,7,2026,Qtr 1,January,8,"$192,51","$192,00"
620,8,2026,Qtr 1,January,15,"$192,51","$192,00"
620,9,2026,Qtr 1,January,22,"$192,51","$192,00"
620,10,2026,Qtr 1,January,29,"$192,51","$192,51"
620,11,2026,Qtr 1,February,5,"$192,51","$192,51"
620,12,2026,Qtr 1,February,12,"$192,51","$192,51"
620,13,2026,Qtr 1,February,19,"$192,51","$0,00"
620,14,2026,Qtr 1,February,26,"$192,51","$0,00"
620,15,2026,Qtr 1,March,5,"$192,51","$0,00"
620,16,2026,Qtr 1,March,12,"$192,51","$0,00"
620,17,2026,Qtr 1,March,19,"$192,51","$0,00"
620,18,2026,Qtr 1,March,26,"$192,51","$0,00"
620,19,2026,Qtr 2,April,2,"$192,51","$0,00"
620,20,2026,Qtr 2,April,9,"$192,51","$0,00"
620,21,2026,Qtr 2,April,16,"$192,51","$0,00"
620,22,2026,Qtr 2,April,23,"$192,51","$0,00"
620,23,2026,Qtr 2,April,30,"$192,51","$0,00"
620,24,2026,Qtr 2,May,7,"$192,51","$0,00"
620,25,2026,Qtr 2,May,14,"$192,51","$0,00"
620,26,2026,Qtr 2,May,21,"$192,51","$0,00"
620,27,2026,Qtr 2,May,28,"$192,51","$0,00"
621,0,2025,Qtr 4,November,19,"$380,00","$379,90"
621,1,2025,Qtr 4,November,26,"$205,15","$205,00"
621,2,2025,Qtr 4,December,3,"$205,15","$205,00"
621,3,2025,Qtr 4,December,10,"$205,15","$205,00"
621,4,2025,Qtr 4,December,17,"$205,15","$205,00"
621,5,2025,Qtr 4,December,24,"$205,15","$205,00"
621,6,2025,Qtr 4,December,31,"$205,15","$205,00"
621,7,2026,Qtr 1,January,7,"$205,15","$205,00"
621,8,2026,Qtr 1,January,14,"$205,15","$205,00"
621,9,2026,Qtr 1,January,21,"$205,15","$205,15"
621,10,2026,Qtr 1,January,28,"$205,15","$205,15"
621,11,2026,Qtr 1,February,4,"$205,15","$205,15"
621,12,2026,Qtr 1,February,11,"$205,15","$205,15"
621,13,2026,Qtr 1,February,18,"$205,15","$205,15"
621,14,2026,Qtr 1,February,25,"$205,15","$205,15"
621,15,2026,Qtr 1,March,4,"$205,15","$205,15"
621,16,2026,Qtr 1,March,11,"$205,15","$205,15"
621,17,2026,Qtr 1,March,18,"$205,15","$205,15"
621,18,2026,Qtr 1,March,25,"$205,15","$205,15"
621,19,2026,Qtr 2,April,1,"$205,15","$205,15"
621,20,2026,Qtr 2,April,8,"$205,15","$205,15"
621,21,2026,Qtr 2,April,15,"$205,15","$205,15"
621,22,2026,Qtr 2,April,22,"$205,15","$205,15"
621,23,2026,Qtr 2,April,29,"$205,15","$205,15"
621,24,2026,Qtr 2,May,6,"$205,15","$0,00"
621,25,2026,Qtr 2,May,13,"$205,15","$0,00"
621,26,2026,Qtr 2,May,20,"$205,15","$0,00"
621,27,2026,Qtr 2,May,27,"$205,15","$0,00"
621,28,2026,Qtr 2,June,3,"$205,15","$0,00"
622,0,2025,Qtr 4,November,16,"$400,00","$400,00"
622,1,2025,Qtr 4,November,23,"$340,00","$340,00"
622,2,2025,Qtr 4,November,30,"$340,00","$340,00"
622,3,2025,Qtr 4,December,7,"$340,00","$340,00"
622,4,2025,Qtr 4,December,14,"$340,00","$340,00"
622,5,2025,Qtr 4,December,21,"$340,00","$340,00"
622,6,2025,Qtr 4,December,28,"$340,00","$340,00"
622,7,2026,Qtr 1,January,4,"$340,00","$340,00"
622,8,2026,Qtr 1,January,11,"$340,00","$340,00"
622,9,2026,Qtr 1,January,18,"$340,00","$340,00"
622,10,2026,Qtr 1,January,25,"$340,00","$340,00"
622,11,2026,Qtr 1,February,1,"$340,00","$340,00"
622,12,2026,Qtr 1,February,8,"$340,00","$340,00"
622,13,2026,Qtr 1,February,15,"$340,00","$340,00"
622,14,2026,Qtr 1,February,22,"$340,00","$340,00"
622,15,2026,Qtr 1,March,1,"$340,00","$340,00"
623,0,2024,Qtr 2,June,19,"$0,00","$0,00"
623,1,2024,Qtr 2,June,26,"$584,62","$575,00"
623,2,2024,Qtr 3,July,3,"$584,62","$585,00"
623,3,2024,Qtr 3,July,10,"$584,62","$585,00"
623,4,2024,Qtr 3,July,17,"$584,62","$585,00"
623,5,2024,Qtr 3,July,24,"$584,62","$585,00"
623,6,2024,Qtr 3,July,31,"$584,62","$585,00"
623,7,2024,Qtr 3,August,7,"$584,62","$585,00"
623,8,2024,Qtr 3,August,14,"$584,62","$585,00"
623,9,2024,Qtr 3,August,21,"$584,62","$585,00"
623,10,2024,Qtr 3,August,28,"$584,62","$585,00"
623,11,2024,Qtr 3,September,4,"$584,62","$585,00"
623,12,2024,Qtr 3,September,11,"$584,62","$585,00"
623,13,2024,Qtr 3,September,18,"$584,62","$585,00"
623,14,2024,Qtr 3,September,25,"$584,62","$585,00"
623,15,2024,Qtr 4,October,2,"$584,62","$585,00"
623,16,2024,Qtr 4,October,9,"$584,62","$585,00"
623,17,2024,Qtr 4,October,16,"$584,62","$585,00"
623,18,2024,Qtr 4,October,23,"$584,62","$585,00"
623,19,2024,Qtr 4,October,30,"$584,62","$585,00"
623,20,2024,Qtr 4,November,6,"$584,62","$585,00"
623,21,2024,Qtr 4,November,13,"$584,62","$585,00"
623,22,2024,Qtr 4,November,20,"$584,62","$585,00"
623,23,2024,Qtr 4,November,27,"$584,62","$585,00"
623,24,2024,Qtr 4,December,4,"$584,62","$585,00"
623,25,2024,Qtr 4,December,11,"$584,62","$585,00"
623,26,2024,Qtr 4,December,18,"$584,62","$585,00"
624,0,2025,Qtr 1,February,14,"$499,00","$499,00"
624,1,2025,Qtr 1,February,21,"$492,37","$492,37"
624,2,2025,Qtr 1,February,28,"$492,37","$492,37"
624,3,2025,Qtr 1,March,7,"$492,37","$492,37"
624,4,2025,Qtr 1,March,14,"$492,37","$492,37"
624,5,2025,Qtr 1,March,21,"$492,37","$492,37"
624,6,2025,Qtr 1,March,28,"$492,37","$492,37"
624,7,2025,Qtr 2,April,4,"$492,37","$492,37"
624,8,2025,Qtr 2,April,11,"$492,37","$492,37"
624,9,2025,Qtr 2,April,18,"$492,37","$492,37"
624,10,2025,Qtr 2,April,25,"$492,37","$492,37"
624,11,2025,Qtr 2,May,2,"$492,37","$492,37"
624,12,2025,Qtr 2,May,9,"$492,37","$492,37"
624,13,2025,Qtr 2,May,16,"$492,37","$492,37"
624,14,2025,Qtr 2,May,23,"$492,37","$492,37"
624,15,2025,Qtr 2,May,30,"$492,37","$492,37"
624,16,2025,Qtr 2,June,6,"$492,37","$492,37"
624,17,2025,Qtr 2,June,13,"$492,37","$492,37"
624,18,2025,Qtr 2,June,20,"$492,37","$492,37"
624,19,2025,Qtr 2,June,27,"$492,37","$492,37"
624,20,2025,Qtr 3,July,4,"$492,37","$492,37"
624,21,2025,Qtr 3,July,11,"$492,37","$492,37"
624,22,2025,Qtr 3,July,18,"$492,37","$492,37"
624,23,2025,Qtr 3,July,25,"$492,37","$492,37"
624,24,2025,Qtr 3,August,1,"$492,37","$492,37"
624,25,2025,Qtr 3,August,8,"$492,37","$492,37"
624,26,2025,Qtr 3,August,15,"$492,37","$492,35"
625,0,2025,Qtr 4,December,27,"$999,00","$999,00"
625,1,2026,Qtr 1,January,3,"$240,70","$240,00"
625,2,2026,Qtr 1,January,10,"$240,70","$240,00"
625,3,2026,Qtr 1,January,17,"$240,70","$240,00"
625,4,2026,Qtr 1,January,24,"$240,70","$240,70"
625,5,2026,Qtr 1,January,31,"$240,70","$240,70"
625,6,2026,Qtr 1,February,7,"$240,70","$240,70"
625,7,2026,Qtr 1,February,14,"$240,70","$240,70"
625,8,2026,Qtr 1,February,21,"$240,70","$240,70"
625,9,2026,Qtr 1,February,28,"$240,70","$240,70"
625,10,2026,Qtr 1,March,7,"$240,70","$240,70"
625,11,2026,Qtr 1,March,14,"$240,70","$240,70"
625,12,2026,Qtr 1,March,21,"$240,70","$240,70"
625,13,2026,Qtr 1,March,28,"$240,70","$240,70"
625,14,2026,Qtr 2,April,4,"$240,70","$240,70"
625,15,2026,Qtr 2,April,11,"$240,70","$240,70"
625,16,2026,Qtr 2,April,18,"$240,70","$240,70"
625,17,2026,Qtr 2,April,25,"$240,70","$240,70"
625,18,2026,Qtr 2,May,2,"$240,70","$0,00"
625,19,2026,Qtr 2,May,9,"$240,70","$0,00"
625,20,2026,Qtr 2,May,16,"$240,70","$0,00"
625,21,2026,Qtr 2,May,23,"$240,70","$0,00"
625,22,2026,Qtr 2,May,30,"$240,70","$0,00"
626,0,2025,Qtr 4,December,27,"$999,00","$999,00"
626,1,2026,Qtr 1,January,3,"$240,70","$240,00"
626,2,2026,Qtr 1,January,10,"$240,70","$240,00"
626,3,2026,Qtr 1,January,17,"$240,70","$240,00"
626,4,2026,Qtr 1,January,24,"$240,70","$240,00"
626,5,2026,Qtr 1,January,31,"$240,70","$240,70"
626,6,2026,Qtr 1,February,7,"$240,70","$240,70"
626,7,2026,Qtr 1,February,14,"$240,70","$240,70"
626,8,2026,Qtr 1,February,21,"$240,70","$240,70"
626,9,2026,Qtr 1,February,28,"$240,70","$240,70"
626,10,2026,Qtr 1,March,7,"$240,70","$240,70"
626,11,2026,Qtr 1,March,14,"$240,70","$240,70"
626,12,2026,Qtr 1,March,21,"$240,70","$240,70"
626,13,2026,Qtr 1,March,28,"$240,70","$240,70"
626,14,2026,Qtr 2,April,4,"$240,70","$240,70"
626,15,2026,Qtr 2,April,11,"$240,70","$240,70"
626,16,2026,Qtr 2,April,18,"$240,70","$240,70"
626,17,2026,Qtr 2,April,25,"$240,70","$240,70"
626,18,2026,Qtr 2,May,2,"$240,70","$0,00"
626,19,2026,Qtr 2,May,9,"$240,70","$0,00"
626,20,2026,Qtr 2,May,16,"$240,70","$0,00"
626,21,2026,Qtr 2,May,23,"$240,70","$0,00"
626,22,2026,Qtr 2,May,30,"$240,70","$0,00"
627,0,2025,Qtr 2,April,21,"$800,00","$800,00"
627,1,2025,Qtr 2,April,28,"$134,38","$134,00"
627,2,2025,Qtr 2,May,5,"$134,38","$134,00"
627,3,2025,Qtr 2,May,12,"$134,38","$134,00"
627,4,2025,Qtr 2,May,19,"$134,38","$134,00"
627,5,2025,Qtr 2,May,26,"$134,38","$134,00"
627,6,2025,Qtr 2,June,2,"$134,38","$134,00"
627,7,2025,Qtr 2,June,9,"$134,38","$134,00"
627,8,2025,Qtr 2,June,16,"$134,38","$134,00"
627,9,2025,Qtr 2,June,23,"$134,38","$134,00"
627,10,2025,Qtr 2,June,30,"$134,38","$134,00"
627,11,2025,Qtr 3,July,7,"$134,38","$134,00"
627,12,2025,Qtr 3,July,14,"$134,38","$134,00"
627,13,2025,Qtr 3,July,21,"$134,38","$134,00"
627,14,2025,Qtr 3,July,28,"$134,38","$134,00"
627,15,2025,Qtr 3,August,4,"$134,38","$134,00"
627,16,2025,Qtr 3,August,11,"$134,38","$134,00"
627,17,2025,Qtr 3,August,18,"$134,38","$134,00"
627,18,2025,Qtr 3,August,25,"$134,38","$134,00"
627,19,2025,Qtr 3,September,1,"$134,38","$134,00"
627,20,2025,Qtr 3,September,8,"$134,38","$134,00"
627,21,2025,Qtr 3,September,15,"$134,38","$134,00"
627,22,2025,Qtr 3,September,22,"$134,38","$134,00"
627,23,2025,Qtr 3,September,29,"$134,38","$134,00"
627,24,2025,Qtr 4,October,6,"$134,38","$134,38"
627,25,2025,Qtr 4,October,13,"$134,38","$134,00"
627,26,2025,Qtr 4,October,20,"$134,38","$134,00"
627,27,2025,Qtr 4,October,27,"$134,38","$134,00"
627,28,2025,Qtr 4,November,3,"$134,38","$135,00"
627,29,2025,Qtr 4,November,10,"$134,38","$134,00"
627,30,2025,Qtr 4,November,17,"$134,38","$134,00"
627,31,2025,Qtr 4,November,24,"$134,38","$134,00"
627,32,2025,Qtr 4,December,1,"$134,38","$134,00"
627,33,2025,Qtr 4,December,8,"$134,38","$135,00"
627,34,2025,Qtr 4,December,15,"$134,38","$135,00"
627,35,2025,Qtr 4,December,22,"$134,38","$134,00"
627,36,2025,Qtr 4,December,29,"$134,38","$135,00"
627,37,2026,Qtr 1,January,5,"$134,38","$135,00"
627,38,2026,Qtr 1,January,12,"$134,38","$134,38"
627,39,2026,Qtr 1,January,19,"$134,38","$134,38"
627,40,2026,Qtr 1,January,26,"$134,38","$134,38"
627,41,2026,Qtr 1,February,2,"$134,38","$134,38"
627,42,2026,Qtr 1,February,9,"$134,38","$134,38"
627,43,2026,Qtr 1,February,16,"$134,38","$277,40"
628,0,2025,Qtr 4,November,14,"$380,00","$380,00"
628,1,2025,Qtr 4,November,21,"$183,00","$183,00"
628,2,2025,Qtr 4,November,28,"$183,00","$183,00"
628,3,2025,Qtr 4,December,5,"$183,00","$183,00"
628,4,2025,Qtr 4,December,12,"$183,00","$183,00"
628,5,2025,Qtr 4,December,19,"$183,00","$183,00"
628,6,2025,Qtr 4,December,26,"$183,00","$183,00"
628,7,2026,Qtr 1,January,2,"$183,00","$183,00"
628,8,2026,Qtr 1,January,9,"$183,00","$183,00"
628,9,2026,Qtr 1,January,16,"$183,00","$183,00"
628,10,2026,Qtr 1,January,23,"$183,00","$183,00"
628,11,2026,Qtr 1,January,30,"$183,00","$183,00"
628,12,2026,Qtr 1,February,6,"$183,00","$184,00"
628,13,2026,Qtr 1,February,13,"$183,00","$184,00"
628,14,2026,Qtr 1,February,20,"$183,00","$183,00"
628,15,2026,Qtr 1,February,27,"$183,00","$183,00"
628,16,2026,Qtr 1,March,6,"$183,00","$183,00"
628,17,2026,Qtr 1,March,13,"$183,00","$183,00"
628,18,2026,Qtr 1,March,20,"$183,00","$0,00"
628,19,2026,Qtr 1,March,27,"$183,00","$0,00"
628,20,2026,Qtr 2,April,3,"$183,00","$0,00"
628,21,2026,Qtr 2,April,10,"$183,00","$0,00"
628,22,2026,Qtr 2,April,17,"$183,00","$0,00"
628,23,2026,Qtr 2,April,24,"$183,00","$0,00"
628,24,2026,Qtr 2,May,1,"$183,00","$0,00"
628,25,2026,Qtr 2,May,8,"$183,00","$0,00"
628,26,2026,Qtr 2,May,15,"$183,00","$0,00"
628,27,2026,Qtr 2,May,22,"$183,00","$0,00"
628,28,2026,Qtr 2,May,29,"$183,00","$0,00"
629,0,2025,Qtr 3,August,10,"$799,00","$799,00"
629,1,2025,Qtr 3,August,17,"$160,47","$160,47"
629,2,2025,Qtr 3,August,24,"$160,47","$160,47"
629,3,2025,Qtr 3,August,31,"$160,47","$160,47"
629,4,2025,Qtr 3,September,7,"$160,47","$160,47"
629,5,2025,Qtr 3,September,14,"$160,47","$160,47"
629,6,2025,Qtr 3,September,21,"$160,47","$160,47"
629,7,2025,Qtr 3,September,28,"$160,47","$160,47"
629,8,2025,Qtr 4,October,5,"$160,47","$160,47"
629,9,2025,Qtr 4,October,12,"$160,47","$161,00"
629,10,2025,Qtr 4,October,19,"$160,47","$160,40"
629,11,2025,Qtr 4,October,26,"$160,47","$161,00"
629,12,2025,Qtr 4,November,2,"$160,47","$161,00"
629,13,2025,Qtr 4,November,9,"$160,47","$161,00"
629,14,2025,Qtr 4,November,16,"$160,47","$161,00"
629,15,2025,Qtr 4,November,23,"$160,47","$161,00"
629,16,2025,Qtr 4,November,30,"$160,47","$161,00"
629,17,2025,Qtr 4,December,7,"$160,47","$161,00"
629,18,2025,Qtr 4,December,14,"$160,47","$161,00"
629,19,2025,Qtr 4,December,21,"$160,47","$160,47"
629,20,2025,Qtr 4,December,28,"$160,47","$160,47"
629,21,2026,Qtr 1,January,4,"$160,47","$160,47"
629,22,2026,Qtr 1,January,11,"$160,47","$161,00"
629,23,2026,Qtr 1,January,18,"$160,47","$161,00"
629,24,2026,Qtr 1,January,25,"$160,47","$160,47"
629,25,2026,Qtr 1,February,1,"$160,47","$160,47"
629,26,2026,Qtr 1,February,8,"$160,47","$160,47"
629,27,2026,Qtr 1,February,15,"$160,47","$160,47"
629,28,2026,Qtr 1,February,22,"$160,47","$160,47"
629,29,2026,Qtr 1,March,1,"$160,47","$160,47"
629,30,2026,Qtr 1,March,8,"$160,47","$0,00"
629,31,2026,Qtr 1,March,15,"$160,47","$0,00"
629,32,2026,Qtr 1,March,22,"$160,47","$0,00"
629,33,2026,Qtr 1,March,29,"$160,47","$0,00"
629,34,2026,Qtr 2,April,5,"$160,47","$0,00"
629,35,2026,Qtr 2,April,12,"$160,47","$0,00"
629,36,2026,Qtr 2,April,19,"$160,47","$0,00"
629,37,2026,Qtr 2,April,26,"$160,47","$0,00"
629,38,2026,Qtr 2,May,3,"$160,47","$0,00"
629,39,2026,Qtr 2,May,10,"$160,47","$0,00"
629,40,2026,Qtr 2,May,17,"$160,47","$0,00"
629,41,2026,Qtr 2,May,24,"$160,47","$0,00"
629,42,2026,Qtr 2,May,31,"$160,47","$0,00"
630,0,2025,Qtr 1,March,27,"$1499,00","$1499,00"
630,1,2025,Qtr 2,April,3,"$385,12","$386,00"
630,2,2025,Qtr 2,April,10,"$385,12","$386,00"
630,3,2025,Qtr 2,April,17,"$385,12","$386,00"
630,4,2025,Qtr 2,April,24,"$385,12","$386,00"
630,5,2025,Qtr 2,May,1,"$385,12","$386,00"
630,6,2025,Qtr 2,May,8,"$385,12","$386,00"
630,7,2025,Qtr 2,May,15,"$385,12","$386,00"
630,8,2025,Qtr 2,May,22,"$385,12","$386,00"
630,9,2025,Qtr 2,May,29,"$385,12","$386,00"
630,10,2025,Qtr 2,June,5,"$385,12","$386,00"
630,11,2025,Qtr 2,June,12,"$385,12","$386,00"
630,12,2025,Qtr 2,June,19,"$385,12","$386,00"
630,13,2025,Qtr 2,June,26,"$385,12","$386,00"
630,14,2025,Qtr 3,July,3,"$385,12","$386,00"
630,15,2025,Qtr 3,July,10,"$385,12","$385,12"
630,16,2025,Qtr 3,July,17,"$385,12","$386,00"
630,17,2025,Qtr 3,July,24,"$385,12","$386,00"
630,18,2025,Qtr 3,July,31,"$385,12","$386,00"
630,19,2025,Qtr 3,August,7,"$385,12","$386,00"
630,20,2025,Qtr 3,August,14,"$385,12","$386,00"
630,21,2025,Qtr 3,August,21,"$385,12","$386,00"
630,22,2025,Qtr 3,August,28,"$385,12","$386,00"
630,23,2025,Qtr 3,September,4,"$385,12","$386,00"
630,24,2025,Qtr 3,September,11,"$385,12","$386,00"
630,25,2025,Qtr 3,September,18,"$385,12","$386,00"
630,26,2025,Qtr 3,September,25,"$385,12","$386,00"
630,27,2025,Qtr 4,October,2,"$385,12","$386,00"
630,28,2025,Qtr 4,October,9,"$385,12","$386,00"
630,29,2025,Qtr 4,October,16,"$385,12","$386,00"
630,30,2025,Qtr 4,October,23,"$385,12","$386,00"
630,31,2025,Qtr 4,October,30,"$385,12","$386,00"
630,32,2025,Qtr 4,November,6,"$385,12","$386,00"
630,33,2025,Qtr 4,November,13,"$385,12","$386,00"
630,34,2025,Qtr 4,November,20,"$385,12","$386,00"
630,35,2025,Qtr 4,November,27,"$385,12","$386,00"
630,36,2025,Qtr 4,December,4,"$385,12","$385,12"
630,37,2025,Qtr 4,December,11,"$385,12","$386,00"
630,38,2025,Qtr 4,December,18,"$385,12","$386,00"
630,39,2025,Qtr 4,December,25,"$385,12","$386,00"
630,40,2026,Qtr 1,January,1,"$385,12","$386,00"
630,41,2026,Qtr 1,January,8,"$385,12","$386,00"
630,42,2026,Qtr 1,January,15,"$385,12","$386,00"
630,43,2026,Qtr 1,January,22,"$385,12","$355,04"
632,0,2025,Qtr 2,June,7,"$799,00","$799,00"
632,1,2025,Qtr 2,June,14,"$219,23","$220,00"
632,2,2025,Qtr 2,June,21,"$219,23","$220,00"
632,3,2025,Qtr 2,June,28,"$219,23","$220,00"
632,4,2025,Qtr 3,July,5,"$219,23","$220,00"
632,5,2025,Qtr 3,July,12,"$219,23","$220,00"
632,6,2025,Qtr 3,July,19,"$219,23","$220,00"
632,7,2025,Qtr 3,July,26,"$219,23","$220,00"
632,8,2025,Qtr 3,August,2,"$219,23","$220,00"
632,9,2025,Qtr 3,August,9,"$219,23","$220,00"
632,10,2025,Qtr 3,August,16,"$219,23","$220,00"
632,11,2025,Qtr 3,August,23,"$219,23","$220,00"
632,12,2025,Qtr 3,August,30,"$219,23","$220,00"
632,13,2025,Qtr 3,September,6,"$219,23","$220,00"
632,14,2025,Qtr 3,September,13,"$219,23","$220,00"
632,15,2025,Qtr 3,September,20,"$219,23","$220,00"
632,16,2025,Qtr 3,September,27,"$219,23","$220,00"
632,17,2025,Qtr 4,October,4,"$219,23","$220,00"
632,18,2025,Qtr 4,October,11,"$219,23","$220,00"
632,19,2025,Qtr 4,October,18,"$219,23","$220,00"
632,20,2025,Qtr 4,October,25,"$219,23","$220,00"
632,21,2025,Qtr 4,November,1,"$219,23","$220,00"
632,22,2025,Qtr 4,November,8,"$219,23","$220,00"
632,23,2025,Qtr 4,November,15,"$219,23","$220,00"
632,24,2025,Qtr 4,November,22,"$219,23","$220,00"
632,25,2025,Qtr 4,November,29,"$219,23","$220,00"
632,26,2025,Qtr 4,December,6,"$219,23","$220,00"
633,0,2025,Qtr 4,December,28,"$799,00","$799,00"
633,1,2026,Qtr 1,January,4,"$320,00","$320,00"
633,2,2026,Qtr 1,January,11,"$320,00","$320,00"
633,3,2026,Qtr 1,January,18,"$320,00","$320,00"
633,4,2026,Qtr 1,January,25,"$320,00","$320,00"
633,5,2026,Qtr 1,February,1,"$320,00","$320,00"
633,6,2026,Qtr 1,February,8,"$320,00","$320,00"
633,7,2026,Qtr 1,February,15,"$320,00","$320,00"
633,8,2026,Qtr 1,February,22,"$320,00","$320,00"
633,9,2026,Qtr 1,March,1,"$320,00","$320,00"
633,10,2026,Qtr 1,March,8,"$320,00","$320,00"
633,11,2026,Qtr 1,March,15,"$320,00","$320,00"
633,12,2026,Qtr 1,March,22,"$320,00","$320,00"
633,13,2026,Qtr 1,March,29,"$320,00","$0,00"
633,14,2026,Qtr 2,April,5,"$320,00","$0,00"
633,15,2026,Qtr 2,April,12,"$320,00","$0,00"
634,0,2025,Qtr 3,August,15,"$799,00","$799,00"
634,1,2025,Qtr 3,August,22,"$300,00","$300,00"
634,2,2025,Qtr 3,August,29,"$300,00","$300,00"
634,3,2025,Qtr 3,September,5,"$300,00","$300,00"
634,4,2025,Qtr 3,September,12,"$300,00","$300,00"
634,5,2025,Qtr 3,September,19,"$300,00","$300,00"
634,6,2025,Qtr 3,September,26,"$300,00","$300,00"
634,7,2025,Qtr 4,October,3,"$300,00","$300,00"
634,8,2025,Qtr 4,October,10,"$300,00","$300,00"
634,9,2025,Qtr 4,October,17,"$300,00","$300,00"
634,10,2025,Qtr 4,October,24,"$300,00","$300,00"
634,11,2025,Qtr 4,October,31,"$300,00","$300,00"
634,12,2025,Qtr 4,November,7,"$300,00","$300,00"
634,13,2025,Qtr 4,November,14,"$300,00","$300,00"
634,14,2025,Qtr 4,November,21,"$300,00","$300,00"
634,15,2025,Qtr 4,November,28,"$300,00","$0,00"
635,0,2025,Qtr 3,August,15,"$799,00","$799,00"
635,1,2025,Qtr 3,August,22,"$160,47","$160,47"
635,2,2025,Qtr 3,August,29,"$160,47","$160,47"
635,3,2025,Qtr 3,September,5,"$160,47","$160,47"
635,4,2025,Qtr 3,September,12,"$160,47","$160,47"
635,5,2025,Qtr 3,September,19,"$160,47","$160,00"
635,6,2025,Qtr 3,September,26,"$160,47","$160,00"
635,7,2025,Qtr 4,October,3,"$160,47","$160,00"
635,8,2025,Qtr 4,October,10,"$160,47","$160,47"
635,9,2025,Qtr 4,October,17,"$160,47","$160,00"
635,10,2025,Qtr 4,October,24,"$160,47","$160,47"
635,11,2025,Qtr 4,October,31,"$160,47","$160,00"
635,12,2025,Qtr 4,November,7,"$160,47","$160,00"
635,13,2025,Qtr 4,November,14,"$160,47","$160,00"
635,14,2025,Qtr 4,November,21,"$160,47","$160,00"
635,15,2025,Qtr 4,November,28,"$160,47","$160,00"
635,16,2025,Qtr 4,December,5,"$160,47","$160,00"
635,17,2025,Qtr 4,December,12,"$160,47","$160,00"
635,18,2025,Qtr 4,December,19,"$160,47","$160,00"
635,19,2025,Qtr 4,December,26,"$160,47","$160,00"
635,20,2026,Qtr 1,January,2,"$160,47","$160,00"
635,21,2026,Qtr 1,January,9,"$160,47","$160,47"
635,22,2026,Qtr 1,January,16,"$160,47","$160,47"
635,23,2026,Qtr 1,January,23,"$160,47","$160,47"
635,24,2026,Qtr 1,January,30,"$160,47","$160,47"
635,25,2026,Qtr 1,February,6,"$160,47","$160,47"
635,26,2026,Qtr 1,February,13,"$160,47","$160,47"
635,27,2026,Qtr 1,February,20,"$160,47","$160,47"
635,28,2026,Qtr 1,February,27,"$160,47","$160,47"
635,29,2026,Qtr 1,March,6,"$160,47","$160,47"
635,30,2026,Qtr 1,March,13,"$160,47","$160,47"
635,31,2026,Qtr 1,March,20,"$160,47","$160,47"
635,32,2026,Qtr 1,March,27,"$160,47","$160,47"
635,33,2026,Qtr 2,April,3,"$160,47","$160,47"
635,34,2026,Qtr 2,April,10,"$160,47","$0,00"
635,35,2026,Qtr 2,April,17,"$160,47","$0,00"
635,36,2026,Qtr 2,April,24,"$160,47","$0,00"
635,37,2026,Qtr 2,May,1,"$160,47","$0,00"
635,38,2026,Qtr 2,May,8,"$160,47","$0,00"
635,39,2026,Qtr 2,May,15,"$160,47","$0,00"
635,40,2026,Qtr 2,May,22,"$160,47","$0,00"
635,41,2026,Qtr 2,May,29,"$160,47","$0,00"
636,0,2025,Qtr 4,October,20,"$0,00","$297,44"
636,1,2025,Qtr 4,October,27,"$297,44","$0,00"
636,2,2025,Qtr 4,November,3,"$297,44","$297,00"
636,3,2025,Qtr 4,November,10,"$297,44","$297,00"
636,4,2025,Qtr 4,November,17,"$297,44","$297,00"
636,5,2025,Qtr 4,November,24,"$297,44","$297,00"
636,6,2025,Qtr 4,December,1,"$297,44","$297,00"
636,7,2025,Qtr 4,December,8,"$297,44","$297,00"
636,8,2025,Qtr 4,December,15,"$297,44","$297,00"
636,9,2025,Qtr 4,December,22,"$297,44","$297,44"
636,10,2025,Qtr 4,December,29,"$297,44","$297,44"
636,11,2026,Qtr 1,January,5,"$297,44","$297,44"
636,12,2026,Qtr 1,January,12,"$297,44","$297,44"
636,13,2026,Qtr 1,January,19,"$297,44","$297,44"
636,14,2026,Qtr 1,January,26,"$297,44","$297,44"
636,15,2026,Qtr 1,February,2,"$297,44","$297,44"
636,16,2026,Qtr 1,February,9,"$297,44","$297,44"
636,17,2026,Qtr 1,February,16,"$297,44","$297,44"
636,18,2026,Qtr 1,February,23,"$297,44","$297,44"
636,19,2026,Qtr 1,March,2,"$297,44","$297,44"
636,20,2026,Qtr 1,March,9,"$297,44","$297,44"
636,21,2026,Qtr 1,March,16,"$297,44","$0,00"
636,22,2026,Qtr 1,March,23,"$297,44","$0,00"
636,23,2026,Qtr 1,March,30,"$297,44","$0,00"
636,24,2026,Qtr 2,April,6,"$297,44","$0,00"
636,25,2026,Qtr 2,April,13,"$297,44","$0,00"
636,26,2026,Qtr 2,April,20,"$297,44","$0,00"
636,27,2026,Qtr 2,April,27,"$297,44","$0,00"
636,28,2026,Qtr 2,May,4,"$297,44","$0,00"
636,29,2026,Qtr 2,May,11,"$297,44","$0,00"
636,30,2026,Qtr 2,May,18,"$297,44","$0,00"
636,31,2026,Qtr 2,May,25,"$297,44","$0,00"
636,32,2026,Qtr 2,June,1,"$297,44","$0,00"
637,0,2025,Qtr 4,December,2,"$799,00","$799,00"
637,1,2025,Qtr 4,December,9,"$320,00","$320,00"
637,2,2025,Qtr 4,December,16,"$320,00","$320,00"
637,3,2025,Qtr 4,December,23,"$320,00","$320,00"
637,4,2025,Qtr 4,December,30,"$320,00","$320,00"
637,5,2026,Qtr 1,January,6,"$320,00","$320,00"
637,6,2026,Qtr 1,January,13,"$320,00","$320,00"
637,7,2026,Qtr 1,January,20,"$320,00","$320,00"
637,8,2026,Qtr 1,January,27,"$320,00","$320,00"
637,9,2026,Qtr 1,February,3,"$320,00","$320,00"
637,10,2026,Qtr 1,February,10,"$320,00","$320,00"
637,11,2026,Qtr 1,February,17,"$320,00","$320,00"
637,12,2026,Qtr 1,February,24,"$320,00","$320,00"
637,13,2026,Qtr 1,March,3,"$320,00","$320,00"
637,14,2026,Qtr 1,March,10,"$320,00","$320,00"
637,15,2026,Qtr 1,March,17,"$320,00","$320,00"
638,0,2025,Qtr 4,October,5,"$999,00","$999,00"
638,1,2025,Qtr 4,October,12,"$264,00","$264,00"
638,2,2025,Qtr 4,October,19,"$264,00","$264,00"
638,3,2025,Qtr 4,October,26,"$264,00","$264,00"
638,4,2025,Qtr 4,November,2,"$264,00","$264,00"
638,5,2025,Qtr 4,November,9,"$264,00","$264,00"
638,6,2025,Qtr 4,November,16,"$264,00","$264,00"
638,7,2025,Qtr 4,November,23,"$264,00","$264,00"
638,8,2025,Qtr 4,November,30,"$264,00","$264,00"
638,9,2025,Qtr 4,December,7,"$264,00","$264,00"
638,10,2025,Qtr 4,December,14,"$264,00","$264,00"
638,11,2025,Qtr 4,December,21,"$264,00","$264,00"
638,12,2025,Qtr 4,December,28,"$264,00","$264,00"
638,13,2026,Qtr 1,January,4,"$264,00","$264,00"
638,14,2026,Qtr 1,January,11,"$264,00","$264,00"
638,15,2026,Qtr 1,January,18,"$264,00","$264,00"
638,16,2026,Qtr 1,January,25,"$264,00","$264,00"
638,17,2026,Qtr 1,February,1,"$264,00","$264,00"
638,18,2026,Qtr 1,February,8,"$264,00","$264,00"
638,19,2026,Qtr 1,February,15,"$264,00","$264,00"
638,20,2026,Qtr 1,February,22,"$264,00","$264,00"
638,21,2026,Qtr 1,March,1,"$264,00","$264,00"
638,22,2026,Qtr 1,March,8,"$264,00","$264,00"
638,23,2026,Qtr 1,March,15,"$264,00","$0,00"
638,24,2026,Qtr 1,March,22,"$264,00","$0,00"
638,25,2026,Qtr 1,March,29,"$264,00","$0,00"
638,26,2026,Qtr 2,April,5,"$264,00","$0,00"
638,27,2026,Qtr 2,April,12,"$264,00","$0,00"
638,28,2026,Qtr 2,April,19,"$264,00","$0,00"
638,29,2026,Qtr 2,April,26,"$264,00","$0,00"
638,30,2026,Qtr 2,May,3,"$264,00","$0,00"
638,31,2026,Qtr 2,May,10,"$264,00","$0,00"
638,32,2026,Qtr 2,May,17,"$264,00","$0,00"
638,33,2026,Qtr 2,May,24,"$264,00","$0,00"
638,34,2026,Qtr 2,May,31,"$264,00","$0,00"
639,0,2025,Qtr 3,September,14,"$799,00","$799,00"
639,1,2025,Qtr 3,September,21,"$160,47","$160,47"
639,2,2025,Qtr 3,September,28,"$160,47","$160,47"
639,3,2025,Qtr 4,October,5,"$160,47","$160,47"
639,4,2025,Qtr 4,October,12,"$160,47","$160,47"
639,5,2025,Qtr 4,October,19,"$160,47","$160,47"
639,6,2025,Qtr 4,October,26,"$160,47","$160,47"
639,7,2025,Qtr 4,November,2,"$160,47","$160,47"
639,8,2025,Qtr 4,November,9,"$160,47","$160,47"
639,9,2025,Qtr 4,November,16,"$160,47","$160,47"
639,10,2025,Qtr 4,November,23,"$160,47","$160,47"
639,11,2025,Qtr 4,November,30,"$160,47","$160,47"
639,12,2025,Qtr 4,December,7,"$160,47","$160,47"
639,13,2025,Qtr 4,December,14,"$160,47","$160,47"
639,14,2025,Qtr 4,December,21,"$160,47","$160,47"
639,15,2025,Qtr 4,December,28,"$160,47","$160,47"
639,16,2026,Qtr 1,January,4,"$160,47","$160,47"
639,17,2026,Qtr 1,January,11,"$160,47","$160,47"
639,18,2026,Qtr 1,January,18,"$160,47","$160,47"
639,19,2026,Qtr 1,January,25,"$160,47","$160,47"
639,20,2026,Qtr 1,February,1,"$160,47","$160,47"
639,21,2026,Qtr 1,February,8,"$160,47","$160,47"
639,22,2026,Qtr 1,February,15,"$160,47","$160,47"
639,23,2026,Qtr 1,February,22,"$160,47","$160,47"
639,24,2026,Qtr 1,March,1,"$160,47","$160,47"
639,25,2026,Qtr 1,March,8,"$160,47","$160,47"
639,26,2026,Qtr 1,March,15,"$160,47","$160,47"
639,27,2026,Qtr 1,March,22,"$160,47","$160,47"
639,28,2026,Qtr 1,March,29,"$160,47","$0,00"
639,29,2026,Qtr 2,April,5,"$160,47","$0,00"
639,30,2026,Qtr 2,April,12,"$160,47","$0,00"
639,31,2026,Qtr 2,April,19,"$160,47","$0,00"
639,32,2026,Qtr 2,April,26,"$160,47","$0,00"
639,33,2026,Qtr 2,May,3,"$160,47","$0,00"
639,34,2026,Qtr 2,May,10,"$160,47","$0,00"
639,35,2026,Qtr 2,May,17,"$160,47","$0,00"
639,36,2026,Qtr 2,May,24,"$160,47","$0,00"
639,37,2026,Qtr 2,May,31,"$160,47","$0,00"
641,0,2025,Qtr 3,September,14,"$1249,00","$1249,00"
641,1,2025,Qtr 3,September,21,"$495,00","$495,00"
641,2,2025,Qtr 3,September,28,"$495,00","$495,00"
641,3,2025,Qtr 4,October,5,"$495,00","$495,00"
641,4,2025,Qtr 4,October,12,"$495,00","$495,00"
641,5,2025,Qtr 4,October,19,"$495,00","$495,00"
641,6,2025,Qtr 4,October,26,"$495,00","$495,00"
641,7,2025,Qtr 4,November,2,"$495,00","$495,00"
641,8,2025,Qtr 4,November,9,"$495,00","$495,00"
641,9,2025,Qtr 4,November,16,"$495,00","$500,00"
641,10,2025,Qtr 4,November,23,"$495,00","$0,00"
641,11,2025,Qtr 4,November,30,"$495,00","$0,00"
641,12,2025,Qtr 4,December,7,"$495,00","$0,00"
641,13,2025,Qtr 4,December,14,"$495,00","$0,00"
641,14,2025,Qtr 4,December,21,"$495,00","$0,00"
641,15,2025,Qtr 4,December,28,"$495,00","$0,00"
642,0,2025,Qtr 3,September,18,"$300,00","$300,00"
642,1,2025,Qtr 3,September,25,"$249,03","$249,03"
642,2,2025,Qtr 4,October,2,"$249,03","$249,00"
642,3,2025,Qtr 4,October,9,"$249,03","$249,03"
642,4,2025,Qtr 4,October,16,"$249,03","$249,03"
642,5,2025,Qtr 4,October,23,"$249,03","$249,03"
642,6,2025,Qtr 4,October,30,"$249,03","$249,03"
642,7,2025,Qtr 4,November,6,"$249,03","$249,00"
642,8,2025,Qtr 4,November,13,"$249,03","$249,00"
642,9,2025,Qtr 4,November,20,"$249,03","$249,00"
642,10,2025,Qtr 4,November,27,"$249,03","$249,00"
642,11,2025,Qtr 4,December,4,"$249,03","$249,00"
642,12,2025,Qtr 4,December,11,"$249,03","$249,00"
642,13,2025,Qtr 4,December,18,"$249,03","$249,00"
642,14,2025,Qtr 4,December,25,"$249,03","$249,00"
642,15,2026,Qtr 1,January,1,"$249,03","$249,00"
642,16,2026,Qtr 1,January,8,"$249,03","$249,00"
642,17,2026,Qtr 1,January,15,"$249,03","$249,03"
642,18,2026,Qtr 1,January,22,"$249,03","$249,03"
642,19,2026,Qtr 1,January,29,"$249,03","$249,03"
642,20,2026,Qtr 1,February,5,"$249,03","$249,03"
642,21,2026,Qtr 1,February,12,"$249,03","$249,03"
642,22,2026,Qtr 1,February,19,"$249,03","$249,03"
642,23,2026,Qtr 1,February,26,"$249,03","$249,03"
642,24,2026,Qtr 1,March,5,"$249,03","$249,03"
642,25,2026,Qtr 1,March,12,"$249,03","$249,03"
642,26,2026,Qtr 1,March,19,"$249,03","$249,03"
642,27,2026,Qtr 1,March,26,"$249,03","$249,03"
642,28,2026,Qtr 2,April,2,"$249,03","$249,03"
642,29,2026,Qtr 2,April,9,"$249,03","$249,03"
642,30,2026,Qtr 2,April,16,"$249,03","$0,00"
642,31,2026,Qtr 2,April,23,"$249,03","$0,00"
642,32,2026,Qtr 2,April,30,"$249,03","$0,00"
642,33,2026,Qtr 2,May,7,"$249,03","$0,00"
642,34,2026,Qtr 2,May,14,"$249,03","$0,00"
642,35,2026,Qtr 2,May,21,"$249,03","$0,00"
642,36,2026,Qtr 2,May,28,"$249,03","$0,00"
643,0,2025,Qtr 2,June,14,"$799,00","$799,00"
643,1,2025,Qtr 2,June,21,"$160,47","$160,00"
643,2,2025,Qtr 2,June,28,"$160,47","$160,00"
643,3,2025,Qtr 3,July,5,"$160,47","$160,00"
643,4,2025,Qtr 3,July,12,"$160,47","$160,00"
643,5,2025,Qtr 3,July,19,"$160,47","$160,00"
643,6,2025,Qtr 3,July,26,"$160,47","$160,00"
643,7,2025,Qtr 3,August,2,"$160,47","$160,00"
643,8,2025,Qtr 3,August,9,"$160,47","$160,00"
643,9,2025,Qtr 3,August,16,"$160,47","$160,00"
643,10,2025,Qtr 3,August,23,"$160,47","$160,00"
643,11,2025,Qtr 3,August,30,"$160,47","$160,00"
643,12,2025,Qtr 3,September,6,"$160,47","$160,00"
643,13,2025,Qtr 3,September,13,"$160,47","$160,00"
643,14,2025,Qtr 3,September,20,"$160,47","$160,00"
643,15,2025,Qtr 3,September,27,"$160,47","$160,00"
643,16,2025,Qtr 4,October,4,"$160,47","$160,00"
643,17,2025,Qtr 4,October,11,"$160,47","$160,00"
643,18,2025,Qtr 4,October,18,"$160,47","$160,00"
643,19,2025,Qtr 4,October,25,"$160,47","$160,00"
643,20,2025,Qtr 4,November,1,"$160,47","$160,00"
643,21,2025,Qtr 4,November,8,"$160,47","$160,00"
643,22,2025,Qtr 4,November,15,"$160,47","$160,47"
643,23,2025,Qtr 4,November,22,"$160,47","$160,47"
643,24,2025,Qtr 4,November,29,"$160,47","$160,47"
643,25,2025,Qtr 4,December,6,"$160,47","$160,47"
643,26,2025,Qtr 4,December,13,"$160,47","$160,47"
643,27,2025,Qtr 4,December,20,"$160,47","$160,47"
643,28,2025,Qtr 4,December,27,"$160,47","$160,47"
643,29,2026,Qtr 1,January,3,"$160,47","$160,47"
643,30,2026,Qtr 1,January,10,"$160,47","$0,00"
643,31,2026,Qtr 1,January,17,"$160,47","$0,00"
643,32,2026,Qtr 1,January,24,"$160,47","$0,00"
643,33,2026,Qtr 1,January,31,"$160,47","$0,00"
643,34,2026,Qtr 1,February,7,"$160,47","$0,00"
643,35,2026,Qtr 1,February,14,"$160,47","$0,00"
643,36,2026,Qtr 1,February,21,"$160,47","$0,00"
643,37,2026,Qtr 1,February,28,"$160,47","$0,00"
643,38,2026,Qtr 1,March,7,"$160,47","$0,00"
643,39,2026,Qtr 1,March,14,"$160,47","$0,00"
643,40,2026,Qtr 1,March,21,"$160,47","$0,00"
643,41,2026,Qtr 1,March,28,"$160,47","$0,00"
643,42,2026,Qtr 2,April,4,"$160,47","$0,00"
643,43,2026,Qtr 2,April,11,"$160,47","$0,00"
644,0,2025,Qtr 3,August,31,"$624,00","$624,50"
644,1,2025,Qtr 3,September,7,"$208,53","$208,00"
644,2,2025,Qtr 3,September,14,"$208,53","$209,00"
644,3,2025,Qtr 3,September,21,"$208,53","$209,00"
644,4,2025,Qtr 3,September,28,"$208,53","$208,53"
644,5,2025,Qtr 4,October,5,"$208,53","$208,53"
644,6,2025,Qtr 4,October,12,"$208,53","$208,53"
644,7,2025,Qtr 4,October,19,"$208,53","$208,53"
644,8,2025,Qtr 4,October,26,"$208,53","$208,53"
644,9,2025,Qtr 4,November,2,"$208,53","$208,00"
644,10,2025,Qtr 4,November,9,"$208,53","$208,00"
644,11,2025,Qtr 4,November,16,"$208,53","$208,00"
644,12,2025,Qtr 4,November,23,"$208,53","$208,00"
644,13,2025,Qtr 4,November,30,"$208,53","$208,00"
644,14,2025,Qtr 4,December,7,"$208,53","$208,00"
644,15,2025,Qtr 4,December,14,"$208,53","$208,00"
644,16,2025,Qtr 4,December,21,"$208,53","$208,00"
644,17,2025,Qtr 4,December,28,"$208,53","$208,00"
644,18,2026,Qtr 1,January,4,"$208,53","$208,00"
644,19,2026,Qtr 1,January,11,"$208,53","$208,00"
644,20,2026,Qtr 1,January,18,"$208,53","$208,53"
644,21,2026,Qtr 1,January,25,"$208,53","$208,53"
644,22,2026,Qtr 1,February,1,"$208,53","$208,53"
644,23,2026,Qtr 1,February,8,"$208,53","$208,53"
644,24,2026,Qtr 1,February,15,"$208,53","$208,53"
644,25,2026,Qtr 1,February,22,"$208,53","$208,53"
644,26,2026,Qtr 1,March,1,"$208,53","$208,53"
644,27,2026,Qtr 1,March,8,"$208,53","$208,53"
644,28,2026,Qtr 1,March,15,"$208,53","$208,53"
644,29,2026,Qtr 1,March,22,"$208,53","$208,53"
644,30,2026,Qtr 1,March,29,"$208,53","$208,53"
644,31,2026,Qtr 2,April,5,"$208,53","$208,53"
644,32,2026,Qtr 2,April,12,"$208,53","$208,53"
644,33,2026,Qtr 2,April,19,"$208,53","$208,53"
644,34,2026,Qtr 2,April,26,"$208,53","$208,53"
644,35,2026,Qtr 2,May,3,"$208,53","$208,53"
644,36,2026,Qtr 2,May,10,"$208,53","$0,00"
644,37,2026,Qtr 2,May,17,"$208,53","$0,00"
644,38,2026,Qtr 2,May,24,"$208,53","$0,00"
644,39,2026,Qtr 2,May,31,"$208,53","$0,00"
645,0,2025,Qtr 2,May,17,"$799,00","$799,00"
645,1,2025,Qtr 2,May,24,"$180,00","$180,00"
645,2,2025,Qtr 2,May,31,"$180,00","$180,00"
645,3,2025,Qtr 2,June,7,"$180,00","$180,00"
645,4,2025,Qtr 2,June,14,"$180,00","$180,00"
645,5,2025,Qtr 2,June,21,"$180,00","$180,00"
645,6,2025,Qtr 2,June,28,"$180,00","$180,00"
645,7,2025,Qtr 3,July,5,"$180,00","$180,00"
645,8,2025,Qtr 3,July,12,"$180,00","$180,00"
645,9,2025,Qtr 3,July,19,"$180,00","$180,00"
645,10,2025,Qtr 3,July,26,"$180,00","$180,00"
645,11,2025,Qtr 3,August,2,"$180,00","$180,00"
645,12,2025,Qtr 3,August,9,"$180,00","$180,00"
645,13,2025,Qtr 3,August,16,"$180,00","$180,00"
645,14,2025,Qtr 3,August,23,"$180,00","$180,00"
645,15,2025,Qtr 3,August,30,"$180,00","$180,00"
645,16,2025,Qtr 3,September,6,"$180,00","$180,00"
645,17,2025,Qtr 3,September,13,"$180,00","$180,00"
645,18,2025,Qtr 3,September,20,"$180,00","$180,00"
645,19,2025,Qtr 3,September,27,"$180,00","$180,00"
645,20,2025,Qtr 4,October,4,"$180,00","$180,00"
645,21,2025,Qtr 4,October,11,"$180,00","$180,00"
645,22,2025,Qtr 4,October,18,"$180,00","$180,00"
645,23,2025,Qtr 4,October,25,"$180,00","$180,00"
645,24,2025,Qtr 4,November,1,"$180,00","$180,00"
645,25,2025,Qtr 4,November,8,"$180,00","$180,00"
645,26,2025,Qtr 4,November,15,"$180,00","$180,00"
645,27,2025,Qtr 4,November,22,"$180,00","$180,00"
645,28,2025,Qtr 4,November,29,"$180,00","$0,00"
645,29,2025,Qtr 4,December,6,"$180,00","$0,00"
645,30,2025,Qtr 4,December,13,"$180,00","$0,00"
645,31,2025,Qtr 4,December,20,"$180,00","$0,00"
645,32,2025,Qtr 4,December,27,"$180,00","$0,00"
645,33,2026,Qtr 1,January,3,"$180,00","$0,00"
645,34,2026,Qtr 1,January,10,"$180,00","$0,00"
645,35,2026,Qtr 1,January,17,"$180,00","$0,00"
646,0,2025,Qtr 3,August,3,"$799,00","$799,00"
646,1,2025,Qtr 3,August,10,"$160,47","$161,00"
646,2,2025,Qtr 3,August,17,"$160,47","$161,00"
646,3,2025,Qtr 3,August,24,"$160,47","$161,00"
646,4,2025,Qtr 3,August,31,"$160,47","$160,47"
646,5,2025,Qtr 3,September,7,"$160,47","$161,00"
646,6,2025,Qtr 3,September,14,"$160,47","$161,00"
646,7,2025,Qtr 3,September,21,"$160,47","$161,00"
646,8,2025,Qtr 3,September,28,"$160,47","$161,00"
646,9,2025,Qtr 4,October,5,"$160,47","$161,00"
646,10,2025,Qtr 4,October,12,"$160,47","$161,00"
646,11,2025,Qtr 4,October,19,"$160,47","$161,00"
646,12,2025,Qtr 4,October,26,"$160,47","$161,00"
646,13,2025,Qtr 4,November,2,"$160,47","$161,00"
646,14,2025,Qtr 4,November,9,"$160,47","$161,00"
646,15,2025,Qtr 4,November,16,"$160,47","$161,00"
646,16,2025,Qtr 4,November,23,"$160,47","$161,00"
646,17,2025,Qtr 4,November,30,"$160,47","$161,00"
646,18,2025,Qtr 4,December,7,"$160,47","$161,00"
646,19,2025,Qtr 4,December,14,"$160,47","$161,00"
646,20,2025,Qtr 4,December,21,"$160,47","$161,00"
646,21,2025,Qtr 4,December,28,"$160,47","$160,47"
646,22,2026,Qtr 1,January,4,"$160,47","$161,00"
646,23,2026,Qtr 1,January,11,"$160,47","$161,00"
646,24,2026,Qtr 1,January,18,"$160,47","$161,00"
646,25,2026,Qtr 1,January,25,"$160,47","$161,00"
646,26,2026,Qtr 1,February,1,"$160,47","$161,00"
646,27,2026,Qtr 1,February,8,"$160,47","$161,00"
646,28,2026,Qtr 1,February,15,"$160,47","$0,00"
646,29,2026,Qtr 1,February,22,"$160,47","$0,00"
646,30,2026,Qtr 1,March,1,"$160,47","$0,00"
646,31,2026,Qtr 1,March,8,"$160,47","$0,00"
646,32,2026,Qtr 1,March,15,"$160,47","$0,00"
646,33,2026,Qtr 1,March,22,"$160,47","$0,00"
646,34,2026,Qtr 1,March,29,"$160,47","$0,00"
646,35,2026,Qtr 2,April,5,"$160,47","$0,00"
646,36,2026,Qtr 2,April,12,"$160,47","$0,00"
646,37,2026,Qtr 2,April,19,"$160,47","$0,00"
646,38,2026,Qtr 2,April,26,"$160,47","$0,00"
646,39,2026,Qtr 2,May,3,"$160,47","$0,00"
646,40,2026,Qtr 2,May,10,"$160,47","$0,00"
646,41,2026,Qtr 2,May,17,"$160,47","$0,00"
646,42,2026,Qtr 2,May,24,"$160,47","$0,00"
646,43,2026,Qtr 2,May,31,"$160,47","$0,00"
647,0,2025,Qtr 2,May,17,"$1248,00","$1248,10"
647,1,2025,Qtr 2,May,24,"$178,16","$178,16"
647,2,2025,Qtr 2,May,31,"$178,16","$178,16"
647,3,2025,Qtr 2,June,7,"$178,16","$178,00"
647,4,2025,Qtr 2,June,14,"$178,16","$178,16"
647,5,2025,Qtr 2,June,21,"$178,16","$178,16"
647,6,2025,Qtr 2,June,28,"$178,16","$178,16"
647,7,2025,Qtr 3,July,5,"$178,16","$178,16"
647,8,2025,Qtr 3,July,12,"$178,16","$178,16"
647,9,2025,Qtr 3,July,19,"$178,16","$178,16"
647,10,2025,Qtr 3,July,26,"$178,16","$178,16"
647,11,2025,Qtr 3,August,2,"$178,16","$178,16"
647,12,2025,Qtr 3,August,9,"$178,16","$178,16"
647,13,2025,Qtr 3,August,16,"$178,16","$178,16"
647,14,2025,Qtr 3,August,23,"$178,16","$178,16"
647,15,2025,Qtr 3,August,30,"$178,16","$178,16"
647,16,2025,Qtr 3,September,6,"$178,16","$178,16"
647,17,2025,Qtr 3,September,13,"$178,16","$178,16"
647,18,2025,Qtr 3,September,20,"$178,16","$178,16"
647,19,2025,Qtr 3,September,27,"$178,16","$178,16"
647,20,2025,Qtr 4,October,4,"$178,16","$178,16"
647,21,2025,Qtr 4,October,11,"$178,16","$178,16"
647,22,2025,Qtr 4,October,18,"$178,16","$178,16"
647,23,2025,Qtr 4,October,25,"$178,16","$178,16"
647,24,2025,Qtr 4,November,1,"$178,16","$178,16"
647,25,2025,Qtr 4,November,8,"$178,16","$178,16"
647,26,2025,Qtr 4,November,15,"$178,16","$178,16"
647,27,2025,Qtr 4,November,22,"$178,16","$178,16"
647,28,2025,Qtr 4,November,29,"$178,16","$178,16"
647,29,2025,Qtr 4,December,6,"$178,16","$178,16"
647,30,2025,Qtr 4,December,13,"$178,16","$178,16"
647,31,2025,Qtr 4,December,20,"$178,16","$178,16"
647,32,2025,Qtr 4,December,27,"$178,16","$178,16"
647,33,2026,Qtr 1,January,3,"$178,16","$178,16"
647,34,2026,Qtr 1,January,10,"$178,16","$178,16"
647,35,2026,Qtr 1,January,17,"$178,16","$178,16"
647,36,2026,Qtr 1,January,24,"$178,16","$178,16"
647,37,2026,Qtr 1,January,31,"$178,16","$178,16"
647,38,2026,Qtr 1,February,7,"$178,16","$178,16"
647,39,2026,Qtr 1,February,14,"$178,16","$178,16"
647,40,2026,Qtr 1,February,21,"$178,16","$178,16"
647,41,2026,Qtr 1,February,28,"$178,16","$178,16"
647,42,2026,Qtr 1,March,7,"$178,16","$178,16"
647,43,2026,Qtr 1,March,14,"$178,16","$178,44"
648,0,2026,Qtr 1,February,16,"$799,00","$799,00"
648,1,2026,Qtr 1,February,23,"$160,47","$160,47"
648,2,2026,Qtr 1,March,2,"$160,47","$160,47"
648,3,2026,Qtr 1,March,9,"$160,47","$160,47"
648,4,2026,Qtr 1,March,16,"$160,47","$160,47"
648,5,2026,Qtr 1,March,23,"$160,47","$160,47"
648,6,2026,Qtr 1,March,30,"$160,47","$160,47"
648,7,2026,Qtr 2,April,6,"$160,47","$160,47"
648,8,2026,Qtr 2,April,13,"$160,47","$160,47"
648,9,2026,Qtr 2,April,20,"$160,47","$160,47"
648,10,2026,Qtr 2,April,27,"$160,47","$160,47"
648,11,2026,Qtr 2,May,4,"$160,47","$160,47"
648,12,2026,Qtr 2,May,11,"$160,47","$0,00"
648,13,2026,Qtr 2,May,18,"$160,47","$0,00"
648,14,2026,Qtr 2,May,25,"$160,47","$0,00"
648,15,2026,Qtr 2,June,1,"$160,47","$0,00"
649,0,2025,Qtr 2,May,26,"$799,00","$799,00"
649,1,2025,Qtr 2,June,2,"$160,47","$160,00"
649,2,2025,Qtr 2,June,9,"$160,47","$160,00"
649,3,2025,Qtr 2,June,16,"$160,47","$160,00"
649,4,2025,Qtr 2,June,23,"$160,47","$160,00"
649,5,2025,Qtr 2,June,30,"$160,47","$160,00"
649,6,2025,Qtr 3,July,7,"$160,47","$160,00"
649,7,2025,Qtr 3,July,14,"$160,47","$160,00"
649,8,2025,Qtr 3,July,21,"$160,47","$160,00"
649,9,2025,Qtr 3,July,28,"$160,47","$160,00"
649,10,2025,Qtr 3,August,4,"$160,47","$160,00"
649,11,2025,Qtr 3,August,11,"$160,47","$160,00"
649,12,2025,Qtr 3,August,18,"$160,47","$160,00"
649,13,2025,Qtr 3,August,25,"$160,47","$160,00"
649,14,2025,Qtr 3,September,1,"$160,47","$160,00"
649,15,2025,Qtr 3,September,8,"$160,47","$160,00"
649,16,2025,Qtr 3,September,15,"$160,47","$160,00"
649,17,2025,Qtr 3,September,22,"$160,47","$160,47"
649,18,2025,Qtr 3,September,29,"$160,47","$160,00"
649,19,2025,Qtr 4,October,6,"$160,47","$160,00"
649,20,2025,Qtr 4,October,13,"$160,47","$160,00"
649,21,2025,Qtr 4,October,20,"$160,47","$160,00"
649,22,2025,Qtr 4,October,27,"$160,47","$160,00"
649,23,2025,Qtr 4,November,3,"$160,47","$160,00"
649,24,2025,Qtr 4,November,10,"$160,47","$160,00"
649,25,2025,Qtr 4,November,17,"$160,47","$160,00"
649,26,2025,Qtr 4,November,24,"$160,47","$160,00"
649,27,2025,Qtr 4,December,1,"$160,47","$160,00"
649,28,2025,Qtr 4,December,8,"$160,47","$160,47"
649,29,2025,Qtr 4,December,15,"$160,47","$160,47"
649,30,2025,Qtr 4,December,22,"$160,47","$160,47"
649,31,2025,Qtr 4,December,29,"$160,47","$160,47"
649,32,2026,Qtr 1,January,5,"$160,47","$160,47"
649,33,2026,Qtr 1,January,12,"$160,47","$160,47"
649,34,2026,Qtr 1,January,19,"$160,47","$160,47"
649,35,2026,Qtr 1,January,26,"$160,47","$160,47"
649,36,2026,Qtr 1,February,2,"$160,47","$160,47"
649,37,2026,Qtr 1,February,9,"$160,47","$0,00"
649,38,2026,Qtr 1,February,16,"$160,47","$0,00"
649,39,2026,Qtr 1,February,23,"$160,47","$0,00"
649,40,2026,Qtr 1,March,2,"$160,47","$0,00"
649,41,2026,Qtr 1,March,9,"$160,47","$0,00"
649,42,2026,Qtr 1,March,16,"$160,47","$0,00"
649,43,2026,Qtr 1,March,23,"$160,47","$0,00"
650,0,2025,Qtr 3,September,28,"$799,00","$799,00"
650,1,2025,Qtr 4,October,5,"$300,00","$300,00"
650,2,2025,Qtr 4,October,12,"$300,00","$300,00"
650,3,2025,Qtr 4,October,19,"$300,00","$300,00"
650,4,2025,Qtr 4,October,26,"$300,00","$300,00"
650,5,2025,Qtr 4,November,2,"$300,00","$300,00"
650,6,2025,Qtr 4,November,9,"$300,00","$300,00"
650,7,2025,Qtr 4,November,16,"$300,00","$300,00"
650,8,2025,Qtr 4,November,23,"$300,00","$300,00"
650,9,2025,Qtr 4,November,30,"$300,00","$300,00"
650,10,2025,Qtr 4,December,7,"$300,00","$300,00"
650,11,2025,Qtr 4,December,14,"$300,00","$300,00"
650,12,2025,Qtr 4,December,21,"$300,00","$300,00"
650,13,2025,Qtr 4,December,28,"$300,00","$300,00"
650,14,2026,Qtr 1,January,4,"$300,00","$300,00"
650,15,2026,Qtr 1,January,11,"$300,00","$300,00"
651,0,2025,Qtr 2,June,17,"$0,00","$0,00"
651,1,2025,Qtr 2,June,24,"$227,40","$227,00"
651,2,2025,Qtr 3,July,1,"$227,40","$227,00"
651,3,2025,Qtr 3,July,8,"$227,40","$227,00"
651,4,2025,Qtr 3,July,15,"$227,40","$227,00"
651,5,2025,Qtr 3,July,22,"$227,40","$227,00"
651,6,2025,Qtr 3,July,29,"$227,40","$230,00"
651,7,2025,Qtr 3,August,5,"$227,40","$227,40"
651,8,2025,Qtr 3,August,12,"$227,40","$227,00"
651,9,2025,Qtr 3,August,19,"$227,40","$227,00"
651,10,2025,Qtr 3,August,26,"$227,40","$228,00"
651,11,2025,Qtr 3,September,2,"$227,40","$227,00"
651,12,2025,Qtr 3,September,9,"$227,40","$227,00"
651,13,2025,Qtr 3,September,16,"$227,40","$227,00"
651,14,2025,Qtr 3,September,23,"$227,40","$227,40"
651,15,2025,Qtr 3,September,30,"$227,40","$223,00"
651,16,2025,Qtr 4,October,7,"$227,40","$227,00"
651,17,2025,Qtr 4,October,14,"$227,40","$227,00"
651,18,2025,Qtr 4,October,21,"$227,40","$223,00"
651,19,2025,Qtr 4,October,28,"$227,40","$227,00"
651,20,2025,Qtr 4,November,4,"$227,40","$227,00"
651,21,2025,Qtr 4,November,11,"$227,40","$227,00"
651,22,2025,Qtr 4,November,18,"$227,40","$227,00"
651,23,2025,Qtr 4,November,25,"$227,40","$217,00"
651,24,2025,Qtr 4,December,2,"$227,40","$217,00"
651,25,2025,Qtr 4,December,9,"$227,40","$227,40"
651,26,2025,Qtr 4,December,16,"$227,40","$227,40"
651,27,2025,Qtr 4,December,23,"$227,40","$227,40"
651,28,2025,Qtr 4,December,30,"$227,40","$227,40"
651,29,2026,Qtr 1,January,6,"$227,40","$227,40"
651,30,2026,Qtr 1,January,13,"$227,40","$227,40"
651,31,2026,Qtr 1,January,20,"$227,40","$227,40"
651,32,2026,Qtr 1,January,27,"$227,40","$227,40"
651,33,2026,Qtr 1,February,3,"$227,40","$227,40"
651,34,2026,Qtr 1,February,10,"$227,40","$227,40"
651,35,2026,Qtr 1,February,17,"$227,40","$227,40"
651,36,2026,Qtr 1,February,24,"$227,40","$227,40"
651,37,2026,Qtr 1,March,3,"$227,40","$227,40"
651,38,2026,Qtr 1,March,10,"$227,40","$227,40"
651,39,2026,Qtr 1,March,17,"$227,40","$0,00"
651,40,2026,Qtr 1,March,24,"$227,40","$0,00"
651,41,2026,Qtr 1,March,31,"$227,40","$0,00"
651,42,2026,Qtr 2,April,7,"$227,40","$0,00"
651,43,2026,Qtr 2,April,14,"$227,40","$0,00"
652,0,2025,Qtr 4,October,3,"$799,00","$799,00"
652,1,2025,Qtr 4,October,10,"$192,00","$192,00"
652,2,2025,Qtr 4,October,17,"$192,00","$192,00"
652,3,2025,Qtr 4,October,24,"$192,00","$192,00"
652,4,2025,Qtr 4,October,31,"$192,00","$192,00"
652,5,2025,Qtr 4,November,7,"$192,00","$192,00"
652,6,2025,Qtr 4,November,14,"$192,00","$192,00"
652,7,2025,Qtr 4,November,21,"$192,00","$192,00"
652,8,2025,Qtr 4,November,28,"$192,00","$192,00"
652,9,2025,Qtr 4,December,5,"$192,00","$192,00"
652,10,2025,Qtr 4,December,12,"$192,00","$192,00"
652,11,2025,Qtr 4,December,19,"$192,00","$192,00"
652,12,2025,Qtr 4,December,26,"$192,00","$192,00"
652,13,2026,Qtr 1,January,2,"$192,00","$192,00"
652,14,2026,Qtr 1,January,9,"$192,00","$192,00"
652,15,2026,Qtr 1,January,16,"$192,00","$192,00"
652,16,2026,Qtr 1,January,23,"$192,00","$192,00"
652,17,2026,Qtr 1,January,30,"$192,00","$192,00"
652,18,2026,Qtr 1,February,6,"$192,00","$0,00"
652,19,2026,Qtr 1,February,13,"$192,00","$0,00"
652,20,2026,Qtr 1,February,20,"$192,00","$0,00"
652,21,2026,Qtr 1,February,27,"$192,00","$0,00"
652,22,2026,Qtr 1,March,6,"$192,00","$0,00"
652,23,2026,Qtr 1,March,13,"$192,00","$0,00"
652,24,2026,Qtr 1,March,20,"$192,00","$0,00"
652,25,2026,Qtr 1,March,27,"$192,00","$0,00"
652,26,2026,Qtr 2,April,3,"$192,00","$0,00"
652,27,2026,Qtr 2,April,10,"$192,00","$0,00"
652,28,2026,Qtr 2,April,17,"$192,00","$0,00"
652,29,2026,Qtr 2,April,24,"$192,00","$0,00"
652,30,2026,Qtr 2,May,1,"$192,00","$0,00"
652,31,2026,Qtr 2,May,8,"$192,00","$0,00"
652,32,2026,Qtr 2,May,15,"$192,00","$0,00"
652,33,2026,Qtr 2,May,22,"$192,00","$0,00"
652,34,2026,Qtr 2,May,29,"$192,00","$0,00"
653,0,2025,Qtr 4,November,15,"$550,00","$549,90"
653,1,2025,Qtr 4,November,22,"$494,91","$495,00"
653,2,2025,Qtr 4,November,29,"$494,91","$495,00"
653,3,2025,Qtr 4,December,6,"$494,91","$495,00"
653,4,2025,Qtr 4,December,13,"$494,91","$495,00"
653,5,2025,Qtr 4,December,20,"$494,91","$495,00"
653,6,2025,Qtr 4,December,27,"$494,91","$495,00"
653,7,2026,Qtr 1,January,3,"$494,91","$495,00"
653,8,2026,Qtr 1,January,10,"$494,91","$494,91"
653,9,2026,Qtr 1,January,17,"$494,91","$494,91"
653,10,2026,Qtr 1,January,24,"$494,91","$495,00"
653,11,2026,Qtr 1,January,31,"$494,91","$495,00"
653,12,2026,Qtr 1,February,7,"$494,91","$500,00"
653,13,2026,Qtr 1,February,14,"$494,91","$494,91"
653,14,2026,Qtr 1,February,21,"$494,91","$495,00"
653,15,2026,Qtr 1,February,28,"$494,91","$494,91"
654,0,2025,Qtr 1,January,2,"$1250,00","$1250,00"
654,1,2025,Qtr 1,January,9,"$434,90","$435,00"
654,2,2025,Qtr 1,January,16,"$434,90","$435,00"
654,3,2025,Qtr 1,January,23,"$434,90","$435,00"
654,4,2025,Qtr 1,January,30,"$434,90","$435,00"
654,5,2025,Qtr 1,February,6,"$434,90","$435,00"
654,6,2025,Qtr 1,February,13,"$434,90","$435,00"
654,7,2025,Qtr 1,February,20,"$434,90","$435,00"
654,8,2025,Qtr 1,February,27,"$434,90","$435,00"
654,9,2025,Qtr 1,March,6,"$434,90","$435,00"
654,10,2025,Qtr 1,March,13,"$434,90","$435,00"
654,11,2025,Qtr 1,March,20,"$434,90","$435,00"
654,12,2025,Qtr 1,March,27,"$434,90","$435,00"
654,13,2025,Qtr 2,April,3,"$434,90","$434,90"
654,14,2025,Qtr 2,April,10,"$434,90","$434,90"
654,15,2025,Qtr 2,April,17,"$434,90","$0,00"
655,0,2025,Qtr 2,June,25,"$799,00","$799,00"
655,1,2025,Qtr 3,July,2,"$219,23","$219,23"
655,2,2025,Qtr 3,July,9,"$219,23","$219,23"
655,3,2025,Qtr 3,July,16,"$219,23","$219,23"
655,4,2025,Qtr 3,July,23,"$219,23","$219,23"
655,5,2025,Qtr 3,July,30,"$219,23","$219,23"
655,6,2025,Qtr 3,August,6,"$219,23","$219,23"
655,7,2025,Qtr 3,August,13,"$219,23","$219,23"
655,8,2025,Qtr 3,August,20,"$219,23","$219,23"
655,9,2025,Qtr 3,August,27,"$219,23","$219,23"
655,10,2025,Qtr 3,September,3,"$219,23","$219,23"
655,11,2025,Qtr 3,September,10,"$219,23","$219,23"
655,12,2025,Qtr 3,September,17,"$219,23","$219,23"
655,13,2025,Qtr 3,September,24,"$219,23","$219,23"
655,14,2025,Qtr 4,October,1,"$219,23","$219,23"
655,15,2025,Qtr 4,October,8,"$219,23","$219,23"
655,16,2025,Qtr 4,October,15,"$219,23","$219,23"
655,17,2025,Qtr 4,October,22,"$219,23","$219,23"
655,18,2025,Qtr 4,October,29,"$219,23","$219,23"
655,19,2025,Qtr 4,November,5,"$219,23","$219,00"
655,20,2025,Qtr 4,November,12,"$219,23","$219,00"
655,21,2025,Qtr 4,November,19,"$219,23","$219,00"
655,22,2025,Qtr 4,November,26,"$219,23","$219,00"
655,23,2025,Qtr 4,December,3,"$219,23","$219,00"
655,24,2025,Qtr 4,December,10,"$219,23","$219,00"
655,25,2025,Qtr 4,December,17,"$219,23","$219,23"
655,26,2025,Qtr 4,December,24,"$219,23","$220,63"
657,0,2026,Qtr 1,February,18,"$0,00","$0,00"
657,1,2026,Qtr 1,February,25,"$523,02","$523,02"
657,2,2026,Qtr 1,March,4,"$523,02","$524,00"
657,3,2026,Qtr 1,March,11,"$523,02","$523,02"
657,4,2026,Qtr 1,March,18,"$523,02","$0,00"
657,5,2026,Qtr 1,March,25,"$523,02","$0,00"
657,6,2026,Qtr 2,April,1,"$523,02","$0,00"
657,7,2026,Qtr 2,April,8,"$523,02","$0,00"
657,8,2026,Qtr 2,April,15,"$523,02","$0,00"
657,9,2026,Qtr 2,April,22,"$523,02","$0,00"
657,10,2026,Qtr 2,April,29,"$523,02","$0,00"
657,11,2026,Qtr 2,May,6,"$523,02","$0,00"
657,12,2026,Qtr 2,May,13,"$523,02","$0,00"
657,13,2026,Qtr 2,May,20,"$523,02","$0,00"
657,14,2026,Qtr 2,May,27,"$523,02","$0,00"
657,15,2026,Qtr 2,June,3,"$523,02","$0,00"
659,0,2025,Qtr 4,October,14,"$799,00","$799,00"
659,1,2025,Qtr 4,October,21,"$180,00","$200,00"
659,2,2025,Qtr 4,October,28,"$180,00","$180,00"
659,3,2025,Qtr 4,November,4,"$180,00","$180,00"
659,4,2025,Qtr 4,November,11,"$180,00","$181,00"
659,5,2025,Qtr 4,November,18,"$180,00","$181,00"
659,6,2025,Qtr 4,November,25,"$180,00","$180,00"
659,7,2025,Qtr 4,December,2,"$180,00","$180,00"
659,8,2025,Qtr 4,December,9,"$180,00","$180,00"
659,9,2025,Qtr 4,December,16,"$180,00","$180,00"
659,10,2025,Qtr 4,December,23,"$180,00","$180,00"
659,11,2025,Qtr 4,December,30,"$180,00","$180,00"
659,12,2026,Qtr 1,January,6,"$180,00","$0,00"
659,13,2026,Qtr 1,January,13,"$180,00","$0,00"
659,14,2026,Qtr 1,January,20,"$180,00","$0,00"
659,15,2026,Qtr 1,January,27,"$180,00","$0,00"
659,16,2026,Qtr 1,February,3,"$180,00","$0,00"
659,17,2026,Qtr 1,February,10,"$180,00","$0,00"
659,18,2026,Qtr 1,February,17,"$180,00","$0,00"
659,19,2026,Qtr 1,February,24,"$180,00","$0,00"
659,20,2026,Qtr 1,March,3,"$180,00","$0,00"
659,21,2026,Qtr 1,March,10,"$180,00","$0,00"
659,22,2026,Qtr 1,March,17,"$180,00","$0,00"
659,23,2026,Qtr 1,March,24,"$180,00","$0,00"
659,24,2026,Qtr 1,March,31,"$180,00","$0,00"
659,25,2026,Qtr 2,April,7,"$180,00","$0,00"
659,26,2026,Qtr 2,April,14,"$180,00","$0,00"
659,27,2026,Qtr 2,April,21,"$180,00","$0,00"
659,28,2026,Qtr 2,April,28,"$180,00","$0,00"
659,29,2026,Qtr 2,May,5,"$180,00","$0,00"
659,30,2026,Qtr 2,May,12,"$180,00","$0,00"
659,31,2026,Qtr 2,May,19,"$180,00","$0,00"
659,32,2026,Qtr 2,May,26,"$180,00","$0,00"
659,33,2026,Qtr 2,June,2,"$180,00","$0,00"
660,0,2025,Qtr 4,November,15,"$380,00","$379,90"
660,1,2025,Qtr 4,November,22,"$205,75","$206,00"
660,2,2025,Qtr 4,November,29,"$205,75","$206,00"
660,3,2025,Qtr 4,December,6,"$205,75","$206,00"
660,4,2025,Qtr 4,December,13,"$205,75","$206,00"
660,5,2025,Qtr 4,December,20,"$205,75","$205,75"
660,6,2025,Qtr 4,December,27,"$205,75","$206,00"
660,7,2026,Qtr 1,January,3,"$205,75","$206,00"
660,8,2026,Qtr 1,January,10,"$205,75","$206,00"
660,9,2026,Qtr 1,January,17,"$205,75","$206,00"
660,10,2026,Qtr 1,January,24,"$205,75","$0,00"
660,11,2026,Qtr 1,January,31,"$205,75","$0,00"
660,12,2026,Qtr 1,February,7,"$205,75","$0,00"
660,13,2026,Qtr 1,February,14,"$205,75","$0,00"
660,14,2026,Qtr 1,February,21,"$205,75","$0,00"
660,15,2026,Qtr 1,February,28,"$205,75","$0,00"
660,16,2026,Qtr 1,March,7,"$205,75","$0,00"
660,17,2026,Qtr 1,March,14,"$205,75","$0,00"
660,18,2026,Qtr 1,March,21,"$205,75","$0,00"
660,19,2026,Qtr 1,March,28,"$205,75","$0,00"
660,20,2026,Qtr 2,April,4,"$205,75","$0,00"
660,21,2026,Qtr 2,April,11,"$205,75","$0,00"
660,22,2026,Qtr 2,April,18,"$205,75","$0,00"
660,23,2026,Qtr 2,April,25,"$205,75","$0,00"
660,24,2026,Qtr 2,May,2,"$205,75","$0,00"
660,25,2026,Qtr 2,May,9,"$205,75","$0,00"
660,26,2026,Qtr 2,May,16,"$205,75","$0,00"
660,27,2026,Qtr 2,May,23,"$205,75","$0,00"
660,28,2026,Qtr 2,May,30,"$205,75","$0,00"
663,0,2025,Qtr 3,July,30,"$799,00","$799,00"
663,1,2025,Qtr 3,August,6,"$300,00","$300,00"
663,2,2025,Qtr 3,August,13,"$300,00","$300,00"
663,3,2025,Qtr 3,August,20,"$300,00","$0,00"
663,4,2025,Qtr 3,August,27,"$300,00","$0,00"
663,5,2025,Qtr 3,September,3,"$300,00","$0,00"
663,6,2025,Qtr 3,September,10,"$300,00","$0,00"
663,7,2025,Qtr 3,September,17,"$300,00","$0,00"
663,8,2025,Qtr 3,September,24,"$300,00","$0,00"
663,9,2025,Qtr 4,October,1,"$300,00","$0,00"
663,10,2025,Qtr 4,October,8,"$300,00","$0,00"
663,11,2025,Qtr 4,October,15,"$300,00","$0,00"
663,12,2025,Qtr 4,October,22,"$300,00","$0,00"
663,13,2025,Qtr 4,October,29,"$300,00","$0,00"
663,14,2025,Qtr 4,November,5,"$300,00","$0,00"
663,15,2025,Qtr 4,November,12,"$300,00","$0,00"
664,0,2026,Qtr 1,February,26,"$799,00","$799,00"
664,1,2026,Qtr 1,March,5,"$160,47","$160,47"
664,2,2026,Qtr 1,March,12,"$160,47","$160,47"
664,3,2026,Qtr 1,March,19,"$160,47","$160,47"
664,4,2026,Qtr 1,March,26,"$160,47","$160,47"
664,5,2026,Qtr 2,April,2,"$160,47","$160,47"
664,6,2026,Qtr 2,April,9,"$160,47","$160,47"
664,7,2026,Qtr 2,April,16,"$160,47","$160,47"
664,8,2026,Qtr 2,April,23,"$160,47","$160,47"
664,9,2026,Qtr 2,April,30,"$160,47","$160,47"
664,10,2026,Qtr 2,May,7,"$160,47","$160,47"
664,11,2026,Qtr 2,May,14,"$160,47","$160,47"
664,12,2026,Qtr 2,May,21,"$160,47","$160,47"
664,13,2026,Qtr 2,May,28,"$160,47","$0,00"
665,0,2025,Qtr 1,February,12,"$0,00","$0,00"
665,1,2025,Qtr 1,February,19,"$250,00","$250,00"
665,2,2025,Qtr 1,February,26,"$250,00","$250,00"
665,3,2025,Qtr 1,March,5,"$250,00","$250,00"
665,4,2025,Qtr 1,March,12,"$250,00","$250,00"
665,5,2025,Qtr 1,March,19,"$250,00","$250,00"
665,6,2025,Qtr 1,March,26,"$250,00","$250,00"
665,7,2025,Qtr 2,April,2,"$250,00","$250,00"
665,8,2025,Qtr 2,April,9,"$250,00","$250,00"
665,9,2025,Qtr 2,April,16,"$250,00","$250,00"
665,10,2025,Qtr 2,April,23,"$250,00","$250,00"
665,11,2025,Qtr 2,April,30,"$250,00","$250,00"
665,12,2025,Qtr 2,May,7,"$250,00","$250,00"
665,13,2025,Qtr 2,May,14,"$250,00","$250,00"
665,14,2025,Qtr 2,May,21,"$250,00","$250,00"
665,15,2025,Qtr 2,May,28,"$250,00","$250,00"
665,16,2025,Qtr 2,June,4,"$250,00","$250,00"
665,17,2025,Qtr 2,June,11,"$250,00","$250,00"
665,18,2025,Qtr 2,June,18,"$250,00","$250,00"
665,19,2025,Qtr 2,June,25,"$250,00","$0,00"
665,20,2025,Qtr 3,July,2,"$250,00","$0,00"
665,21,2025,Qtr 3,July,9,"$250,00","$0,00"
665,22,2025,Qtr 3,July,16,"$250,00","$0,00"
665,23,2025,Qtr 3,July,23,"$250,00","$0,00"
665,24,2025,Qtr 3,July,30,"$250,00","$0,00"
669,0,2026,Qtr 1,February,27,"$0,00","$0,00"
669,1,2026,Qtr 1,March,6,"$348,45","$348,45"
669,2,2026,Qtr 1,March,13,"$348,45","$348,45"
669,3,2026,Qtr 1,March,20,"$348,45","$348,45"
669,4,2026,Qtr 1,March,27,"$348,45","$348,45"
669,5,2026,Qtr 2,April,3,"$348,45","$0,00"
669,6,2026,Qtr 2,April,10,"$348,45","$0,00"
669,7,2026,Qtr 2,April,17,"$348,45","$0,00"
669,8,2026,Qtr 2,April,24,"$348,45","$0,00"
669,9,2026,Qtr 2,May,1,"$348,45","$0,00"
669,10,2026,Qtr 2,May,8,"$348,45","$0,00"
669,11,2026,Qtr 2,May,15,"$348,45","$0,00"
669,12,2026,Qtr 2,May,22,"$348,45","$0,00"
669,13,2026,Qtr 2,May,29,"$348,45","$0,00"
670,0,2025,Qtr 4,November,7,"$1249,00","$1249,00"
670,1,2025,Qtr 4,November,14,"$475,00","$475,00"
670,2,2025,Qtr 4,November,21,"$475,00","$475,00"
670,3,2025,Qtr 4,November,28,"$475,00","$475,00"
670,4,2025,Qtr 4,December,5,"$475,00","$475,00"
670,5,2025,Qtr 4,December,12,"$475,00","$475,00"
670,6,2025,Qtr 4,December,19,"$475,00","$475,00"
670,7,2025,Qtr 4,December,26,"$475,00","$3400,00"
670,8,2026,Qtr 1,January,2,"$475,00","$0,00"
670,9,2026,Qtr 1,January,9,"$475,00","$0,00"
670,10,2026,Qtr 1,January,16,"$475,00","$0,00"
670,11,2026,Qtr 1,January,23,"$475,00","$0,00"
670,12,2026,Qtr 1,January,30,"$475,00","$0,00"
670,13,2026,Qtr 1,February,6,"$475,00","$0,00"
670,14,2026,Qtr 1,February,13,"$475,00","$0,00"
670,15,2026,Qtr 1,February,20,"$475,00","$0,00"
671,0,2025,Qtr 3,August,1,"$399,00","$399,00"
671,1,2025,Qtr 3,August,8,"$209,23","$209,23"
671,2,2025,Qtr 3,August,15,"$209,23","$209,20"
671,3,2025,Qtr 3,August,22,"$209,23","$209,00"
671,4,2025,Qtr 3,August,29,"$209,23","$209,00"
671,5,2025,Qtr 3,September,5,"$209,23","$209,00"
671,6,2025,Qtr 3,September,12,"$209,23","$209,00"
671,7,2025,Qtr 3,September,19,"$209,23","$209,00"
671,8,2025,Qtr 3,September,26,"$209,23","$209,00"
671,9,2025,Qtr 4,October,3,"$209,23","$209,00"
671,10,2025,Qtr 4,October,10,"$209,23","$209,00"
671,11,2025,Qtr 4,October,17,"$209,23","$209,23"
671,12,2025,Qtr 4,October,24,"$209,23","$209,00"
671,13,2025,Qtr 4,October,31,"$209,23","$209,00"
671,14,2025,Qtr 4,November,7,"$209,23","$209,00"
671,15,2025,Qtr 4,November,14,"$209,23","$209,00"
671,16,2025,Qtr 4,November,21,"$209,23","$209,00"
671,17,2025,Qtr 4,November,28,"$209,23","$209,00"
671,18,2025,Qtr 4,December,5,"$209,23","$209,00"
671,19,2025,Qtr 4,December,12,"$209,23","$209,00"
671,20,2025,Qtr 4,December,19,"$209,23","$209,00"
671,21,2025,Qtr 4,December,26,"$209,23","$209,00"
671,22,2026,Qtr 1,January,2,"$209,23","$209,23"
671,23,2026,Qtr 1,January,9,"$209,23","$209,23"
671,24,2026,Qtr 1,January,16,"$209,23","$209,23"
671,25,2026,Qtr 1,January,23,"$209,23","$209,23"
671,26,2026,Qtr 1,January,30,"$209,23","$0,00"
672,0,2026,Qtr 1,February,26,"$1249,00","$1249,00"
672,1,2026,Qtr 1,March,5,"$515,00","$4650,00"
672,2,2026,Qtr 1,March,12,"$515,00","$0,00"
672,3,2026,Qtr 1,March,19,"$515,00","$0,00"
672,4,2026,Qtr 1,March,26,"$515,00","$0,00"
672,5,2026,Qtr 2,April,2,"$515,00","$0,00"
672,6,2026,Qtr 2,April,9,"$515,00","$0,00"
672,7,2026,Qtr 2,April,16,"$515,00","$0,00"
672,8,2026,Qtr 2,April,23,"$515,00","$0,00"
672,9,2026,Qtr 2,April,30,"$515,00","$0,00"
672,10,2026,Qtr 2,May,7,"$515,00","$0,00"
672,11,2026,Qtr 2,May,14,"$515,00","$0,00"
672,12,2026,Qtr 2,May,21,"$515,00","$0,00"
672,13,2026,Qtr 2,May,28,"$515,00","$0,00"
673,0,2025,Qtr 3,September,15,"$799,00","$799,00"
673,1,2025,Qtr 3,September,22,"$300,00","$300,00"
673,2,2025,Qtr 3,September,29,"$300,00","$300,00"
673,3,2025,Qtr 4,October,6,"$300,00","$300,00"
673,4,2025,Qtr 4,October,13,"$300,00","$300,00"
673,5,2025,Qtr 4,October,20,"$300,00","$300,00"
673,6,2025,Qtr 4,October,27,"$300,00","$300,00"
673,7,2025,Qtr 4,November,3,"$300,00","$300,00"
673,8,2025,Qtr 4,November,10,"$300,00","$300,00"
673,9,2025,Qtr 4,November,17,"$300,00","$300,00"
673,10,2025,Qtr 4,November,24,"$300,00","$300,00"
673,11,2025,Qtr 4,December,1,"$300,00","$300,00"
673,12,2025,Qtr 4,December,8,"$300,00","$300,00"
673,13,2025,Qtr 4,December,15,"$300,00","$300,00"
673,14,2025,Qtr 4,December,22,"$300,00","$0,00"
673,15,2025,Qtr 4,December,29,"$300,00","$0,00"
675,0,2025,Qtr 4,November,15,"$580,00","$579,90"
675,1,2025,Qtr 4,November,22,"$279,16","$279,15"
675,2,2025,Qtr 4,November,29,"$279,16","$279,16"
675,3,2025,Qtr 4,December,6,"$279,16","$279,16"
675,4,2025,Qtr 4,December,13,"$279,16","$279,16"
675,5,2025,Qtr 4,December,20,"$279,16","$279,16"
675,6,2025,Qtr 4,December,27,"$279,16","$279,16"
675,7,2026,Qtr 1,January,3,"$279,16","$0,00"
675,8,2026,Qtr 1,January,10,"$279,16","$0,00"
675,9,2026,Qtr 1,January,17,"$279,16","$0,00"
675,10,2026,Qtr 1,January,24,"$279,16","$0,00"
675,11,2026,Qtr 1,January,31,"$279,16","$0,00"
675,12,2026,Qtr 1,February,7,"$279,16","$0,00"
675,13,2026,Qtr 1,February,14,"$279,16","$0,00"
675,14,2026,Qtr 1,February,21,"$279,16","$0,00"
675,15,2026,Qtr 1,February,28,"$279,16","$0,00"
675,16,2026,Qtr 1,March,7,"$279,16","$0,00"
675,17,2026,Qtr 1,March,14,"$279,16","$0,00"
675,18,2026,Qtr 1,March,21,"$279,16","$0,00"
675,19,2026,Qtr 1,March,28,"$279,16","$0,00"
675,20,2026,Qtr 2,April,4,"$279,16","$0,00"
675,21,2026,Qtr 2,April,11,"$279,16","$0,00"
675,22,2026,Qtr 2,April,18,"$279,16","$0,00"
675,23,2026,Qtr 2,April,25,"$279,16","$0,00"
675,24,2026,Qtr 2,May,2,"$279,16","$0,00"
675,25,2026,Qtr 2,May,9,"$279,16","$0,00"
675,26,2026,Qtr 2,May,16,"$279,16","$0,00"
675,27,2026,Qtr 2,May,23,"$279,16","$0,00"
675,28,2026,Qtr 2,May,30,"$279,16","$0,00"
677,0,2026,Qtr 1,March,4,"$799,00","$799,00"
677,1,2026,Qtr 1,March,11,"$171,16","$0,00"
677,2,2026,Qtr 1,March,18,"$171,16","$0,00"
677,3,2026,Qtr 1,March,25,"$171,16","$0,00"
677,4,2026,Qtr 2,April,1,"$171,16","$0,00"
677,5,2026,Qtr 2,April,8,"$171,16","$0,00"
677,6,2026,Qtr 2,April,15,"$171,16","$0,00"
677,7,2026,Qtr 2,April,22,"$171,16","$0,00"
677,8,2026,Qtr 2,April,29,"$171,16","$0,00"
677,9,2026,Qtr 2,May,6,"$171,16","$0,00"
677,10,2026,Qtr 2,May,13,"$171,16","$0,00"
677,11,2026,Qtr 2,May,20,"$171,16","$0,00"
677,12,2026,Qtr 2,May,27,"$171,16","$0,00"
677,13,2026,Qtr 2,June,3,"$171,16","$0,00"
680,0,2026,Qtr 1,March,25,"$0,00","$0,00"
680,1,2026,Qtr 2,April,1,"$391,24","$391,24"
680,2,2026,Qtr 2,April,8,"$391,24","$391,24"
680,3,2026,Qtr 2,April,15,"$391,24","$391,24"
680,4,2026,Qtr 2,April,22,"$391,24","$391,24"
680,5,2026,Qtr 2,April,29,"$391,24","$391,24"
680,6,2026,Qtr 2,May,6,"$391,24","$391,24"
680,7,2026,Qtr 2,May,13,"$391,24","$391,24"
680,8,2026,Qtr 2,May,20,"$391,24","$391,24"
680,9,2026,Qtr 2,May,27,"$391,24","$391,24"
680,10,2026,Qtr 2,June,3,"$391,24","$0,00"
683,0,2026,Qtr 1,March,5,"$0,00","$400,00"
683,1,2026,Qtr 1,March,12,"$132,53","$0,00"
683,2,2026,Qtr 1,March,19,"$132,53","$132,53"
683,3,2026,Qtr 1,March,26,"$132,53","$132,53"
683,4,2026,Qtr 2,April,2,"$132,53","$132,53"
683,5,2026,Qtr 2,April,9,"$132,53","$134,00"
683,6,2026,Qtr 2,April,16,"$132,53","$134,00"
683,7,2026,Qtr 2,April,23,"$132,53","$0,00"
683,8,2026,Qtr 2,April,30,"$132,53","$0,00"
683,9,2026,Qtr 2,May,7,"$132,53","$0,00"
683,10,2026,Qtr 2,May,14,"$132,53","$0,00"
683,11,2026,Qtr 2,May,21,"$132,53","$0,00"
683,12,2026,Qtr 2,May,28,"$132,53","$0,00"
688,0,2026,Qtr 1,March,6,"$799,00","$799,00"
688,1,2026,Qtr 1,March,13,"$171,16","$171,16"
688,2,2026,Qtr 1,March,20,"$171,16","$171,16"
688,3,2026,Qtr 1,March,27,"$171,16","$171,16"
688,4,2026,Qtr 2,April,3,"$171,16","$171,16"
688,5,2026,Qtr 2,April,10,"$171,16","$171,16"
688,6,2026,Qtr 2,April,17,"$171,16","$171,16"
688,7,2026,Qtr 2,April,24,"$171,16","$171,16"
688,8,2026,Qtr 2,May,1,"$171,16","$171,16"
688,9,2026,Qtr 2,May,8,"$171,16","$171,16"
688,10,2026,Qtr 2,May,15,"$171,16","$0,00"
688,11,2026,Qtr 2,May,22,"$171,16","$0,00"
688,12,2026,Qtr 2,May,29,"$171,16","$0,00"
694,0,2026,Qtr 1,March,6,"$0,00","$0,00"
694,1,2026,Qtr 1,March,13,"$499,90","$0,00"
694,2,2026,Qtr 1,March,20,"$499,90","$0,00"
694,3,2026,Qtr 1,March,27,"$499,90","$0,00"
694,4,2026,Qtr 2,April,3,"$499,90","$0,00"
694,5,2026,Qtr 2,April,10,"$499,90","$0,00"
694,6,2026,Qtr 2,April,17,"$499,90","$0,00"
694,7,2026,Qtr 2,April,24,"$499,90","$0,00"
694,8,2026,Qtr 2,May,1,"$499,90","$0,00"
694,9,2026,Qtr 2,May,8,"$499,90","$0,00"
694,10,2026,Qtr 2,May,15,"$499,90","$0,00"
694,11,2026,Qtr 2,May,22,"$499,90","$0,00"
694,12,2026,Qtr 2,May,29,"$499,90","$0,00"
695,0,2025,Qtr 4,November,14,"$380,00","$380,00"
695,1,2025,Qtr 4,November,21,"$341,90","$342,00"
695,2,2025,Qtr 4,November,28,"$341,90","$342,00"
695,3,2025,Qtr 4,December,5,"$341,90","$342,00"
695,4,2025,Qtr 4,December,12,"$341,90","$342,00"
695,5,2025,Qtr 4,December,19,"$341,90","$0,00"
695,6,2025,Qtr 4,December,26,"$341,90","$0,00"
695,7,2026,Qtr 1,January,2,"$341,90","$0,00"
695,8,2026,Qtr 1,January,9,"$341,90","$0,00"
695,9,2026,Qtr 1,January,16,"$341,90","$0,00"
695,10,2026,Qtr 1,January,23,"$341,90","$0,00"
695,11,2026,Qtr 1,January,30,"$341,90","$0,00"
695,12,2026,Qtr 1,February,6,"$341,90","$0,00"
695,13,2026,Qtr 1,February,13,"$341,90","$0,00"
695,14,2026,Qtr 1,February,20,"$341,90","$0,00"
695,15,2026,Qtr 1,February,27,"$341,90","$0,00"
697,0,2026,Qtr 1,March,7,"$799,00","$799,00"
697,1,2026,Qtr 1,March,14,"$320,00","$320,00"
697,2,2026,Qtr 1,March,21,"$320,00","$320,00"
697,3,2026,Qtr 1,March,28,"$320,00","$320,00"
697,4,2026,Qtr 2,April,4,"$320,00","$320,00"
697,5,2026,Qtr 2,April,11,"$320,00","$320,00"
697,6,2026,Qtr 2,April,18,"$320,00","$320,00"
697,7,2026,Qtr 2,April,25,"$320,00","$320,00"
697,8,2026,Qtr 2,May,2,"$320,00","$320,00"
697,9,2026,Qtr 2,May,9,"$320,00","$320,00"
697,10,2026,Qtr 2,May,16,"$320,00","$0,00"
697,11,2026,Qtr 2,May,23,"$320,00","$0,00"
697,12,2026,Qtr 2,May,30,"$320,00","$0,00"
698,0,2026,Qtr 1,March,10,"$624,00","$624,50"
698,1,2026,Qtr 1,March,17,"$134,29","$134,29"
698,2,2026,Qtr 1,March,24,"$134,29","$134,29"
698,3,2026,Qtr 1,March,31,"$134,29","$134,29"
698,4,2026,Qtr 2,April,7,"$134,29","$134,29"
698,5,2026,Qtr 2,April,14,"$134,29","$134,29"
698,6,2026,Qtr 2,April,21,"$134,29","$134,29"
698,7,2026,Qtr 2,April,28,"$134,29","$134,29"
698,8,2026,Qtr 2,May,5,"$134,29","$134,29"
698,9,2026,Qtr 2,May,12,"$134,29","$134,29"
698,10,2026,Qtr 2,May,19,"$134,29","$134,29"
698,11,2026,Qtr 2,May,26,"$134,29","$0,00"
698,12,2026,Qtr 2,June,2,"$134,29","$0,00"
702,0,2025,Qtr 2,May,3,"$999,00","$999,00"
702,1,2025,Qtr 2,May,10,"$230,00","$230,00"
702,2,2025,Qtr 2,May,17,"$230,00","$230,00"
702,3,2025,Qtr 2,May,24,"$230,00","$230,00"
702,4,2025,Qtr 2,May,31,"$230,00","$230,00"
702,5,2025,Qtr 2,June,7,"$230,00","$230,00"
702,6,2025,Qtr 2,June,14,"$230,00","$230,00"
702,7,2025,Qtr 2,June,21,"$230,00","$230,00"
702,8,2025,Qtr 2,June,28,"$230,00","$230,00"
702,9,2025,Qtr 3,July,5,"$230,00","$230,00"
702,10,2025,Qtr 3,July,12,"$230,00","$230,00"
702,11,2025,Qtr 3,July,19,"$230,00","$230,00"
702,12,2025,Qtr 3,July,26,"$230,00","$230,00"
702,13,2025,Qtr 3,August,2,"$230,00","$230,00"
702,14,2025,Qtr 3,August,9,"$230,00","$230,00"
702,15,2025,Qtr 3,August,16,"$230,00","$230,00"
702,16,2025,Qtr 3,August,23,"$230,00","$230,00"
702,17,2025,Qtr 3,August,30,"$230,00","$230,00"
702,18,2025,Qtr 3,September,6,"$230,00","$230,00"
702,19,2025,Qtr 3,September,13,"$230,00","$230,00"
702,20,2025,Qtr 3,September,20,"$230,00","$230,00"
702,21,2025,Qtr 3,September,27,"$230,00","$230,00"
702,22,2025,Qtr 4,October,4,"$230,00","$230,00"
702,23,2025,Qtr 4,October,11,"$230,00","$230,00"
702,24,2025,Qtr 4,October,18,"$230,00","$230,00"
702,25,2025,Qtr 4,October,25,"$230,00","$230,00"
702,26,2025,Qtr 4,November,1,"$230,00","$230,00"
702,27,2025,Qtr 4,November,8,"$230,00","$230,00"
702,28,2025,Qtr 4,November,15,"$230,00","$230,00"
702,29,2025,Qtr 4,November,22,"$230,00","$230,00"
702,30,2025,Qtr 4,November,29,"$230,00","$230,00"
702,31,2025,Qtr 4,December,6,"$230,00","$230,00"
702,32,2025,Qtr 4,December,13,"$230,00","$230,00"
702,33,2025,Qtr 4,December,20,"$230,00","$230,00"
702,34,2025,Qtr 4,December,27,"$230,00","$230,00"
702,35,2026,Qtr 1,January,3,"$230,00","$230,00"
702,36,2026,Qtr 1,January,10,"$230,00","$230,00"
702,37,2026,Qtr 1,January,17,"$230,00","$230,00"
702,38,2026,Qtr 1,January,24,"$230,00","$230,00"
702,39,2026,Qtr 1,January,31,"$230,00","$230,00"
702,40,2026,Qtr 1,February,7,"$230,00","$230,00"
702,41,2026,Qtr 1,February,14,"$230,00","$230,00"
702,42,2026,Qtr 1,February,21,"$230,00","$230,00"
702,43,2026,Qtr 1,February,28,"$230,00","$230,00"
703,0,2026,Qtr 1,March,13,"$0,00","$0,00"
703,1,2026,Qtr 1,March,20,"$248,44","$250,00"
703,2,2026,Qtr 1,March,27,"$248,44","$250,00"
703,3,2026,Qtr 2,April,3,"$248,44","$0,00"
703,4,2026,Qtr 2,April,10,"$248,44","$0,00"
703,5,2026,Qtr 2,April,17,"$248,44","$0,00"
703,6,2026,Qtr 2,April,24,"$248,44","$0,00"
703,7,2026,Qtr 2,May,1,"$248,44","$0,00"
703,8,2026,Qtr 2,May,8,"$248,44","$0,00"
703,9,2026,Qtr 2,May,15,"$248,44","$0,00"
703,10,2026,Qtr 2,May,22,"$248,44","$0,00"
703,11,2026,Qtr 2,May,29,"$248,44","$0,00"
704,0,2026,Qtr 1,March,16,"$799,00","$799,00"
704,1,2026,Qtr 1,March,23,"$320,00","$320,00"
704,2,2026,Qtr 1,March,30,"$320,00","$320,00"
704,3,2026,Qtr 2,April,6,"$320,00","$320,00"
704,4,2026,Qtr 2,April,13,"$320,00","$320,00"
704,5,2026,Qtr 2,April,20,"$320,00","$320,00"
704,6,2026,Qtr 2,April,27,"$320,00","$320,00"
704,7,2026,Qtr 2,May,4,"$320,00","$320,00"
704,8,2026,Qtr 2,May,11,"$320,00","$320,00"
704,9,2026,Qtr 2,May,18,"$320,00","$0,00"
704,10,2026,Qtr 2,May,25,"$320,00","$0,00"
704,11,2026,Qtr 2,June,1,"$320,00","$0,00"
707,0,2026,Qtr 1,March,25,"$0,00","$0,00"
707,1,2026,Qtr 2,April,1,"$216,26","$216,26"
707,2,2026,Qtr 2,April,8,"$216,26","$216,26"
707,3,2026,Qtr 2,April,15,"$216,26","$216,26"
707,4,2026,Qtr 2,April,22,"$216,26","$216,26"
707,5,2026,Qtr 2,April,29,"$216,26","$216,26"
707,6,2026,Qtr 2,May,6,"$216,26","$216,26"
707,7,2026,Qtr 2,May,13,"$216,26","$216,26"
707,8,2026,Qtr 2,May,20,"$216,26","$216,26"
707,9,2026,Qtr 2,May,27,"$216,26","$0,00"
707,10,2026,Qtr 2,June,3,"$216,26","$0,00"
708,0,2024,Qtr 4,December,23,"$0,00","$0,00"
708,1,2024,Qtr 4,December,30,"$314,95","$0,00"
708,2,2025,Qtr 1,January,6,"$314,95","$0,00"
708,3,2025,Qtr 1,January,13,"$314,95","$0,00"
708,4,2025,Qtr 1,January,20,"$314,95","$0,00"
708,5,2025,Qtr 1,January,27,"$314,95","$0,00"
708,6,2025,Qtr 1,February,3,"$314,95","$0,00"
708,7,2025,Qtr 1,February,10,"$314,95","$0,00"
708,8,2025,Qtr 1,February,17,"$314,95","$0,00"
708,9,2025,Qtr 1,February,24,"$314,95","$0,00"
708,10,2025,Qtr 1,March,3,"$314,95","$0,00"
708,11,2025,Qtr 1,March,10,"$314,95","$0,00"
708,12,2025,Qtr 1,March,17,"$314,95","$0,00"
708,13,2025,Qtr 1,March,24,"$314,95","$0,00"
708,14,2025,Qtr 1,March,31,"$314,95","$0,00"
708,15,2025,Qtr 2,April,7,"$314,95","$0,00"
708,16,2025,Qtr 2,April,14,"$314,95","$0,00"
708,17,2025,Qtr 2,April,21,"$314,95","$0,00"
708,18,2025,Qtr 2,April,28,"$314,95","$0,00"
708,19,2025,Qtr 2,May,5,"$314,95","$0,00"
708,20,2025,Qtr 2,May,12,"$314,95","$0,00"
711,0,2026,Qtr 1,March,24,"$0,00","$0,00"
711,1,2026,Qtr 1,March,31,"$391,24","$391,24"
711,2,2026,Qtr 2,April,7,"$391,24","$391,24"
711,3,2026,Qtr 2,April,14,"$391,24","$391,24"
711,4,2026,Qtr 2,April,21,"$391,24","$391,24"
711,5,2026,Qtr 2,April,28,"$391,24","$391,24"
711,6,2026,Qtr 2,May,5,"$391,24","$391,24"
711,7,2026,Qtr 2,May,12,"$391,24","$391,24"
711,8,2026,Qtr 2,May,19,"$391,24","$0,00"
711,9,2026,Qtr 2,May,26,"$391,24","$0,00"
711,10,2026,Qtr 2,June,2,"$391,24","$0,00"
712,0,2025,Qtr 4,November,18,"$1099,00","$1099,00"
712,1,2025,Qtr 4,November,25,"$250,00","$250,00"
712,2,2025,Qtr 4,December,2,"$250,00","$250,00"
712,3,2025,Qtr 4,December,9,"$250,00","$250,00"
712,4,2025,Qtr 4,December,16,"$250,00","$250,00"
712,5,2025,Qtr 4,December,23,"$250,00","$250,00"
712,6,2025,Qtr 4,December,30,"$250,00","$250,00"
712,7,2026,Qtr 1,January,6,"$250,00","$250,00"
712,8,2026,Qtr 1,January,13,"$250,00","$0,00"
712,9,2026,Qtr 1,January,20,"$250,00","$0,00"
712,10,2026,Qtr 1,January,27,"$250,00","$0,00"
712,11,2026,Qtr 1,February,3,"$250,00","$0,00"
712,12,2026,Qtr 1,February,10,"$250,00","$0,00"
712,13,2026,Qtr 1,February,17,"$250,00","$0,00"
712,14,2026,Qtr 1,February,24,"$250,00","$0,00"
712,15,2026,Qtr 1,March,3,"$250,00","$0,00"
712,16,2026,Qtr 1,March,10,"$250,00","$0,00"
712,17,2026,Qtr 1,March,17,"$250,00","$0,00"
712,18,2026,Qtr 1,March,24,"$250,00","$0,00"
712,19,2026,Qtr 1,March,31,"$250,00","$0,00"
712,20,2026,Qtr 2,April,7,"$250,00","$0,00"
713,0,2026,Qtr 1,March,26,"$0,00","$0,00"
713,1,2026,Qtr 2,April,2,"$355,77","$356,00"
713,2,2026,Qtr 2,April,9,"$355,77","$355,77"
713,3,2026,Qtr 2,April,16,"$355,77","$356,00"
713,4,2026,Qtr 2,April,23,"$355,77","$355,77"
713,5,2026,Qtr 2,April,30,"$355,77","$355,77"
713,6,2026,Qtr 2,May,7,"$355,77","$355,77"
713,7,2026,Qtr 2,May,14,"$355,77","$355,77"
713,8,2026,Qtr 2,May,21,"$355,77","$0,00"
713,9,2026,Qtr 2,May,28,"$355,77","$0,00"
714,0,2026,Qtr 1,March,25,"$0,00","$0,00"
714,1,2026,Qtr 2,April,1,"$216,26","$216,26"
714,2,2026,Qtr 2,April,8,"$216,26","$216,26"
714,3,2026,Qtr 2,April,15,"$216,26","$216,26"
714,4,2026,Qtr 2,April,22,"$216,26","$216,26"
714,5,2026,Qtr 2,April,29,"$216,26","$216,26"
714,6,2026,Qtr 2,May,6,"$216,26","$0,00"
714,7,2026,Qtr 2,May,13,"$216,26","$0,00"
714,8,2026,Qtr 2,May,20,"$216,26","$0,00"
714,9,2026,Qtr 2,May,27,"$216,26","$0,00"
714,10,2026,Qtr 2,June,3,"$216,26","$0,00"
716,0,2026,Qtr 1,March,27,"$0,00","$0,00"
716,1,2026,Qtr 2,April,3,"$549,90","$549,90"
716,2,2026,Qtr 2,April,10,"$549,90","$0,00"
716,3,2026,Qtr 2,April,17,"$549,90","$0,00"
716,4,2026,Qtr 2,April,24,"$549,90","$0,00"
716,5,2026,Qtr 2,May,1,"$549,90","$0,00"
716,6,2026,Qtr 2,May,8,"$549,90","$0,00"
716,7,2026,Qtr 2,May,15,"$549,90","$0,00"
716,8,2026,Qtr 2,May,22,"$549,90","$0,00"
716,9,2026,Qtr 2,May,29,"$549,90","$0,00"
720,0,2026,Qtr 1,March,30,"$0,00","$0,00"
720,1,2026,Qtr 2,April,6,"$391,24","$391,24"
720,2,2026,Qtr 2,April,13,"$391,24","$391,24"
720,3,2026,Qtr 2,April,20,"$391,24","$391,24"
720,4,2026,Qtr 2,April,27,"$391,24","$391,24"
720,5,2026,Qtr 2,May,4,"$391,24","$391,24"
720,6,2026,Qtr 2,May,11,"$391,24","$391,24"
720,7,2026,Qtr 2,May,18,"$391,24","$391,24"
720,8,2026,Qtr 2,May,25,"$391,24","$391,24"
720,9,2026,Qtr 2,June,1,"$391,24","$0,00"
722,0,2024,Qtr 3,July,25,"$700,00","$700,00"
722,1,2024,Qtr 3,August,1,"$347,62","$348,00"
722,2,2024,Qtr 3,August,8,"$347,62","$348,00"
722,3,2024,Qtr 3,August,15,"$347,62","$348,00"
722,4,2024,Qtr 3,August,22,"$347,62","$348,00"
722,5,2024,Qtr 3,August,29,"$347,62","$348,00"
722,6,2024,Qtr 3,September,5,"$347,62","$348,00"
722,7,2024,Qtr 3,September,12,"$347,62","$348,00"
722,8,2024,Qtr 3,September,19,"$347,62","$348,00"
722,9,2024,Qtr 3,September,26,"$347,62","$348,00"
722,10,2024,Qtr 4,October,3,"$347,62","$348,00"
722,11,2024,Qtr 4,October,10,"$347,62","$348,00"
722,12,2024,Qtr 4,October,17,"$347,62","$348,00"
722,13,2024,Qtr 4,October,24,"$347,62","$348,00"
722,14,2024,Qtr 4,October,31,"$347,62","$348,00"
722,15,2024,Qtr 4,November,7,"$347,62","$348,00"
722,16,2024,Qtr 4,November,14,"$347,62","$348,00"
722,17,2024,Qtr 4,November,21,"$347,62","$348,00"
722,18,2024,Qtr 4,November,28,"$347,62","$348,00"
722,19,2024,Qtr 4,December,5,"$347,62","$348,00"
722,20,2024,Qtr 4,December,12,"$347,62","$348,00"
722,21,2024,Qtr 4,December,19,"$347,62","$348,00"
722,22,2024,Qtr 4,December,26,"$347,62","$348,00"
722,23,2025,Qtr 1,January,2,"$347,62","$348,00"
722,24,2025,Qtr 1,January,9,"$347,62","$348,00"
722,25,2025,Qtr 1,January,16,"$347,62","$348,00"
722,26,2025,Qtr 1,January,23,"$347,62","$348,00"
722,27,2025,Qtr 1,January,30,"$347,62","$348,00"
722,28,2025,Qtr 1,February,6,"$347,62","$348,00"
722,29,2025,Qtr 1,February,13,"$347,62","$348,00"
722,30,2025,Qtr 1,February,20,"$347,62","$348,00"
722,31,2025,Qtr 1,February,27,"$347,62","$348,00"
722,32,2025,Qtr 1,March,6,"$347,62","$348,00"
722,33,2025,Qtr 1,March,13,"$347,62","$348,00"
722,34,2025,Qtr 1,March,20,"$347,62","$348,00"
722,35,2025,Qtr 1,March,27,"$347,62","$348,00"
722,36,2025,Qtr 2,April,3,"$347,62","$348,00"
722,37,2025,Qtr 2,April,10,"$347,62","$348,00"
722,38,2025,Qtr 2,April,17,"$347,62","$348,00"
722,39,2025,Qtr 2,April,24,"$347,62","$348,00"
722,40,2025,Qtr 2,May,1,"$347,62","$348,00"
722,41,2025,Qtr 2,May,8,"$347,62","$348,00"
722,42,2025,Qtr 2,May,15,"$347,62","$348,00"
722,43,2025,Qtr 2,May,22,"$347,62","$331,70"
723,0,2026,Qtr 2,April,1,"$0,00","$0,00"
723,1,2026,Qtr 2,April,8,"$328,10","$328,10"
723,2,2026,Qtr 2,April,15,"$328,10","$0,00"
723,3,2026,Qtr 2,April,22,"$328,10","$0,00"
723,4,2026,Qtr 2,April,29,"$328,10","$0,00"
723,5,2026,Qtr 2,May,6,"$328,10","$0,00"
723,6,2026,Qtr 2,May,13,"$328,10","$0,00"
723,7,2026,Qtr 2,May,20,"$328,10","$0,00"
723,8,2026,Qtr 2,May,27,"$328,10","$0,00"
723,9,2026,Qtr 2,June,3,"$328,10","$0,00"
724,0,2026,Qtr 2,April,2,"$999,00","$999,00"
724,1,2026,Qtr 2,April,9,"$230,00","$230,00"
724,2,2026,Qtr 2,April,16,"$230,00","$230,00"
724,3,2026,Qtr 2,April,23,"$230,00","$230,00"
724,4,2026,Qtr 2,April,30,"$230,00","$230,00"
724,5,2026,Qtr 2,May,7,"$230,00","$230,00"
724,6,2026,Qtr 2,May,14,"$230,00","$230,00"
724,7,2026,Qtr 2,May,21,"$230,00","$0,00"
724,8,2026,Qtr 2,May,28,"$230,00","$0,00"
727,0,2026,Qtr 2,April,10,"$0,00","$0,00"
727,1,2026,Qtr 2,April,17,"$217,40","$217,40"
727,2,2026,Qtr 2,April,24,"$217,40","$217,40"
727,3,2026,Qtr 2,May,1,"$217,40","$217,40"
727,4,2026,Qtr 2,May,8,"$217,40","$217,40"
727,5,2026,Qtr 2,May,15,"$217,40","$217,40"
727,6,2026,Qtr 2,May,22,"$217,40","$217,40"
727,7,2026,Qtr 2,May,29,"$217,40","$0,00"
730,0,2026,Qtr 2,April,12,"$0,00","$0,00"
730,1,2026,Qtr 2,April,19,"$879,90","$879,90"
730,2,2026,Qtr 2,April,26,"$879,90","$879,90"
730,3,2026,Qtr 2,May,3,"$879,90","$879,90"
730,4,2026,Qtr 2,May,10,"$879,90","$0,00"
730,5,2026,Qtr 2,May,17,"$879,90","$0,00"
730,6,2026,Qtr 2,May,24,"$879,90","$0,00"
730,7,2026,Qtr 2,May,31,"$879,90","$0,00"
732,0,2026,Qtr 2,April,13,"$0,00","$0,00"
732,1,2026,Qtr 2,April,20,"$255,79","$255,79"
732,2,2026,Qtr 2,April,27,"$255,79","$255,79"
732,3,2026,Qtr 2,May,4,"$255,79","$255,79"
732,4,2026,Qtr 2,May,11,"$255,79","$0,00"
732,5,2026,Qtr 2,May,18,"$255,79","$0,00"
732,6,2026,Qtr 2,May,25,"$255,79","$0,00"
732,7,2026,Qtr 2,June,1,"$255,79","$0,00"
733,0,2025,Qtr 4,November,5,"$624,00","$624,50"
733,1,2025,Qtr 4,November,12,"$355,35","$356,00"
733,2,2025,Qtr 4,November,19,"$355,35","$356,00"
733,3,2025,Qtr 4,November,26,"$355,35","$356,00"
733,4,2025,Qtr 4,December,3,"$355,35","$356,00"
733,5,2025,Qtr 4,December,10,"$355,35","$356,00"
733,6,2025,Qtr 4,December,17,"$355,35","$356,00"
733,7,2025,Qtr 4,December,24,"$355,35","$356,00"
733,8,2025,Qtr 4,December,31,"$355,35","$356,00"
733,9,2026,Qtr 1,January,7,"$355,35","$356,00"
733,10,2026,Qtr 1,January,14,"$355,35","$356,00"
733,11,2026,Qtr 1,January,21,"$355,35","$355,35"
733,12,2026,Qtr 1,January,28,"$355,35","$355,35"
733,13,2026,Qtr 1,February,4,"$355,35","$356,00"
733,14,2026,Qtr 1,February,11,"$355,35","$356,00"
733,15,2026,Qtr 1,February,18,"$355,35","$356,00"
733,16,2026,Qtr 1,February,25,"$355,35","$356,00"
733,17,2026,Qtr 1,March,4,"$355,35","$355,35"
733,18,2026,Qtr 1,March,11,"$355,35","$355,35"
733,19,2026,Qtr 1,March,18,"$355,35","$355,35"
733,20,2026,Qtr 1,March,25,"$355,35","$355,35"
733,21,2026,Qtr 2,April,1,"$355,35","$355,35"
733,22,2026,Qtr 2,April,8,"$355,35","$355,35"
733,23,2026,Qtr 2,April,15,"$355,35","$355,35"
733,24,2026,Qtr 2,April,22,"$355,35","$355,35"
733,25,2026,Qtr 2,April,29,"$355,35","$0,00"
733,26,2026,Qtr 2,May,6,"$355,35","$0,00"
734,0,2026,Qtr 2,April,15,"$1249,00","$1249,00"
734,1,2026,Qtr 2,April,22,"$227,33","$227,33"
734,2,2026,Qtr 2,April,29,"$227,33","$227,33"
734,3,2026,Qtr 2,May,6,"$227,33","$227,33"
734,4,2026,Qtr 2,May,13,"$227,33","$227,33"
734,5,2026,Qtr 2,May,20,"$227,33","$227,33"
734,6,2026,Qtr 2,May,27,"$227,33","$0,00"
734,7,2026,Qtr 2,June,3,"$227,33","$0,00"
740,0,2026,Qtr 2,April,20,"$0,00","$0,00"
740,1,2026,Qtr 2,April,27,"$639,90","$640,10"
740,2,2026,Qtr 2,May,4,"$639,90","$639,90"
740,3,2026,Qtr 2,May,11,"$639,90","$639,90"
740,4,2026,Qtr 2,May,18,"$639,90","$639,90"
740,5,2026,Qtr 2,May,25,"$639,90","$0,00"
740,6,2026,Qtr 2,June,1,"$639,90","$0,00"
746,0,2026,Qtr 2,April,25,"$0,00","$0,00"
746,1,2026,Qtr 2,May,2,"$317,58","$317,58"
746,2,2026,Qtr 2,May,9,"$317,58","$317,58"
746,3,2026,Qtr 2,May,16,"$317,58","$0,00"
746,4,2026,Qtr 2,May,23,"$317,58","$0,00"
746,5,2026,Qtr 2,May,30,"$317,58","$0,00"
747,0,2026,Qtr 2,April,29,"$0,00","$0,00"
747,1,2026,Qtr 2,May,6,"$355,77","$356,00"
747,2,2026,Qtr 2,May,13,"$355,77","$355,77"
747,3,2026,Qtr 2,May,20,"$355,77","$355,77"
747,4,2026,Qtr 2,May,27,"$355,77","$0,00"
747,5,2026,Qtr 2,June,3,"$355,77","$0,00"
748,0,2026,Qtr 2,April,30,"$799,00","$799,00"
748,1,2026,Qtr 2,May,7,"$320,00","$0,00"
748,2,2026,Qtr 2,May,14,"$320,00","$0,00"
748,3,2026,Qtr 2,May,21,"$320,00","$0,00"
748,4,2026,Qtr 2,May,28,"$320,00","$0,00"
749,0,2026,Qtr 2,May,1,"$1249,00","$1249,00"
749,1,2026,Qtr 2,May,8,"$133,72","$133,72"
749,2,2026,Qtr 2,May,15,"$133,72","$133,72"
749,3,2026,Qtr 2,May,22,"$133,72","$0,00"
749,4,2026,Qtr 2,May,29,"$133,72","$0,00"
751,0,2026,Qtr 2,May,3,"$0,00","$0,00"
751,1,2026,Qtr 2,May,10,"$355,77","$355,77"
751,2,2026,Qtr 2,May,17,"$355,77","$0,00"
751,3,2026,Qtr 2,May,24,"$355,77","$0,00"
751,4,2026,Qtr 2,May,31,"$355,77","$0,00"
752,0,2026,Qtr 2,May,6,"$0,00","$0,00"
752,1,2026,Qtr 2,May,13,"$328,10","$328,10"
752,2,2026,Qtr 2,May,20,"$328,10","$328,10"
752,3,2026,Qtr 2,May,27,"$328,10","$0,00"
752,4,2026,Qtr 2,June,3,"$328,10","$0,00"
753,0,2026,Qtr 2,May,6,"$999,00","$999,00"
753,1,2026,Qtr 2,May,13,"$258,00","$0,00"
753,2,2026,Qtr 2,May,20,"$258,00","$0,00"
753,3,2026,Qtr 2,May,27,"$258,00","$0,00"
753,4,2026,Qtr 2,June,3,"$258,00","$0,00"
762,0,2026,Qtr 2,May,7,"$999,00","$430,00"
762,1,2026,Qtr 2,May,14,"$430,00","$999,00"
762,2,2026,Qtr 2,May,21,"$430,00","$0,00"
762,3,2026,Qtr 2,May,28,"$430,00","$0,00"
763,0,2026,Qtr 2,May,8,"$0,00","$0,00"
763,1,2026,Qtr 2,May,15,"$220,91","$220,91"
763,2,2026,Qtr 2,May,22,"$220,91","$222,00"
763,3,2026,Qtr 2,May,29,"$220,91","$222,00"
764,0,2026,Qtr 2,May,8,"$0,00","$0,00"
764,1,2026,Qtr 2,May,15,"$209,28","$209,28"
764,2,2026,Qtr 2,May,22,"$209,28","$209,28"
764,3,2026,Qtr 2,May,29,"$209,28","$210,00"
765,0,2026,Qtr 2,May,15,"$0,00","$0,00"
765,1,2026,Qtr 2,May,22,"$356,86","$356,86"
765,2,2026,Qtr 2,May,29,"$356,86","$356,86"
766,0,2026,Qtr 2,May,10,"$0,00","$0,00"
766,1,2026,Qtr 2,May,17,"$949,90","$949,90"
766,2,2026,Qtr 2,May,24,"$949,90","$949,90"
766,3,2026,Qtr 2,May,31,"$949,90","$0,00"
767,0,2026,Qtr 2,May,10,"$750,00","$749,50"
767,1,2026,Qtr 2,May,17,"$366,12","$366,12"
767,2,2026,Qtr 2,May,24,"$366,12","$0,00"
767,3,2026,Qtr 2,May,31,"$366,12","$0,00"
769,0,2026,Qtr 2,May,12,"$0,00","$0,00"
769,1,2026,Qtr 2,May,19,"$375,54","$375,54"
769,2,2026,Qtr 2,May,26,"$375,54","$375,54"
769,3,2026,Qtr 2,June,2,"$375,54","$0,00"
772,0,2026,Qtr 2,May,13,"$799,00","$799,00"
772,1,2026,Qtr 2,May,20,"$233,85","$0,00"
772,2,2026,Qtr 2,May,27,"$233,85","$0,00"
772,3,2026,Qtr 2,June,3,"$233,85","$0,00"
779,0,2026,Qtr 2,May,17,"$999,00","$999,00"
779,1,2026,Qtr 2,May,24,"$230,00","$230,00"
779,2,2026,Qtr 2,May,31,"$230,00","$0,00"
781,0,2026,Qtr 2,May,19,"$0,00","$0,00"
781,1,2026,Qtr 2,May,26,"$399,94","$0,00"
781,2,2026,Qtr 2,June,2,"$399,94","$0,00"
784,0,2026,Qtr 2,May,20,"$0,00","$0,00"
784,1,2026,Qtr 2,May,27,"$264,84","$0,00"
784,2,2026,Qtr 2,June,3,"$264,84","$0,00"
791,0,2026,Qtr 2,May,25,"$799,00","$799,00"
791,1,2026,Qtr 2,June,1,"$233,85","$0,00"
